component,context,state,kind,subkind,requirement,threshold,ratio,verdict,project_bar_3,element,fg_token,fg_rendered,bg_token,bg_rendered,font_px,font_weight,large,count,fg_chain,bg_chain,path,text
accordion,light,default,non-text,border,informational,,1.23,INFO,FAIL,onyx-accordion border,--ui-accordion-border,#e2e8f0,--ui-color-surface,#ffffff,,,,2,--ui-accordion-border → --ui-color-border → --ui-slate-200 → #e2e8f0,--ui-color-surface → --ui-white → #ffffff,onyx-accordion.ui-accordion,
accordion,light,default,non-text,border-b,informational,,1.23,INFO,FAIL,onyx-accordion › onyx-accordion-item.ui-accordion-item border-b,--ui-accordion-border,#e2e8f0,--ui-color-surface,#ffffff,,,,3,--ui-accordion-border → --ui-color-border → --ui-slate-200 → #e2e8f0,--ui-color-surface → --ui-white → #ffffff,onyx-accordion-item.ui-accordion-item,
accordion,light,default,text,text,required,4.5,17.85,PASS,PASS,onyx-accordion › span.ui-accordion-item__label,--ui-accordion-header-text,#0f172a,--ui-color-surface,#ffffff,16,600,false,5,--ui-accordion-header-text → --ui-color-text → --ui-slate-900 → #0f172a,--ui-color-surface → --ui-white → #ffffff,onyx-accordion-item.ui-accordion-item > h3.ui-accordion-item__heading > button.ui-accordion-item__trigger > span.ui-accordion-item__label,Shipping
accordion,light,default,text,text,required,4.5,17.85,PASS,PASS,onyx-accordion › span.ui-accordion-item__icon,--ui-accordion-header-text,#0f172a,--ui-color-surface,#ffffff,16,600,false,5,--ui-accordion-header-text → --ui-color-text → --ui-slate-900 → #0f172a,--ui-color-surface → --ui-white → #ffffff,onyx-accordion-item.ui-accordion-item > h3.ui-accordion-item__heading > button.ui-accordion-item__trigger > span.ui-accordion-item__icon,›
accordion,light,default,text,text,required,4.5,17.85,PASS,PASS,onyx-accordion › div.ui-accordion-item__body,--ui-accordion-panel-text,#0f172a,--ui-color-surface,#ffffff,15,400,false,5,--ui-accordion-panel-text → --ui-color-text → --ui-slate-900 → #0f172a,--ui-color-surface → --ui-white → #ffffff,onyx-accordion-item.ui-accordion-item > div.ui-accordion-item__panel > div.ui-accordion-item__body,"Free over $50, 2–4 business days."
accordion,light,focus,non-text,focus-ring,required,3,5.17,PASS,PASS,onyx-accordion › button.ui-accordion-item__trigger focus-ring/box-shadow,--ui-focus-ring,#2563eb,--ui-color-surface,#ffffff,,,,1,--ui-focus-ring → --ui-color-primary → --ui-blue-500 → #2563eb,--ui-color-surface → --ui-white → #ffffff,onyx-accordion-item.ui-accordion-item > h3.ui-accordion-item__heading > button.ui-accordion-item__trigger,
accordion,light,hover,text,text,required,4.5,16.4,PASS,PASS,onyx-accordion › span.ui-accordion-item__label,--ui-accordion-header-text,#0f172a,--ui-accordion-header-bg-hover,#eff6ff,16,600,false,1,--ui-accordion-header-text → --ui-color-text → --ui-slate-900 → #0f172a,--ui-accordion-header-bg-hover → --ui-color-surface-hover → --ui-blue-50 → #eff6ff,onyx-accordion-item.ui-accordion-item > h3.ui-accordion-item__heading > button.ui-accordion-item__trigger > span.ui-accordion-item__label,Shipping
accordion,light,hover,text,text,required,4.5,16.4,PASS,PASS,onyx-accordion › span.ui-accordion-item__icon,--ui-accordion-header-text,#0f172a,--ui-accordion-header-bg-hover,#eff6ff,16,600,false,1,--ui-accordion-header-text → --ui-color-text → --ui-slate-900 → #0f172a,--ui-accordion-header-bg-hover → --ui-color-surface-hover → --ui-blue-50 → #eff6ff,onyx-accordion-item.ui-accordion-item > h3.ui-accordion-item__heading > button.ui-accordion-item__trigger > span.ui-accordion-item__icon,›
accordion,light,hover,non-text,box,informational,,1.09,INFO,FAIL,onyx-accordion › button.ui-accordion-item__trigger box,--ui-accordion-header-bg-hover,#eff6ff,--ui-color-surface,#ffffff,,,,1,--ui-accordion-header-bg-hover → --ui-color-surface-hover → --ui-blue-50 → #eff6ff,--ui-color-surface → --ui-white → #ffffff,onyx-accordion-item.ui-accordion-item > h3.ui-accordion-item__heading > button.ui-accordion-item__trigger,
accordion,dark,default,non-text,border,informational,,1.72,INFO,FAIL,onyx-accordion border,--ui-accordion-border,#334155,--ui-color-surface,#0f172a,,,,2,--ui-accordion-border → --ui-color-border → --ui-slate-700 → #334155,--ui-color-surface → --ui-slate-900 → #0f172a,onyx-accordion.ui-accordion,
accordion,dark,default,non-text,border-b,informational,,1.72,INFO,FAIL,onyx-accordion › onyx-accordion-item.ui-accordion-item border-b,--ui-accordion-border,#334155,--ui-color-surface,#0f172a,,,,3,--ui-accordion-border → --ui-color-border → --ui-slate-700 → #334155,--ui-color-surface → --ui-slate-900 → #0f172a,onyx-accordion-item.ui-accordion-item,
accordion,dark,default,text,text,required,4.5,17.06,PASS,PASS,onyx-accordion › span.ui-accordion-item__label,--ui-accordion-header-text,#f8fafc,--ui-color-surface,#0f172a,16,600,false,5,--ui-accordion-header-text → --ui-color-text → --ui-slate-50 → #f8fafc,--ui-color-surface → --ui-slate-900 → #0f172a,onyx-accordion-item.ui-accordion-item > h3.ui-accordion-item__heading > button.ui-accordion-item__trigger > span.ui-accordion-item__label,Shipping
accordion,dark,default,text,text,required,4.5,17.06,PASS,PASS,onyx-accordion › span.ui-accordion-item__icon,--ui-accordion-header-text,#f8fafc,--ui-color-surface,#0f172a,16,600,false,5,--ui-accordion-header-text → --ui-color-text → --ui-slate-50 → #f8fafc,--ui-color-surface → --ui-slate-900 → #0f172a,onyx-accordion-item.ui-accordion-item > h3.ui-accordion-item__heading > button.ui-accordion-item__trigger > span.ui-accordion-item__icon,›
accordion,dark,default,text,text,required,4.5,17.06,PASS,PASS,onyx-accordion › div.ui-accordion-item__body,--ui-accordion-panel-text,#f8fafc,--ui-color-surface,#0f172a,15,400,false,5,--ui-accordion-panel-text → --ui-color-text → --ui-slate-50 → #f8fafc,--ui-color-surface → --ui-slate-900 → #0f172a,onyx-accordion-item.ui-accordion-item > div.ui-accordion-item__panel > div.ui-accordion-item__body,"Free over $50, 2–4 business days."
accordion,dark,focus,non-text,focus-ring,required,3,9.29,PASS,PASS,onyx-accordion › button.ui-accordion-item__trigger focus-ring/box-shadow,--ui-focus-ring,#34d399,--ui-color-surface,#0f172a,,,,1,--ui-focus-ring → --ui-emerald-400 → #34d399,--ui-color-surface → --ui-slate-900 → #0f172a,onyx-accordion-item.ui-accordion-item > h3.ui-accordion-item__heading > button.ui-accordion-item__trigger,
accordion,dark,hover,text,text,required,4.5,13.98,PASS,PASS,onyx-accordion › span.ui-accordion-item__label,--ui-accordion-header-text,#f8fafc,--ui-accordion-header-bg-hover,#1e293b,16,600,false,1,--ui-accordion-header-text → --ui-color-text → --ui-slate-50 → #f8fafc,--ui-accordion-header-bg-hover → --ui-color-surface-hover → --ui-slate-800 → #1e293b,onyx-accordion-item.ui-accordion-item > h3.ui-accordion-item__heading > button.ui-accordion-item__trigger > span.ui-accordion-item__label,Shipping
accordion,dark,hover,text,text,required,4.5,13.98,PASS,PASS,onyx-accordion › span.ui-accordion-item__icon,--ui-accordion-header-text,#f8fafc,--ui-accordion-header-bg-hover,#1e293b,16,600,false,1,--ui-accordion-header-text → --ui-color-text → --ui-slate-50 → #f8fafc,--ui-accordion-header-bg-hover → --ui-color-surface-hover → --ui-slate-800 → #1e293b,onyx-accordion-item.ui-accordion-item > h3.ui-accordion-item__heading > button.ui-accordion-item__trigger > span.ui-accordion-item__icon,›
accordion,dark,hover,non-text,box,informational,,1.22,INFO,FAIL,onyx-accordion › button.ui-accordion-item__trigger box,--ui-accordion-header-bg-hover,#1e293b,--ui-color-surface,#0f172a,,,,1,--ui-accordion-header-bg-hover → --ui-color-surface-hover → --ui-slate-800 → #1e293b,--ui-color-surface → --ui-slate-900 → #0f172a,onyx-accordion-item.ui-accordion-item > h3.ui-accordion-item__heading > button.ui-accordion-item__trigger,
accordion,acme,default,non-text,border,informational,,1.23,INFO,FAIL,onyx-accordion border,--ui-accordion-border,#e2e8f0,--ui-color-surface,#ffffff,,,,2,--ui-accordion-border → --ui-color-border → --ui-slate-200 → #e2e8f0,--ui-color-surface → --ui-white → #ffffff,onyx-accordion.ui-accordion,
accordion,acme,default,non-text,border-b,informational,,1.23,INFO,FAIL,onyx-accordion › onyx-accordion-item.ui-accordion-item border-b,--ui-accordion-border,#e2e8f0,--ui-color-surface,#ffffff,,,,3,--ui-accordion-border → --ui-color-border → --ui-slate-200 → #e2e8f0,--ui-color-surface → --ui-white → #ffffff,onyx-accordion-item.ui-accordion-item,
accordion,acme,default,text,text,required,4.5,17.85,PASS,PASS,onyx-accordion › span.ui-accordion-item__label,--ui-accordion-header-text,#0f172a,--ui-color-surface,#ffffff,16,600,false,5,--ui-accordion-header-text → --ui-color-text → --ui-slate-900 → #0f172a,--ui-color-surface → --ui-white → #ffffff,onyx-accordion-item.ui-accordion-item > h3.ui-accordion-item__heading > button.ui-accordion-item__trigger > span.ui-accordion-item__label,Shipping
accordion,acme,default,text,text,required,4.5,17.85,PASS,PASS,onyx-accordion › span.ui-accordion-item__icon,--ui-accordion-header-text,#0f172a,--ui-color-surface,#ffffff,16,600,false,5,--ui-accordion-header-text → --ui-color-text → --ui-slate-900 → #0f172a,--ui-color-surface → --ui-white → #ffffff,onyx-accordion-item.ui-accordion-item > h3.ui-accordion-item__heading > button.ui-accordion-item__trigger > span.ui-accordion-item__icon,›
accordion,acme,default,text,text,required,4.5,17.85,PASS,PASS,onyx-accordion › div.ui-accordion-item__body,--ui-accordion-panel-text,#0f172a,--ui-color-surface,#ffffff,15,400,false,5,--ui-accordion-panel-text → --ui-color-text → --ui-slate-900 → #0f172a,--ui-color-surface → --ui-white → #ffffff,onyx-accordion-item.ui-accordion-item > div.ui-accordion-item__panel > div.ui-accordion-item__body,"Free over $50, 2–4 business days."
accordion,acme,focus,non-text,focus-ring,required,3,4.23,PASS,PASS,onyx-accordion › button.ui-accordion-item__trigger focus-ring/box-shadow,--ui-focus-ring,#8b5cf6,--ui-color-surface,#ffffff,,,,1,--ui-focus-ring → #8b5cf6,--ui-color-surface → --ui-white → #ffffff,onyx-accordion-item.ui-accordion-item > h3.ui-accordion-item__heading > button.ui-accordion-item__trigger,
accordion,acme,hover,text,text,required,4.5,16.4,PASS,PASS,onyx-accordion › span.ui-accordion-item__label,--ui-accordion-header-text,#0f172a,--ui-accordion-header-bg-hover,#eff6ff,16,600,false,1,--ui-accordion-header-text → --ui-color-text → --ui-slate-900 → #0f172a,--ui-accordion-header-bg-hover → --ui-color-surface-hover → --ui-blue-50 → #eff6ff,onyx-accordion-item.ui-accordion-item > h3.ui-accordion-item__heading > button.ui-accordion-item__trigger > span.ui-accordion-item__label,Shipping
accordion,acme,hover,text,text,required,4.5,16.4,PASS,PASS,onyx-accordion › span.ui-accordion-item__icon,--ui-accordion-header-text,#0f172a,--ui-accordion-header-bg-hover,#eff6ff,16,600,false,1,--ui-accordion-header-text → --ui-color-text → --ui-slate-900 → #0f172a,--ui-accordion-header-bg-hover → --ui-color-surface-hover → --ui-blue-50 → #eff6ff,onyx-accordion-item.ui-accordion-item > h3.ui-accordion-item__heading > button.ui-accordion-item__trigger > span.ui-accordion-item__icon,›
accordion,acme,hover,non-text,box,informational,,1.09,INFO,FAIL,onyx-accordion › button.ui-accordion-item__trigger box,--ui-accordion-header-bg-hover,#eff6ff,--ui-color-surface,#ffffff,,,,1,--ui-accordion-header-bg-hover → --ui-color-surface-hover → --ui-blue-50 → #eff6ff,--ui-color-surface → --ui-white → #ffffff,onyx-accordion-item.ui-accordion-item > h3.ui-accordion-item__heading > button.ui-accordion-item__trigger,
alert,light,default,non-text,border,informational,,6.7,INFO,PASS,onyx-alert.ui-alert--info › div.ui-alert__container border,--ui-alert-info-border,#1d4ed8,--ui-color-surface,#ffffff,,,,2,--ui-alert-info-border → --ui-color-info-border → --ui-blue-600 → #1d4ed8,--ui-color-surface → --ui-white → #ffffff,onyx-alert.ui-alert.ui-alert--info > div.ui-alert__container,
alert,light,default,non-text,border-vs-own-bg,informational,,6.16,INFO,PASS,onyx-alert.ui-alert--info › div.ui-alert__container border/inner,--ui-alert-info-border,#1d4ed8,--ui-alert-info-bg,#eff6ff,,,,2,--ui-alert-info-border → --ui-color-info-border → --ui-blue-600 → #1d4ed8,--ui-alert-info-bg → --ui-color-info-bg → --ui-blue-50 → #eff6ff,onyx-alert.ui-alert.ui-alert--info > div.ui-alert__container,
alert,light,default,non-text,box,informational,,1.09,INFO,FAIL,onyx-alert.ui-alert--info › div.ui-alert__container box,--ui-alert-info-bg,#eff6ff,--ui-color-surface,#ffffff,,,,2,--ui-alert-info-bg → --ui-color-info-bg → --ui-blue-50 → #eff6ff,--ui-color-surface → --ui-white → #ffffff,onyx-alert.ui-alert.ui-alert--info > div.ui-alert__container,
alert,light,default,text,text,required,4.5,8.01,PASS,PASS,onyx-alert.ui-alert--info › span.ui-alert__body,--ui-alert-info-text,#1e40af,--ui-alert-info-bg,#eff6ff,16,400,false,2,--ui-alert-info-text → --ui-color-info-text → --ui-blue-700 → #1e40af,--ui-alert-info-bg → --ui-color-info-bg → --ui-blue-50 → #eff6ff,onyx-alert.ui-alert.ui-alert--info > div.ui-alert__container > span.ui-alert__body,An informational message.
alert,light,default,non-text,border,informational,,3.3,INFO,PASS,onyx-alert.ui-alert--success › div.ui-alert__container border,--ui-alert-success-border,#16a34a,--ui-color-surface,#ffffff,,,,1,--ui-alert-success-border → --ui-color-success-border → --ui-green-600 → #16a34a,--ui-color-surface → --ui-white → #ffffff,onyx-alert.ui-alert.ui-alert--success > div.ui-alert__container,
alert,light,default,non-text,border-vs-own-bg,informational,,3.15,INFO,PASS,onyx-alert.ui-alert--success › div.ui-alert__container border/inner,--ui-alert-success-border,#16a34a,--ui-alert-success-bg,#f0fdf4,,,,1,--ui-alert-success-border → --ui-color-success-border → --ui-green-600 → #16a34a,--ui-alert-success-bg → --ui-color-success-bg → --ui-green-50 → #f0fdf4,onyx-alert.ui-alert.ui-alert--success > div.ui-alert__container,
alert,light,default,non-text,box,informational,,1.05,INFO,FAIL,onyx-alert.ui-alert--success › div.ui-alert__container box,--ui-alert-success-bg,#f0fdf4,--ui-color-surface,#ffffff,,,,1,--ui-alert-success-bg → --ui-color-success-bg → --ui-green-50 → #f0fdf4,--ui-color-surface → --ui-white → #ffffff,onyx-alert.ui-alert.ui-alert--success > div.ui-alert__container,
alert,light,default,text,text,required,4.5,4.79,PASS,PASS,onyx-alert.ui-alert--success › span.ui-alert__body,--ui-alert-success-text,#15803d,--ui-alert-success-bg,#f0fdf4,16,400,false,1,--ui-alert-success-text → --ui-color-success-text → --ui-green-700 → #15803d,--ui-alert-success-bg → --ui-color-success-bg → --ui-green-50 → #f0fdf4,onyx-alert.ui-alert.ui-alert--success > div.ui-alert__container > span.ui-alert__body,It worked.
alert,light,default,non-text,border,informational,,2.94,INFO,FAIL,onyx-alert.ui-alert--warning › div.ui-alert__container border,--ui-alert-warning-border,#ca8a04,--ui-color-surface,#ffffff,,,,1,--ui-alert-warning-border → --ui-color-warning-border → --ui-yellow-600 → #ca8a04,--ui-color-surface → --ui-white → #ffffff,onyx-alert.ui-alert.ui-alert--warning > div.ui-alert__container,
alert,light,default,non-text,border-vs-own-bg,informational,,2.84,INFO,FAIL,onyx-alert.ui-alert--warning › div.ui-alert__container border/inner,--ui-alert-warning-border,#ca8a04,--ui-alert-warning-bg,#fefce8,,,,1,--ui-alert-warning-border → --ui-color-warning-border → --ui-yellow-600 → #ca8a04,--ui-alert-warning-bg → --ui-color-warning-bg → --ui-yellow-50 → #fefce8,onyx-alert.ui-alert.ui-alert--warning > div.ui-alert__container,
alert,light,default,non-text,box,informational,,1.03,INFO,FAIL,onyx-alert.ui-alert--warning › div.ui-alert__container box,--ui-alert-warning-bg,#fefce8,--ui-color-surface,#ffffff,,,,1,--ui-alert-warning-bg → --ui-color-warning-bg → --ui-yellow-50 → #fefce8,--ui-color-surface → --ui-white → #ffffff,onyx-alert.ui-alert.ui-alert--warning > div.ui-alert__container,
alert,light,default,text,text,required,4.5,6.62,PASS,PASS,onyx-alert.ui-alert--warning › span.ui-alert__body,--ui-alert-warning-text,#854d0e,--ui-alert-warning-bg,#fefce8,16,400,false,1,--ui-alert-warning-text → --ui-color-warning-text → --ui-yellow-800 → #854d0e,--ui-alert-warning-bg → --ui-color-warning-bg → --ui-yellow-50 → #fefce8,onyx-alert.ui-alert.ui-alert--warning > div.ui-alert__container > span.ui-alert__body,Careful now.
alert,light,default,non-text,border,informational,,4.83,INFO,PASS,onyx-alert.ui-alert--danger › div.ui-alert__container border,--ui-alert-danger-border,#dc2626,--ui-color-surface,#ffffff,,,,1,--ui-alert-danger-border → --ui-color-danger-border → --ui-red-600 → #dc2626,--ui-color-surface → --ui-white → #ffffff,onyx-alert.ui-alert.ui-alert--danger > div.ui-alert__container,
alert,light,default,non-text,border-vs-own-bg,informational,,4.41,INFO,PASS,onyx-alert.ui-alert--danger › div.ui-alert__container border/inner,--ui-alert-danger-border,#dc2626,--ui-alert-danger-bg,#fef2f2,,,,1,--ui-alert-danger-border → --ui-color-danger-border → --ui-red-600 → #dc2626,--ui-alert-danger-bg → --ui-color-danger-bg → --ui-red-50 → #fef2f2,onyx-alert.ui-alert.ui-alert--danger > div.ui-alert__container,
alert,light,default,non-text,box,informational,,1.09,INFO,FAIL,onyx-alert.ui-alert--danger › div.ui-alert__container box,--ui-alert-danger-bg,#fef2f2,--ui-color-surface,#ffffff,,,,1,--ui-alert-danger-bg → --ui-color-danger-bg → --ui-red-50 → #fef2f2,--ui-color-surface → --ui-white → #ffffff,onyx-alert.ui-alert.ui-alert--danger > div.ui-alert__container,
alert,light,default,text,text,required,4.5,5.91,PASS,PASS,onyx-alert.ui-alert--danger › span.ui-alert__body,--ui-alert-danger-text,#b91c1c,--ui-alert-danger-bg,#fef2f2,16,400,false,1,--ui-alert-danger-text → --ui-color-danger-text → --ui-red-700 → #b91c1c,--ui-alert-danger-bg → --ui-color-danger-bg → --ui-red-50 → #fef2f2,onyx-alert.ui-alert.ui-alert--danger > div.ui-alert__container > span.ui-alert__body,Something broke.
alert,light,default,text,text,required,4.5,8.01,PASS,PASS,onyx-alert.ui-alert--info › span,--ui-alert-info-text,#1e40af,--ui-alert-info-bg,#eff6ff,18,400,false,1,--ui-alert-info-text → --ui-color-info-text → --ui-blue-700 → #1e40af,--ui-alert-info-bg → --ui-color-info-bg → --ui-blue-50 → #eff6ff,onyx-alert.ui-alert.ui-alert--info > div.ui-alert__container > button.ui-alert__dismiss > span,×
alert,light,focus,non-text,focus-ring,required,3,4.75,PASS,PASS,onyx-alert.ui-alert--info › button.ui-alert__dismiss focus-ring/box-shadow,--ui-focus-ring,#2563eb,--ui-alert-info-bg,#eff6ff,,,,1,--ui-focus-ring → --ui-color-primary → --ui-blue-500 → #2563eb,--ui-alert-info-bg → --ui-color-info-bg → --ui-blue-50 → #eff6ff,onyx-alert.ui-alert.ui-alert--info > div.ui-alert__container > button.ui-alert__dismiss,
alert,light,hover,text,text,required,4.5,8.01,PASS,PASS,onyx-alert.ui-alert--info › span,--ui-alert-info-text,#1e40af,--ui-alert-info-bg,#eff6ff,18,400,false,1,--ui-alert-info-text → --ui-color-info-text → --ui-blue-700 → #1e40af,--ui-alert-info-bg → --ui-color-info-bg → --ui-blue-50 → #eff6ff,onyx-alert.ui-alert.ui-alert--info > div.ui-alert__container > button.ui-alert__dismiss > span,×
alert,dark,default,non-text,border,informational,,2.66,INFO,FAIL,onyx-alert.ui-alert--info › div.ui-alert__container border,--ui-alert-info-border,#1d4ed8,--ui-color-surface,#0f172a,,,,2,--ui-alert-info-border → --ui-color-info-border → --ui-blue-600 → #1d4ed8,--ui-color-surface → --ui-slate-900 → #0f172a,onyx-alert.ui-alert.ui-alert--info > div.ui-alert__container,
alert,dark,default,non-text,border-vs-own-bg,informational,,2.18,INFO,FAIL,onyx-alert.ui-alert--info › div.ui-alert__container border/inner,--ui-alert-info-border,#1d4ed8,--ui-alert-info-bg,#1e293b,,,,2,--ui-alert-info-border → --ui-color-info-border → --ui-blue-600 → #1d4ed8,--ui-alert-info-bg → --ui-color-info-bg → --ui-blue-50 → #eff6ff,onyx-alert.ui-alert.ui-alert--info > div.ui-alert__container,
alert,dark,default,non-text,box,informational,,1.22,INFO,FAIL,onyx-alert.ui-alert--info › div.ui-alert__container box,--ui-alert-info-bg,#1e293b,--ui-color-surface,#0f172a,,,,2,--ui-alert-info-bg → --ui-color-info-bg → --ui-blue-50 → #eff6ff,--ui-color-surface → --ui-slate-900 → #0f172a,onyx-alert.ui-alert.ui-alert--info > div.ui-alert__container,
alert,dark,default,text,text,required,4.5,3.98,FAIL,PASS,onyx-alert.ui-alert--info › span.ui-alert__body,--ui-alert-info-text,#3b82f6,--ui-alert-info-bg,#1e293b,16,400,false,2,--ui-alert-info-text → --ui-color-info-text → --ui-blue-400 → #3b82f6,--ui-alert-info-bg → --ui-color-info-bg → --ui-blue-50 → #eff6ff,onyx-alert.ui-alert.ui-alert--info > div.ui-alert__container > span.ui-alert__body,An informational message.
alert,dark,default,non-text,border,informational,,5.42,INFO,PASS,onyx-alert.ui-alert--success › div.ui-alert__container border,--ui-alert-success-border,#16a34a,--ui-color-surface,#0f172a,,,,1,--ui-alert-success-border → --ui-color-success-border → --ui-green-600 → #16a34a,--ui-color-surface → --ui-slate-900 → #0f172a,onyx-alert.ui-alert.ui-alert--success > div.ui-alert__container,
alert,dark,default,non-text,border-vs-own-bg,informational,,4.44,INFO,PASS,onyx-alert.ui-alert--success › div.ui-alert__container border/inner,--ui-alert-success-border,#16a34a,--ui-alert-success-bg,#1e293b,,,,1,--ui-alert-success-border → --ui-color-success-border → --ui-green-600 → #16a34a,--ui-alert-success-bg → --ui-color-success-bg → --ui-slate-800 → #1e293b,onyx-alert.ui-alert.ui-alert--success > div.ui-alert__container,
alert,dark,default,non-text,box,informational,,1.22,INFO,FAIL,onyx-alert.ui-alert--success › div.ui-alert__container box,--ui-alert-success-bg,#1e293b,--ui-color-surface,#0f172a,,,,1,--ui-alert-success-bg → --ui-color-success-bg → --ui-slate-800 → #1e293b,--ui-color-surface → --ui-slate-900 → #0f172a,onyx-alert.ui-alert.ui-alert--success > div.ui-alert__container,
alert,dark,default,text,text,required,4.5,8.4,PASS,PASS,onyx-alert.ui-alert--success › span.ui-alert__body,--ui-alert-success-text,#4ade80,--ui-alert-success-bg,#1e293b,16,400,false,1,--ui-alert-success-text → --ui-color-success-text → --ui-green-400 → #4ade80,--ui-alert-success-bg → --ui-color-success-bg → --ui-slate-800 → #1e293b,onyx-alert.ui-alert.ui-alert--success > div.ui-alert__container > span.ui-alert__body,It worked.
alert,dark,default,non-text,border,informational,,8.31,INFO,PASS,onyx-alert.ui-alert--warning › div.ui-alert__container border,--ui-alert-warning-border,#f59e0b,--ui-color-surface,#0f172a,,,,1,--ui-alert-warning-border → --ui-color-warning-border → --ui-amber-500 → #f59e0b,--ui-color-surface → --ui-slate-900 → #0f172a,onyx-alert.ui-alert.ui-alert--warning > div.ui-alert__container,
alert,dark,default,non-text,border-vs-own-bg,informational,,6.81,INFO,PASS,onyx-alert.ui-alert--warning › div.ui-alert__container border/inner,--ui-alert-warning-border,#f59e0b,--ui-alert-warning-bg,#1e293b,,,,1,--ui-alert-warning-border → --ui-color-warning-border → --ui-amber-500 → #f59e0b,--ui-alert-warning-bg → --ui-color-warning-bg → --ui-slate-800 → #1e293b,onyx-alert.ui-alert.ui-alert--warning > div.ui-alert__container,
alert,dark,default,non-text,box,informational,,1.22,INFO,FAIL,onyx-alert.ui-alert--warning › div.ui-alert__container box,--ui-alert-warning-bg,#1e293b,--ui-color-surface,#0f172a,,,,1,--ui-alert-warning-bg → --ui-color-warning-bg → --ui-slate-800 → #1e293b,--ui-color-surface → --ui-slate-900 → #0f172a,onyx-alert.ui-alert.ui-alert--warning > div.ui-alert__container,
alert,dark,default,text,text,required,4.5,8.76,PASS,PASS,onyx-alert.ui-alert--warning › span.ui-alert__body,--ui-alert-warning-text,#fbbf24,--ui-alert-warning-bg,#1e293b,16,400,false,1,--ui-alert-warning-text → --ui-color-warning-text → --ui-amber-400 → #fbbf24,--ui-alert-warning-bg → --ui-color-warning-bg → --ui-slate-800 → #1e293b,onyx-alert.ui-alert.ui-alert--warning > div.ui-alert__container > span.ui-alert__body,Careful now.
alert,dark,default,non-text,border,informational,,3.7,INFO,PASS,onyx-alert.ui-alert--danger › div.ui-alert__container border,--ui-alert-danger-border,#dc2626,--ui-color-surface,#0f172a,,,,1,--ui-alert-danger-border → --ui-color-danger-border → --ui-red-600 → #dc2626,--ui-color-surface → --ui-slate-900 → #0f172a,onyx-alert.ui-alert.ui-alert--danger > div.ui-alert__container,
alert,dark,default,non-text,border-vs-own-bg,informational,,3.03,INFO,PASS,onyx-alert.ui-alert--danger › div.ui-alert__container border/inner,--ui-alert-danger-border,#dc2626,--ui-alert-danger-bg,#1e293b,,,,1,--ui-alert-danger-border → --ui-color-danger-border → --ui-red-600 → #dc2626,--ui-alert-danger-bg → --ui-color-danger-bg → --ui-slate-800 → #1e293b,onyx-alert.ui-alert.ui-alert--danger > div.ui-alert__container,
alert,dark,default,non-text,box,informational,,1.22,INFO,FAIL,onyx-alert.ui-alert--danger › div.ui-alert__container box,--ui-alert-danger-bg,#1e293b,--ui-color-surface,#0f172a,,,,1,--ui-alert-danger-bg → --ui-color-danger-bg → --ui-slate-800 → #1e293b,--ui-color-surface → --ui-slate-900 → #0f172a,onyx-alert.ui-alert.ui-alert--danger > div.ui-alert__container,
alert,dark,default,text,text,required,4.5,5.29,PASS,PASS,onyx-alert.ui-alert--danger › span.ui-alert__body,--ui-alert-danger-text,#f87171,--ui-alert-danger-bg,#1e293b,16,400,false,1,--ui-alert-danger-text → --ui-color-danger-text → --ui-red-400 → #f87171,--ui-alert-danger-bg → --ui-color-danger-bg → --ui-slate-800 → #1e293b,onyx-alert.ui-alert.ui-alert--danger > div.ui-alert__container > span.ui-alert__body,Something broke.
alert,dark,default,text,text,required,4.5,3.98,FAIL,PASS,onyx-alert.ui-alert--info › span,--ui-alert-info-text,#3b82f6,--ui-alert-info-bg,#1e293b,18,400,false,1,--ui-alert-info-text → --ui-color-info-text → --ui-blue-400 → #3b82f6,--ui-alert-info-bg → --ui-color-info-bg → --ui-blue-50 → #eff6ff,onyx-alert.ui-alert.ui-alert--info > div.ui-alert__container > button.ui-alert__dismiss > span,×
alert,dark,focus,non-text,focus-ring,required,3,7.61,PASS,PASS,onyx-alert.ui-alert--info › button.ui-alert__dismiss focus-ring/box-shadow,--ui-focus-ring,#34d399,--ui-alert-info-bg,#1e293b,,,,1,--ui-focus-ring → --ui-emerald-400 → #34d399,--ui-alert-info-bg → --ui-color-info-bg → --ui-blue-50 → #eff6ff,onyx-alert.ui-alert.ui-alert--info > div.ui-alert__container > button.ui-alert__dismiss,
alert,dark,hover,text,text,required,4.5,3.98,FAIL,PASS,onyx-alert.ui-alert--info › span,--ui-alert-info-text,#3b82f6,--ui-alert-info-bg,#1e293b,18,400,false,1,--ui-alert-info-text → --ui-color-info-text → --ui-blue-400 → #3b82f6,--ui-alert-info-bg → --ui-color-info-bg → --ui-blue-50 → #eff6ff,onyx-alert.ui-alert.ui-alert--info > div.ui-alert__container > button.ui-alert__dismiss > span,×
alert,acme,default,non-text,border,informational,,6.7,INFO,PASS,onyx-alert.ui-alert--info › div.ui-alert__container border,--ui-alert-info-border,#1d4ed8,--ui-color-surface,#ffffff,,,,2,--ui-alert-info-border → --ui-color-info-border → --ui-blue-600 → #1d4ed8,--ui-color-surface → --ui-white → #ffffff,onyx-alert.ui-alert.ui-alert--info > div.ui-alert__container,
alert,acme,default,non-text,border-vs-own-bg,informational,,6.16,INFO,PASS,onyx-alert.ui-alert--info › div.ui-alert__container border/inner,--ui-alert-info-border,#1d4ed8,--ui-alert-info-bg,#eff6ff,,,,2,--ui-alert-info-border → --ui-color-info-border → --ui-blue-600 → #1d4ed8,--ui-alert-info-bg → --ui-color-info-bg → --ui-blue-50 → #eff6ff,onyx-alert.ui-alert.ui-alert--info > div.ui-alert__container,
alert,acme,default,non-text,box,informational,,1.09,INFO,FAIL,onyx-alert.ui-alert--info › div.ui-alert__container box,--ui-alert-info-bg,#eff6ff,--ui-color-surface,#ffffff,,,,2,--ui-alert-info-bg → --ui-color-info-bg → --ui-blue-50 → #eff6ff,--ui-color-surface → --ui-white → #ffffff,onyx-alert.ui-alert.ui-alert--info > div.ui-alert__container,
alert,acme,default,text,text,required,4.5,8.01,PASS,PASS,onyx-alert.ui-alert--info › span.ui-alert__body,--ui-alert-info-text,#1e40af,--ui-alert-info-bg,#eff6ff,16,400,false,2,--ui-alert-info-text → --ui-color-info-text → --ui-blue-700 → #1e40af,--ui-alert-info-bg → --ui-color-info-bg → --ui-blue-50 → #eff6ff,onyx-alert.ui-alert.ui-alert--info > div.ui-alert__container > span.ui-alert__body,An informational message.
alert,acme,default,non-text,border,informational,,3.3,INFO,PASS,onyx-alert.ui-alert--success › div.ui-alert__container border,--ui-alert-success-border,#16a34a,--ui-color-surface,#ffffff,,,,1,--ui-alert-success-border → --ui-color-success-border → --ui-green-600 → #16a34a,--ui-color-surface → --ui-white → #ffffff,onyx-alert.ui-alert.ui-alert--success > div.ui-alert__container,
alert,acme,default,non-text,border-vs-own-bg,informational,,3.15,INFO,PASS,onyx-alert.ui-alert--success › div.ui-alert__container border/inner,--ui-alert-success-border,#16a34a,--ui-alert-success-bg,#f0fdf4,,,,1,--ui-alert-success-border → --ui-color-success-border → --ui-green-600 → #16a34a,--ui-alert-success-bg → --ui-color-success-bg → --ui-green-50 → #f0fdf4,onyx-alert.ui-alert.ui-alert--success > div.ui-alert__container,
alert,acme,default,non-text,box,informational,,1.05,INFO,FAIL,onyx-alert.ui-alert--success › div.ui-alert__container box,--ui-alert-success-bg,#f0fdf4,--ui-color-surface,#ffffff,,,,1,--ui-alert-success-bg → --ui-color-success-bg → --ui-green-50 → #f0fdf4,--ui-color-surface → --ui-white → #ffffff,onyx-alert.ui-alert.ui-alert--success > div.ui-alert__container,
alert,acme,default,text,text,required,4.5,4.79,PASS,PASS,onyx-alert.ui-alert--success › span.ui-alert__body,--ui-alert-success-text,#15803d,--ui-alert-success-bg,#f0fdf4,16,400,false,1,--ui-alert-success-text → --ui-color-success-text → --ui-green-700 → #15803d,--ui-alert-success-bg → --ui-color-success-bg → --ui-green-50 → #f0fdf4,onyx-alert.ui-alert.ui-alert--success > div.ui-alert__container > span.ui-alert__body,It worked.
alert,acme,default,non-text,border,informational,,2.94,INFO,FAIL,onyx-alert.ui-alert--warning › div.ui-alert__container border,--ui-alert-warning-border,#ca8a04,--ui-color-surface,#ffffff,,,,1,--ui-alert-warning-border → --ui-color-warning-border → --ui-yellow-600 → #ca8a04,--ui-color-surface → --ui-white → #ffffff,onyx-alert.ui-alert.ui-alert--warning > div.ui-alert__container,
alert,acme,default,non-text,border-vs-own-bg,informational,,2.84,INFO,FAIL,onyx-alert.ui-alert--warning › div.ui-alert__container border/inner,--ui-alert-warning-border,#ca8a04,--ui-alert-warning-bg,#fefce8,,,,1,--ui-alert-warning-border → --ui-color-warning-border → --ui-yellow-600 → #ca8a04,--ui-alert-warning-bg → --ui-color-warning-bg → --ui-yellow-50 → #fefce8,onyx-alert.ui-alert.ui-alert--warning > div.ui-alert__container,
alert,acme,default,non-text,box,informational,,1.03,INFO,FAIL,onyx-alert.ui-alert--warning › div.ui-alert__container box,--ui-alert-warning-bg,#fefce8,--ui-color-surface,#ffffff,,,,1,--ui-alert-warning-bg → --ui-color-warning-bg → --ui-yellow-50 → #fefce8,--ui-color-surface → --ui-white → #ffffff,onyx-alert.ui-alert.ui-alert--warning > div.ui-alert__container,
alert,acme,default,text,text,required,4.5,6.62,PASS,PASS,onyx-alert.ui-alert--warning › span.ui-alert__body,--ui-alert-warning-text,#854d0e,--ui-alert-warning-bg,#fefce8,16,400,false,1,--ui-alert-warning-text → --ui-color-warning-text → --ui-yellow-800 → #854d0e,--ui-alert-warning-bg → --ui-color-warning-bg → --ui-yellow-50 → #fefce8,onyx-alert.ui-alert.ui-alert--warning > div.ui-alert__container > span.ui-alert__body,Careful now.
alert,acme,default,non-text,border,informational,,4.83,INFO,PASS,onyx-alert.ui-alert--danger › div.ui-alert__container border,--ui-alert-danger-border,#dc2626,--ui-color-surface,#ffffff,,,,1,--ui-alert-danger-border → --ui-color-danger-border → --ui-red-600 → #dc2626,--ui-color-surface → --ui-white → #ffffff,onyx-alert.ui-alert.ui-alert--danger > div.ui-alert__container,
alert,acme,default,non-text,border-vs-own-bg,informational,,4.41,INFO,PASS,onyx-alert.ui-alert--danger › div.ui-alert__container border/inner,--ui-alert-danger-border,#dc2626,--ui-alert-danger-bg,#fef2f2,,,,1,--ui-alert-danger-border → --ui-color-danger-border → --ui-red-600 → #dc2626,--ui-alert-danger-bg → --ui-color-danger-bg → --ui-red-50 → #fef2f2,onyx-alert.ui-alert.ui-alert--danger > div.ui-alert__container,
alert,acme,default,non-text,box,informational,,1.09,INFO,FAIL,onyx-alert.ui-alert--danger › div.ui-alert__container box,--ui-alert-danger-bg,#fef2f2,--ui-color-surface,#ffffff,,,,1,--ui-alert-danger-bg → --ui-color-danger-bg → --ui-red-50 → #fef2f2,--ui-color-surface → --ui-white → #ffffff,onyx-alert.ui-alert.ui-alert--danger > div.ui-alert__container,
alert,acme,default,text,text,required,4.5,5.91,PASS,PASS,onyx-alert.ui-alert--danger › span.ui-alert__body,--ui-alert-danger-text,#b91c1c,--ui-alert-danger-bg,#fef2f2,16,400,false,1,--ui-alert-danger-text → --ui-color-danger-text → --ui-red-700 → #b91c1c,--ui-alert-danger-bg → --ui-color-danger-bg → --ui-red-50 → #fef2f2,onyx-alert.ui-alert.ui-alert--danger > div.ui-alert__container > span.ui-alert__body,Something broke.
alert,acme,default,text,text,required,4.5,8.01,PASS,PASS,onyx-alert.ui-alert--info › span,--ui-alert-info-text,#1e40af,--ui-alert-info-bg,#eff6ff,18,400,false,1,--ui-alert-info-text → --ui-color-info-text → --ui-blue-700 → #1e40af,--ui-alert-info-bg → --ui-color-info-bg → --ui-blue-50 → #eff6ff,onyx-alert.ui-alert.ui-alert--info > div.ui-alert__container > button.ui-alert__dismiss > span,×
alert,acme,focus,non-text,focus-ring,required,3,3.89,PASS,PASS,onyx-alert.ui-alert--info › button.ui-alert__dismiss focus-ring/box-shadow,--ui-focus-ring,#8b5cf6,--ui-alert-info-bg,#eff6ff,,,,1,--ui-focus-ring → #8b5cf6,--ui-alert-info-bg → --ui-color-info-bg → --ui-blue-50 → #eff6ff,onyx-alert.ui-alert.ui-alert--info > div.ui-alert__container > button.ui-alert__dismiss,
alert,acme,hover,text,text,required,4.5,8.01,PASS,PASS,onyx-alert.ui-alert--info › span,--ui-alert-info-text,#1e40af,--ui-alert-info-bg,#eff6ff,18,400,false,1,--ui-alert-info-text → --ui-color-info-text → --ui-blue-700 → #1e40af,--ui-alert-info-bg → --ui-color-info-bg → --ui-blue-50 → #eff6ff,onyx-alert.ui-alert.ui-alert--info > div.ui-alert__container > button.ui-alert__dismiss > span,×
avatar,light,default,non-text,box,informational,,1.1,INFO,FAIL,onyx-avatar box,--ui-avatar-bg,#f1f5f9,--ui-color-surface,#ffffff,,,,3,--ui-avatar-bg → --ui-color-neutral-surface → --ui-slate-100 → #f1f5f9,--ui-color-surface → --ui-white → #ffffff,onyx-avatar.ui-avatar,
avatar,light,default,text,text,required,4.5,9.45,PASS,PASS,onyx-avatar › span.ui-avatar__initials,--ui-avatar-text,#334155,--ui-avatar-bg,#f1f5f9,16,600,false,3,--ui-avatar-text → --ui-color-neutral → --ui-slate-700 → #334155,--ui-avatar-bg → --ui-color-neutral-surface → --ui-slate-100 → #f1f5f9,onyx-avatar.ui-avatar > span.ui-avatar__initials,AL
avatar,light,default,non-text,box,informational,,1.1,INFO,FAIL,onyx-avatar.ui-avatar--square box,--ui-avatar-bg,#f1f5f9,--ui-color-surface,#ffffff,,,,1,--ui-avatar-bg → --ui-color-neutral-surface → --ui-slate-100 → #f1f5f9,--ui-color-surface → --ui-white → #ffffff,onyx-avatar.ui-avatar.ui-avatar--square,
avatar,light,default,text,text,required,4.5,9.45,PASS,PASS,onyx-avatar.ui-avatar--square › span.ui-avatar__initials,--ui-avatar-text,#334155,--ui-avatar-bg,#f1f5f9,16,600,false,1,--ui-avatar-text → --ui-color-neutral → --ui-slate-700 → #334155,--ui-avatar-bg → --ui-color-neutral-surface → --ui-slate-100 → #f1f5f9,onyx-avatar.ui-avatar.ui-avatar--square > span.ui-avatar__initials,AT
avatar,light,default,non-text,box,informational,,1.1,INFO,FAIL,onyx-avatar.ui-avatar--sm box,--ui-avatar-bg,#f1f5f9,--ui-color-surface,#ffffff,,,,1,--ui-avatar-bg → --ui-color-neutral-surface → --ui-slate-100 → #f1f5f9,--ui-color-surface → --ui-white → #ffffff,onyx-avatar.ui-avatar.ui-avatar--sm,
avatar,light,default,text,text,required,4.5,9.45,PASS,PASS,onyx-avatar.ui-avatar--sm › span.ui-avatar__initials,--ui-avatar-text,#334155,--ui-avatar-bg,#f1f5f9,14,600,false,1,--ui-avatar-text → --ui-color-neutral → --ui-slate-700 → #334155,--ui-avatar-bg → --ui-color-neutral-surface → --ui-slate-100 → #f1f5f9,onyx-avatar.ui-avatar.ui-avatar--sm > span.ui-avatar__initials,AL
avatar,light,default,non-text,box,informational,,1.1,INFO,FAIL,onyx-avatar.ui-avatar--lg box,--ui-avatar-bg,#f1f5f9,--ui-color-surface,#ffffff,,,,1,--ui-avatar-bg → --ui-color-neutral-surface → --ui-slate-100 → #f1f5f9,--ui-color-surface → --ui-white → #ffffff,onyx-avatar.ui-avatar.ui-avatar--lg,
avatar,light,default,text,text,required,4.5,9.45,PASS,PASS,onyx-avatar.ui-avatar--lg › span.ui-avatar__initials,--ui-avatar-text,#334155,--ui-avatar-bg,#f1f5f9,18,600,false,1,--ui-avatar-text → --ui-color-neutral → --ui-slate-700 → #334155,--ui-avatar-bg → --ui-color-neutral-surface → --ui-slate-100 → #f1f5f9,onyx-avatar.ui-avatar.ui-avatar--lg > span.ui-avatar__initials,AL
avatar,dark,default,non-text,box,informational,,1.22,INFO,FAIL,onyx-avatar box,--ui-avatar-bg,#1e293b,--ui-color-surface,#0f172a,,,,3,--ui-avatar-bg → --ui-color-neutral-surface → --ui-slate-800 → #1e293b,--ui-color-surface → --ui-slate-900 → #0f172a,onyx-avatar.ui-avatar,
avatar,dark,default,text,text,required,4.5,13.98,PASS,PASS,onyx-avatar › span.ui-avatar__initials,--ui-avatar-text,#f8fafc,--ui-avatar-bg,#1e293b,16,600,false,3,--ui-avatar-text → --ui-color-neutral → --ui-slate-50 → #f8fafc,--ui-avatar-bg → --ui-color-neutral-surface → --ui-slate-800 → #1e293b,onyx-avatar.ui-avatar > span.ui-avatar__initials,AL
avatar,dark,default,non-text,box,informational,,1.22,INFO,FAIL,onyx-avatar.ui-avatar--square box,--ui-avatar-bg,#1e293b,--ui-color-surface,#0f172a,,,,1,--ui-avatar-bg → --ui-color-neutral-surface → --ui-slate-800 → #1e293b,--ui-color-surface → --ui-slate-900 → #0f172a,onyx-avatar.ui-avatar.ui-avatar--square,
avatar,dark,default,text,text,required,4.5,13.98,PASS,PASS,onyx-avatar.ui-avatar--square › span.ui-avatar__initials,--ui-avatar-text,#f8fafc,--ui-avatar-bg,#1e293b,16,600,false,1,--ui-avatar-text → --ui-color-neutral → --ui-slate-50 → #f8fafc,--ui-avatar-bg → --ui-color-neutral-surface → --ui-slate-800 → #1e293b,onyx-avatar.ui-avatar.ui-avatar--square > span.ui-avatar__initials,AT
avatar,dark,default,non-text,box,informational,,1.22,INFO,FAIL,onyx-avatar.ui-avatar--sm box,--ui-avatar-bg,#1e293b,--ui-color-surface,#0f172a,,,,1,--ui-avatar-bg → --ui-color-neutral-surface → --ui-slate-800 → #1e293b,--ui-color-surface → --ui-slate-900 → #0f172a,onyx-avatar.ui-avatar.ui-avatar--sm,
avatar,dark,default,text,text,required,4.5,13.98,PASS,PASS,onyx-avatar.ui-avatar--sm › span.ui-avatar__initials,--ui-avatar-text,#f8fafc,--ui-avatar-bg,#1e293b,14,600,false,1,--ui-avatar-text → --ui-color-neutral → --ui-slate-50 → #f8fafc,--ui-avatar-bg → --ui-color-neutral-surface → --ui-slate-800 → #1e293b,onyx-avatar.ui-avatar.ui-avatar--sm > span.ui-avatar__initials,AL
avatar,dark,default,non-text,box,informational,,1.22,INFO,FAIL,onyx-avatar.ui-avatar--lg box,--ui-avatar-bg,#1e293b,--ui-color-surface,#0f172a,,,,1,--ui-avatar-bg → --ui-color-neutral-surface → --ui-slate-800 → #1e293b,--ui-color-surface → --ui-slate-900 → #0f172a,onyx-avatar.ui-avatar.ui-avatar--lg,
avatar,dark,default,text,text,required,4.5,13.98,PASS,PASS,onyx-avatar.ui-avatar--lg › span.ui-avatar__initials,--ui-avatar-text,#f8fafc,--ui-avatar-bg,#1e293b,18,600,false,1,--ui-avatar-text → --ui-color-neutral → --ui-slate-50 → #f8fafc,--ui-avatar-bg → --ui-color-neutral-surface → --ui-slate-800 → #1e293b,onyx-avatar.ui-avatar.ui-avatar--lg > span.ui-avatar__initials,AL
avatar,acme,default,non-text,box,informational,,1.1,INFO,FAIL,onyx-avatar box,--ui-avatar-bg,#f1f5f9,--ui-color-surface,#ffffff,,,,3,--ui-avatar-bg → --ui-color-neutral-surface → --ui-slate-100 → #f1f5f9,--ui-color-surface → --ui-white → #ffffff,onyx-avatar.ui-avatar,
avatar,acme,default,text,text,required,4.5,9.45,PASS,PASS,onyx-avatar › span.ui-avatar__initials,--ui-avatar-text,#334155,--ui-avatar-bg,#f1f5f9,16,600,false,3,--ui-avatar-text → --ui-color-neutral → --ui-slate-700 → #334155,--ui-avatar-bg → --ui-color-neutral-surface → --ui-slate-100 → #f1f5f9,onyx-avatar.ui-avatar > span.ui-avatar__initials,AL
avatar,acme,default,non-text,box,informational,,1.1,INFO,FAIL,onyx-avatar.ui-avatar--square box,--ui-avatar-bg,#f1f5f9,--ui-color-surface,#ffffff,,,,1,--ui-avatar-bg → --ui-color-neutral-surface → --ui-slate-100 → #f1f5f9,--ui-color-surface → --ui-white → #ffffff,onyx-avatar.ui-avatar.ui-avatar--square,
avatar,acme,default,text,text,required,4.5,9.45,PASS,PASS,onyx-avatar.ui-avatar--square › span.ui-avatar__initials,--ui-avatar-text,#334155,--ui-avatar-bg,#f1f5f9,16,600,false,1,--ui-avatar-text → --ui-color-neutral → --ui-slate-700 → #334155,--ui-avatar-bg → --ui-color-neutral-surface → --ui-slate-100 → #f1f5f9,onyx-avatar.ui-avatar.ui-avatar--square > span.ui-avatar__initials,AT
avatar,acme,default,non-text,box,informational,,1.1,INFO,FAIL,onyx-avatar.ui-avatar--sm box,--ui-avatar-bg,#f1f5f9,--ui-color-surface,#ffffff,,,,1,--ui-avatar-bg → --ui-color-neutral-surface → --ui-slate-100 → #f1f5f9,--ui-color-surface → --ui-white → #ffffff,onyx-avatar.ui-avatar.ui-avatar--sm,
avatar,acme,default,text,text,required,4.5,9.45,PASS,PASS,onyx-avatar.ui-avatar--sm › span.ui-avatar__initials,--ui-avatar-text,#334155,--ui-avatar-bg,#f1f5f9,14,600,false,1,--ui-avatar-text → --ui-color-neutral → --ui-slate-700 → #334155,--ui-avatar-bg → --ui-color-neutral-surface → --ui-slate-100 → #f1f5f9,onyx-avatar.ui-avatar.ui-avatar--sm > span.ui-avatar__initials,AL
avatar,acme,default,non-text,box,informational,,1.1,INFO,FAIL,onyx-avatar.ui-avatar--lg box,--ui-avatar-bg,#f1f5f9,--ui-color-surface,#ffffff,,,,1,--ui-avatar-bg → --ui-color-neutral-surface → --ui-slate-100 → #f1f5f9,--ui-color-surface → --ui-white → #ffffff,onyx-avatar.ui-avatar.ui-avatar--lg,
avatar,acme,default,text,text,required,4.5,9.45,PASS,PASS,onyx-avatar.ui-avatar--lg › span.ui-avatar__initials,--ui-avatar-text,#334155,--ui-avatar-bg,#f1f5f9,18,600,false,1,--ui-avatar-text → --ui-color-neutral → --ui-slate-700 → #334155,--ui-avatar-bg → --ui-color-neutral-surface → --ui-slate-100 → #f1f5f9,onyx-avatar.ui-avatar.ui-avatar--lg > span.ui-avatar__initials,AL
badge,light,default,non-text,box,informational,,1.1,INFO,FAIL,span.ui-badge--neutral.ui-badge--md box,--ui-badge-neutral-bg,#f1f5f9,--ui-color-surface,#ffffff,,,,1,--ui-badge-neutral-bg → --ui-color-badge-neutral-bg → --ui-slate-100 → #f1f5f9,--ui-color-surface → --ui-white → #ffffff,onyx-badge > span.ui-badge.ui-badge--neutral,
badge,light,default,text,text,required,4.5,9.45,PASS,PASS,span.ui-badge--neutral.ui-badge--md › span.ui-badge__label,--ui-badge-neutral-text,#334155,--ui-badge-neutral-bg,#f1f5f9,16,600,false,1,--ui-badge-neutral-text → --ui-color-badge-neutral-text → --ui-slate-700 → #334155,--ui-badge-neutral-bg → --ui-color-badge-neutral-bg → --ui-slate-100 → #f1f5f9,onyx-badge > span.ui-badge.ui-badge--neutral > span.ui-badge__label,Neutral
badge,light,default,non-text,box,informational,,1.22,INFO,FAIL,span.ui-badge--info.ui-badge--md box,--ui-badge-info-bg,#dbeafe,--ui-color-surface,#ffffff,,,,1,--ui-badge-info-bg → --ui-color-badge-info-bg → --ui-blue-100 → #dbeafe,--ui-color-surface → --ui-white → #ffffff,onyx-badge > span.ui-badge.ui-badge--info,
badge,light,default,text,text,required,4.5,8.49,PASS,PASS,span.ui-badge--info.ui-badge--md › span.ui-badge__label,--ui-badge-info-text,#1e3a8a,--ui-badge-info-bg,#dbeafe,16,600,false,1,--ui-badge-info-text → --ui-color-badge-info-text → --ui-blue-800 → #1e3a8a,--ui-badge-info-bg → --ui-color-badge-info-bg → --ui-blue-100 → #dbeafe,onyx-badge > span.ui-badge.ui-badge--info > span.ui-badge__label,Info
badge,light,default,non-text,box,informational,,1.05,INFO,FAIL,span.ui-badge--success.ui-badge--md box,--ui-badge-success-bg,#f0fdf4,--ui-color-surface,#ffffff,,,,1,--ui-badge-success-bg → --ui-color-badge-success-bg → --ui-green-50 → #f0fdf4,--ui-color-surface → --ui-white → #ffffff,onyx-badge > span.ui-badge.ui-badge--success,
badge,light,default,text,text,required,4.5,6.81,PASS,PASS,span.ui-badge--success.ui-badge--md › span.ui-badge__label,--ui-badge-success-text,#166534,--ui-badge-success-bg,#f0fdf4,16,600,false,1,--ui-badge-success-text → --ui-color-badge-success-text → --ui-green-800 → #166534,--ui-badge-success-bg → --ui-color-badge-success-bg → --ui-green-50 → #f0fdf4,onyx-badge > span.ui-badge.ui-badge--success > span.ui-badge__label,Success
badge,light,default,non-text,box,informational,,1.03,INFO,FAIL,span.ui-badge--warning.ui-badge--md box,--ui-badge-warning-bg,#fefce8,--ui-color-surface,#ffffff,,,,1,--ui-badge-warning-bg → --ui-color-badge-warning-bg → --ui-yellow-50 → #fefce8,--ui-color-surface → --ui-white → #ffffff,onyx-badge > span.ui-badge.ui-badge--warning,
badge,light,default,text,text,required,4.5,6.62,PASS,PASS,span.ui-badge--warning.ui-badge--md › span.ui-badge__label,--ui-badge-warning-text,#854d0e,--ui-badge-warning-bg,#fefce8,16,600,false,1,--ui-badge-warning-text → --ui-color-badge-warning-text → --ui-yellow-800 → #854d0e,--ui-badge-warning-bg → --ui-color-badge-warning-bg → --ui-yellow-50 → #fefce8,onyx-badge > span.ui-badge.ui-badge--warning > span.ui-badge__label,Warning
badge,light,default,non-text,box,informational,,1.09,INFO,FAIL,span.ui-badge--danger.ui-badge--md box,--ui-badge-danger-bg,#fef2f2,--ui-color-surface,#ffffff,,,,1,--ui-badge-danger-bg → --ui-color-badge-danger-bg → --ui-red-50 → #fef2f2,--ui-color-surface → --ui-white → #ffffff,onyx-badge > span.ui-badge.ui-badge--danger,
badge,light,default,text,text,required,4.5,7.6,PASS,PASS,span.ui-badge--danger.ui-badge--md › span.ui-badge__label,--ui-badge-danger-text,#991b1b,--ui-badge-danger-bg,#fef2f2,16,600,false,1,--ui-badge-danger-text → --ui-color-badge-danger-text → --ui-red-800 → #991b1b,--ui-badge-danger-bg → --ui-color-badge-danger-bg → --ui-red-50 → #fef2f2,onyx-badge > span.ui-badge.ui-badge--danger > span.ui-badge__label,Danger
badge,dark,default,non-text,box,informational,,1.22,INFO,FAIL,span.ui-badge--neutral.ui-badge--md box,--ui-badge-neutral-bg,#1e293b,--ui-color-surface,#0f172a,,,,1,--ui-badge-neutral-bg → --ui-color-badge-neutral-bg → --ui-slate-100 → #f1f5f9,--ui-color-surface → --ui-slate-900 → #0f172a,onyx-badge > span.ui-badge.ui-badge--neutral,
badge,dark,default,text,text,required,4.5,5.71,PASS,PASS,span.ui-badge--neutral.ui-badge--md › span.ui-badge__label,--ui-badge-neutral-text,#94a3b8,--ui-badge-neutral-bg,#1e293b,16,600,false,1,--ui-badge-neutral-text → --ui-color-badge-neutral-text → --ui-slate-400 → #94a3b8,--ui-badge-neutral-bg → --ui-color-badge-neutral-bg → --ui-slate-100 → #f1f5f9,onyx-badge > span.ui-badge.ui-badge--neutral > span.ui-badge__label,Neutral
badge,dark,default,non-text,box,informational,,1.22,INFO,FAIL,span.ui-badge--info.ui-badge--md box,--ui-badge-info-bg,#1e293b,--ui-color-surface,#0f172a,,,,1,--ui-badge-info-bg → --ui-color-badge-info-bg → --ui-slate-800 → #1e293b,--ui-color-surface → --ui-slate-900 → #0f172a,onyx-badge > span.ui-badge.ui-badge--info,
badge,dark,default,text,text,required,4.5,3.98,FAIL,PASS,span.ui-badge--info.ui-badge--md › span.ui-badge__label,--ui-badge-info-text,#3b82f6,--ui-badge-info-bg,#1e293b,16,600,false,1,--ui-badge-info-text → --ui-color-badge-info-text → --ui-blue-400 → #3b82f6,--ui-badge-info-bg → --ui-color-badge-info-bg → --ui-slate-800 → #1e293b,onyx-badge > span.ui-badge.ui-badge--info > span.ui-badge__label,Info
badge,dark,default,non-text,box,informational,,1.22,INFO,FAIL,span.ui-badge--success.ui-badge--md box,--ui-badge-success-bg,#1e293b,--ui-color-surface,#0f172a,,,,1,--ui-badge-success-bg → --ui-color-badge-success-bg → --ui-slate-800 → #1e293b,--ui-color-surface → --ui-slate-900 → #0f172a,onyx-badge > span.ui-badge.ui-badge--success,
badge,dark,default,text,text,required,4.5,8.4,PASS,PASS,span.ui-badge--success.ui-badge--md › span.ui-badge__label,--ui-badge-success-text,#4ade80,--ui-badge-success-bg,#1e293b,16,600,false,1,--ui-badge-success-text → --ui-color-badge-success-text → --ui-green-400 → #4ade80,--ui-badge-success-bg → --ui-color-badge-success-bg → --ui-slate-800 → #1e293b,onyx-badge > span.ui-badge.ui-badge--success > span.ui-badge__label,Success
badge,dark,default,non-text,box,informational,,1.22,INFO,FAIL,span.ui-badge--warning.ui-badge--md box,--ui-badge-warning-bg,#1e293b,--ui-color-surface,#0f172a,,,,1,--ui-badge-warning-bg → --ui-color-badge-warning-bg → --ui-slate-800 → #1e293b,--ui-color-surface → --ui-slate-900 → #0f172a,onyx-badge > span.ui-badge.ui-badge--warning,
badge,dark,default,text,text,required,4.5,8.76,PASS,PASS,span.ui-badge--warning.ui-badge--md › span.ui-badge__label,--ui-badge-warning-text,#fbbf24,--ui-badge-warning-bg,#1e293b,16,600,false,1,--ui-badge-warning-text → --ui-color-badge-warning-text → --ui-amber-400 → #fbbf24,--ui-badge-warning-bg → --ui-color-badge-warning-bg → --ui-slate-800 → #1e293b,onyx-badge > span.ui-badge.ui-badge--warning > span.ui-badge__label,Warning
badge,dark,default,non-text,box,informational,,1.22,INFO,FAIL,span.ui-badge--danger.ui-badge--md box,--ui-badge-danger-bg,#1e293b,--ui-color-surface,#0f172a,,,,1,--ui-badge-danger-bg → --ui-color-badge-danger-bg → --ui-slate-800 → #1e293b,--ui-color-surface → --ui-slate-900 → #0f172a,onyx-badge > span.ui-badge.ui-badge--danger,
badge,dark,default,text,text,required,4.5,5.29,PASS,PASS,span.ui-badge--danger.ui-badge--md › span.ui-badge__label,--ui-badge-danger-text,#f87171,--ui-badge-danger-bg,#1e293b,16,600,false,1,--ui-badge-danger-text → --ui-color-badge-danger-text → --ui-red-400 → #f87171,--ui-badge-danger-bg → --ui-color-badge-danger-bg → --ui-slate-800 → #1e293b,onyx-badge > span.ui-badge.ui-badge--danger > span.ui-badge__label,Danger
badge,acme,default,non-text,box,informational,,1.1,INFO,FAIL,span.ui-badge--neutral.ui-badge--md box,--ui-badge-neutral-bg,#f1f5f9,--ui-color-surface,#ffffff,,,,1,--ui-badge-neutral-bg → --ui-color-badge-neutral-bg → --ui-slate-100 → #f1f5f9,--ui-color-surface → --ui-white → #ffffff,onyx-badge > span.ui-badge.ui-badge--neutral,
badge,acme,default,text,text,required,4.5,9.45,PASS,PASS,span.ui-badge--neutral.ui-badge--md › span.ui-badge__label,--ui-badge-neutral-text,#334155,--ui-badge-neutral-bg,#f1f5f9,16,600,false,1,--ui-badge-neutral-text → --ui-color-badge-neutral-text → --ui-slate-700 → #334155,--ui-badge-neutral-bg → --ui-color-badge-neutral-bg → --ui-slate-100 → #f1f5f9,onyx-badge > span.ui-badge.ui-badge--neutral > span.ui-badge__label,Neutral
badge,acme,default,non-text,box,informational,,1.22,INFO,FAIL,span.ui-badge--info.ui-badge--md box,--ui-badge-info-bg,#dbeafe,--ui-color-surface,#ffffff,,,,1,--ui-badge-info-bg → --ui-color-badge-info-bg → --ui-blue-100 → #dbeafe,--ui-color-surface → --ui-white → #ffffff,onyx-badge > span.ui-badge.ui-badge--info,
badge,acme,default,text,text,required,4.5,8.49,PASS,PASS,span.ui-badge--info.ui-badge--md › span.ui-badge__label,--ui-badge-info-text,#1e3a8a,--ui-badge-info-bg,#dbeafe,16,600,false,1,--ui-badge-info-text → --ui-color-badge-info-text → --ui-blue-800 → #1e3a8a,--ui-badge-info-bg → --ui-color-badge-info-bg → --ui-blue-100 → #dbeafe,onyx-badge > span.ui-badge.ui-badge--info > span.ui-badge__label,Info
badge,acme,default,non-text,box,informational,,1.05,INFO,FAIL,span.ui-badge--success.ui-badge--md box,--ui-badge-success-bg,#f0fdf4,--ui-color-surface,#ffffff,,,,1,--ui-badge-success-bg → --ui-color-badge-success-bg → --ui-green-50 → #f0fdf4,--ui-color-surface → --ui-white → #ffffff,onyx-badge > span.ui-badge.ui-badge--success,
badge,acme,default,text,text,required,4.5,6.81,PASS,PASS,span.ui-badge--success.ui-badge--md › span.ui-badge__label,--ui-badge-success-text,#166534,--ui-badge-success-bg,#f0fdf4,16,600,false,1,--ui-badge-success-text → --ui-color-badge-success-text → --ui-green-800 → #166534,--ui-badge-success-bg → --ui-color-badge-success-bg → --ui-green-50 → #f0fdf4,onyx-badge > span.ui-badge.ui-badge--success > span.ui-badge__label,Success
badge,acme,default,non-text,box,informational,,1.03,INFO,FAIL,span.ui-badge--warning.ui-badge--md box,--ui-badge-warning-bg,#fefce8,--ui-color-surface,#ffffff,,,,1,--ui-badge-warning-bg → --ui-color-badge-warning-bg → --ui-yellow-50 → #fefce8,--ui-color-surface → --ui-white → #ffffff,onyx-badge > span.ui-badge.ui-badge--warning,
badge,acme,default,text,text,required,4.5,6.62,PASS,PASS,span.ui-badge--warning.ui-badge--md › span.ui-badge__label,--ui-badge-warning-text,#854d0e,--ui-badge-warning-bg,#fefce8,16,600,false,1,--ui-badge-warning-text → --ui-color-badge-warning-text → --ui-yellow-800 → #854d0e,--ui-badge-warning-bg → --ui-color-badge-warning-bg → --ui-yellow-50 → #fefce8,onyx-badge > span.ui-badge.ui-badge--warning > span.ui-badge__label,Warning
badge,acme,default,non-text,box,informational,,1.09,INFO,FAIL,span.ui-badge--danger.ui-badge--md box,--ui-badge-danger-bg,#fef2f2,--ui-color-surface,#ffffff,,,,1,--ui-badge-danger-bg → --ui-color-badge-danger-bg → --ui-red-50 → #fef2f2,--ui-color-surface → --ui-white → #ffffff,onyx-badge > span.ui-badge.ui-badge--danger,
badge,acme,default,text,text,required,4.5,7.6,PASS,PASS,span.ui-badge--danger.ui-badge--md › span.ui-badge__label,--ui-badge-danger-text,#991b1b,--ui-badge-danger-bg,#fef2f2,16,600,false,1,--ui-badge-danger-text → --ui-color-badge-danger-text → --ui-red-800 → #991b1b,--ui-badge-danger-bg → --ui-color-badge-danger-bg → --ui-red-50 → #fef2f2,onyx-badge > span.ui-badge.ui-badge--danger > span.ui-badge__label,Danger
button,light,default,non-text,box,informational,,5.17,INFO,PASS,onyx-button.ui-button--primary › button.ui-button__el box,--ui-button-bg,#2563eb,--ui-color-surface,#ffffff,,,,2,--ui-button-bg → --ui-color-primary → --ui-blue-500 → #2563eb,--ui-color-surface → --ui-white → #ffffff,onyx-button.ui-button.ui-button--primary > button.ui-button__el,
button,light,default,text,text,required,4.5,5.17,PASS,PASS,onyx-button.ui-button--primary › span.ui-button__label,--ui-button-text,#ffffff,--ui-button-bg,#2563eb,16,600,false,2,--ui-button-text → --ui-color-on-primary → --ui-white → #ffffff,--ui-button-bg → --ui-color-primary → --ui-blue-500 → #2563eb,onyx-button.ui-button.ui-button--primary > button.ui-button__el > span.ui-button__label,Primary
button,light,default,non-text,border,informational,,5.17,INFO,PASS,onyx-button.ui-button--secondary › button.ui-button__el border,--ui-color-primary,#2563eb,--ui-color-surface,#ffffff,,,,1,--ui-color-primary → --ui-blue-500 → #2563eb,--ui-color-surface → --ui-white → #ffffff,onyx-button.ui-button.ui-button--secondary > button.ui-button__el,
button,light,default,text,text,required,4.5,5.17,PASS,PASS,onyx-button.ui-button--secondary › span.ui-button__label,--ui-color-primary,#2563eb,--ui-color-surface,#ffffff,16,600,false,1,--ui-color-primary → --ui-blue-500 → #2563eb,--ui-color-surface → --ui-white → #ffffff,onyx-button.ui-button.ui-button--secondary > button.ui-button__el > span.ui-button__label,Secondary
button,light,default,text,text,required,4.5,5.17,PASS,PASS,onyx-button.ui-button--text › span.ui-button__label,--ui-color-primary,#2563eb,--ui-color-surface,#ffffff,16,600,false,1,--ui-color-primary → --ui-blue-500 → #2563eb,--ui-color-surface → --ui-white → #ffffff,onyx-button.ui-button.ui-button--text > button.ui-button__el > span.ui-button__label,Text
button,light,default,non-text,box,informational,,5.17,INFO,PASS,onyx-button.ui-button--primary.ui-button--sm › button.ui-button__el box,--ui-button-bg,#2563eb,--ui-color-surface,#ffffff,,,,1,--ui-button-bg → --ui-color-primary → --ui-blue-500 → #2563eb,--ui-color-surface → --ui-white → #ffffff,onyx-button.ui-button.ui-button--primary > button.ui-button__el,
button,light,default,text,text,required,4.5,5.17,PASS,PASS,onyx-button.ui-button--primary.ui-button--sm › span.ui-button__label,--ui-button-text,#ffffff,--ui-button-bg,#2563eb,16,600,false,1,--ui-button-text → --ui-color-on-primary → --ui-white → #ffffff,--ui-button-bg → --ui-color-primary → --ui-blue-500 → #2563eb,onyx-button.ui-button.ui-button--primary > button.ui-button__el > span.ui-button__label,Small
button,light,default,non-text,box,informational,,5.17,INFO,PASS,onyx-button.ui-button--primary.ui-button--lg › button.ui-button__el box,--ui-button-bg,#2563eb,--ui-color-surface,#ffffff,,,,1,--ui-button-bg → --ui-color-primary → --ui-blue-500 → #2563eb,--ui-color-surface → --ui-white → #ffffff,onyx-button.ui-button.ui-button--primary > button.ui-button__el,
button,light,default,text,text,required,4.5,5.17,PASS,PASS,onyx-button.ui-button--primary.ui-button--lg › span.ui-button__label,--ui-button-text,#ffffff,--ui-button-bg,#2563eb,16,600,false,1,--ui-button-text → --ui-color-on-primary → --ui-white → #ffffff,--ui-button-bg → --ui-color-primary → --ui-blue-500 → #2563eb,onyx-button.ui-button.ui-button--primary > button.ui-button__el > span.ui-button__label,Large
button,light,default,non-text,box,exempt-disabled,,5.17,EXEMPT,PASS,onyx-button.ui-button--primary.ui-button--disabled › button.ui-button__el [disabled] box,--ui-button-bg,#2563eb,--ui-color-surface,#ffffff,,,,1,--ui-button-bg → --ui-color-primary → --ui-blue-500 → #2563eb,--ui-color-surface → --ui-white → #ffffff,onyx-button.ui-button.ui-button--primary > button.ui-button__el,
button,light,default,text,text,exempt-disabled,,5.17,EXEMPT,PASS,onyx-button.ui-button--primary.ui-button--disabled › span.ui-button__label [disabled],--ui-button-text,#ffffff,--ui-button-bg,#2563eb,16,600,false,1,--ui-button-text → --ui-color-on-primary → --ui-white → #ffffff,--ui-button-bg → --ui-color-primary → --ui-blue-500 → #2563eb,onyx-button.ui-button.ui-button--primary > button.ui-button__el > span.ui-button__label,Disabled
button,light,default,non-text,box,exempt-disabled,,5.17,EXEMPT,PASS,onyx-button.ui-button--primary.ui-button--loading › button.ui-button__el [disabled] box,--ui-button-bg,#2563eb,--ui-color-surface,#ffffff,,,,1,--ui-button-bg → --ui-color-primary → --ui-blue-500 → #2563eb,--ui-color-surface → --ui-white → #ffffff,onyx-button.ui-button.ui-button--primary > button.ui-button__el,
button,light,default,non-text,border-rbl,exempt-disabled,,5.17,EXEMPT,PASS,onyx-button.ui-button--primary.ui-button--loading › span.ui-button__spinner [disabled] border-rbl,--ui-button-text,#ffffff,--ui-button-bg,#2563eb,,,,1,--ui-button-text → --ui-color-on-primary → --ui-white → #ffffff,--ui-button-bg → --ui-color-primary → --ui-blue-500 → #2563eb,onyx-button.ui-button.ui-button--primary > button.ui-button__el > span.ui-button__spinner,
button,light,default,text,text,exempt-disabled,,5.17,EXEMPT,PASS,onyx-button.ui-button--primary.ui-button--loading › span.ui-button__label [disabled],--ui-button-text,#ffffff,--ui-button-bg,#2563eb,16,600,false,1,--ui-button-text → --ui-color-on-primary → --ui-white → #ffffff,--ui-button-bg → --ui-color-primary → --ui-blue-500 → #2563eb,onyx-button.ui-button.ui-button--primary > button.ui-button__el > span.ui-button__label,Loading
button,light,default,non-text,border,exempt-disabled,,5.17,EXEMPT,PASS,onyx-button.ui-button--secondary.ui-button--disabled › button.ui-button__el [disabled] border,--ui-color-primary,#2563eb,--ui-color-surface,#ffffff,,,,1,--ui-color-primary → --ui-blue-500 → #2563eb,--ui-color-surface → --ui-white → #ffffff,onyx-button.ui-button.ui-button--secondary > button.ui-button__el,
button,light,default,text,text,exempt-disabled,,5.17,EXEMPT,PASS,onyx-button.ui-button--secondary.ui-button--disabled › span.ui-button__label [disabled],--ui-color-primary,#2563eb,--ui-color-surface,#ffffff,16,600,false,1,--ui-color-primary → --ui-blue-500 → #2563eb,--ui-color-surface → --ui-white → #ffffff,onyx-button.ui-button.ui-button--secondary > button.ui-button__el > span.ui-button__label,Disabled
button,light,default,non-text,border,exempt-disabled,,5.17,EXEMPT,PASS,onyx-button.ui-button--secondary.ui-button--loading › button.ui-button__el [disabled] border,--ui-color-primary,#2563eb,--ui-color-surface,#ffffff,,,,1,--ui-color-primary → --ui-blue-500 → #2563eb,--ui-color-surface → --ui-white → #ffffff,onyx-button.ui-button.ui-button--secondary > button.ui-button__el,
button,light,default,non-text,border-rbl,exempt-disabled,,5.17,EXEMPT,PASS,onyx-button.ui-button--secondary.ui-button--loading › span.ui-button__spinner [disabled] border-rbl,--ui-color-primary,#2563eb,--ui-color-surface,#ffffff,,,,1,--ui-color-primary → --ui-blue-500 → #2563eb,--ui-color-surface → --ui-white → #ffffff,onyx-button.ui-button.ui-button--secondary > button.ui-button__el > span.ui-button__spinner,
button,light,default,text,text,exempt-disabled,,5.17,EXEMPT,PASS,onyx-button.ui-button--secondary.ui-button--loading › span.ui-button__label [disabled],--ui-color-primary,#2563eb,--ui-color-surface,#ffffff,16,600,false,1,--ui-color-primary → --ui-blue-500 → #2563eb,--ui-color-surface → --ui-white → #ffffff,onyx-button.ui-button.ui-button--secondary > button.ui-button__el > span.ui-button__label,Loading
button,light,focus,non-text,focus-ring,required,3,5.17,PASS,PASS,onyx-button.ui-button--primary › button.ui-button__el focus-ring/box-shadow,--ui-focus-ring,#2563eb,--ui-color-surface,#ffffff,,,,1,--ui-focus-ring → --ui-color-primary → --ui-blue-500 → #2563eb,--ui-color-surface → --ui-white → #ffffff,onyx-button.ui-button.ui-button--primary > button.ui-button__el,
button,light,focus,non-text,focus-ring-vs-control,informational,,1,INFO,FAIL,onyx-button.ui-button--primary › button.ui-button__el focus-ring/vs-control,--ui-focus-ring,#2563eb,--ui-button-bg,#2563eb,,,,1,--ui-focus-ring → --ui-color-primary → --ui-blue-500 → #2563eb,--ui-button-bg → --ui-color-primary → --ui-blue-500 → #2563eb,onyx-button.ui-button.ui-button--primary > button.ui-button__el,
button,light,focus,non-text,focus-ring,required,3,5.17,PASS,PASS,onyx-button.ui-button--secondary › button.ui-button__el focus-ring/box-shadow,--ui-focus-ring,#2563eb,--ui-color-surface,#ffffff,,,,1,--ui-focus-ring → --ui-color-primary → --ui-blue-500 → #2563eb,--ui-color-surface → --ui-white → #ffffff,onyx-button.ui-button.ui-button--secondary > button.ui-button__el,
button,light,focus,non-text,focus-ring,required,3,5.17,PASS,PASS,onyx-button.ui-button--text › button.ui-button__el focus-ring/box-shadow,--ui-focus-ring,#2563eb,--ui-color-surface,#ffffff,,,,1,--ui-focus-ring → --ui-color-primary → --ui-blue-500 → #2563eb,--ui-color-surface → --ui-white → #ffffff,onyx-button.ui-button.ui-button--text > button.ui-button__el,
button,light,focus,non-text,focus-ring,required,3,5.17,PASS,PASS,onyx-button.ui-button--primary.ui-button--sm › button.ui-button__el focus-ring/box-shadow,--ui-focus-ring,#2563eb,--ui-color-surface,#ffffff,,,,1,--ui-focus-ring → --ui-color-primary → --ui-blue-500 → #2563eb,--ui-color-surface → --ui-white → #ffffff,onyx-button.ui-button.ui-button--primary > button.ui-button__el,
button,light,focus,non-text,focus-ring-vs-control,informational,,1,INFO,FAIL,onyx-button.ui-button--primary.ui-button--sm › button.ui-button__el focus-ring/vs-control,--ui-focus-ring,#2563eb,--ui-button-bg,#2563eb,,,,1,--ui-focus-ring → --ui-color-primary → --ui-blue-500 → #2563eb,--ui-button-bg → --ui-color-primary → --ui-blue-500 → #2563eb,onyx-button.ui-button.ui-button--primary > button.ui-button__el,
button,light,focus,non-text,focus-ring,required,3,5.17,PASS,PASS,onyx-button.ui-button--primary.ui-button--lg › button.ui-button__el focus-ring/box-shadow,--ui-focus-ring,#2563eb,--ui-color-surface,#ffffff,,,,1,--ui-focus-ring → --ui-color-primary → --ui-blue-500 → #2563eb,--ui-color-surface → --ui-white → #ffffff,onyx-button.ui-button.ui-button--primary > button.ui-button__el,
button,light,focus,non-text,focus-ring-vs-control,informational,,1,INFO,FAIL,onyx-button.ui-button--primary.ui-button--lg › button.ui-button__el focus-ring/vs-control,--ui-focus-ring,#2563eb,--ui-button-bg,#2563eb,,,,1,--ui-focus-ring → --ui-color-primary → --ui-blue-500 → #2563eb,--ui-button-bg → --ui-color-primary → --ui-blue-500 → #2563eb,onyx-button.ui-button.ui-button--primary > button.ui-button__el,
button,light,hover,text,text,required,4.5,6.7,PASS,PASS,onyx-button.ui-button--primary › span.ui-button__label,--ui-button-text,#ffffff,--ui-button-bg-hover,#1d4ed8,16,600,false,1,--ui-button-text → --ui-color-on-primary → --ui-white → #ffffff,--ui-button-bg-hover → --ui-color-primary-hover → --ui-blue-600 → #1d4ed8,onyx-button.ui-button.ui-button--primary > button.ui-button__el > span.ui-button__label,Primary
button,light,hover,non-text,box,informational,,6.7,INFO,PASS,onyx-button.ui-button--primary › button.ui-button__el box,--ui-button-bg-hover,#1d4ed8,--ui-color-surface,#ffffff,,,,1,--ui-button-bg-hover → --ui-color-primary-hover → --ui-blue-600 → #1d4ed8,--ui-color-surface → --ui-white → #ffffff,onyx-button.ui-button.ui-button--primary > button.ui-button__el,
button,light,hover,text,text,required,4.5,4.75,PASS,PASS,onyx-button.ui-button--secondary › span.ui-button__label,--ui-color-primary,#2563eb,--ui-color-surface-hover,#eff6ff,16,600,false,1,--ui-color-primary → --ui-blue-500 → #2563eb,--ui-color-surface-hover → --ui-blue-50 → #eff6ff,onyx-button.ui-button.ui-button--secondary > button.ui-button__el > span.ui-button__label,Secondary
button,light,hover,non-text,border,informational,,5.17,INFO,PASS,onyx-button.ui-button--secondary › button.ui-button__el border,--ui-color-primary,#2563eb,--ui-color-surface,#ffffff,,,,1,--ui-color-primary → --ui-blue-500 → #2563eb,--ui-color-surface → --ui-white → #ffffff,onyx-button.ui-button.ui-button--secondary > button.ui-button__el,
button,light,hover,non-text,border-vs-own-bg,informational,,4.75,INFO,PASS,onyx-button.ui-button--secondary › button.ui-button__el border/inner,--ui-color-primary,#2563eb,--ui-color-surface-hover,#eff6ff,,,,1,--ui-color-primary → --ui-blue-500 → #2563eb,--ui-color-surface-hover → --ui-blue-50 → #eff6ff,onyx-button.ui-button.ui-button--secondary > button.ui-button__el,
button,light,hover,non-text,box,informational,,1.09,INFO,FAIL,onyx-button.ui-button--secondary › button.ui-button__el box,--ui-color-surface-hover,#eff6ff,--ui-color-surface,#ffffff,,,,1,--ui-color-surface-hover → --ui-blue-50 → #eff6ff,--ui-color-surface → --ui-white → #ffffff,onyx-button.ui-button.ui-button--secondary > button.ui-button__el,
button,light,hover,text,text,required,4.5,4.75,PASS,PASS,onyx-button.ui-button--text › span.ui-button__label,--ui-color-primary,#2563eb,--ui-color-surface-hover,#eff6ff,16,600,false,1,--ui-color-primary → --ui-blue-500 → #2563eb,--ui-color-surface-hover → --ui-blue-50 → #eff6ff,onyx-button.ui-button.ui-button--text > button.ui-button__el > span.ui-button__label,Text
button,light,hover,non-text,box,informational,,1.09,INFO,FAIL,onyx-button.ui-button--text › button.ui-button__el box,--ui-color-surface-hover,#eff6ff,--ui-color-surface,#ffffff,,,,1,--ui-color-surface-hover → --ui-blue-50 → #eff6ff,--ui-color-surface → --ui-white → #ffffff,onyx-button.ui-button.ui-button--text > button.ui-button__el,
button,light,hover,text,text,required,4.5,6.7,PASS,PASS,onyx-button.ui-button--primary.ui-button--sm › span.ui-button__label,--ui-button-text,#ffffff,--ui-button-bg-hover,#1d4ed8,16,600,false,1,--ui-button-text → --ui-color-on-primary → --ui-white → #ffffff,--ui-button-bg-hover → --ui-color-primary-hover → --ui-blue-600 → #1d4ed8,onyx-button.ui-button.ui-button--primary > button.ui-button__el > span.ui-button__label,Small
button,light,hover,non-text,box,informational,,6.7,INFO,PASS,onyx-button.ui-button--primary.ui-button--sm › button.ui-button__el box,--ui-button-bg-hover,#1d4ed8,--ui-color-surface,#ffffff,,,,1,--ui-button-bg-hover → --ui-color-primary-hover → --ui-blue-600 → #1d4ed8,--ui-color-surface → --ui-white → #ffffff,onyx-button.ui-button.ui-button--primary > button.ui-button__el,
button,light,hover,text,text,required,4.5,6.7,PASS,PASS,onyx-button.ui-button--primary.ui-button--lg › span.ui-button__label,--ui-button-text,#ffffff,--ui-button-bg-hover,#1d4ed8,16,600,false,1,--ui-button-text → --ui-color-on-primary → --ui-white → #ffffff,--ui-button-bg-hover → --ui-color-primary-hover → --ui-blue-600 → #1d4ed8,onyx-button.ui-button.ui-button--primary > button.ui-button__el > span.ui-button__label,Large
button,light,hover,non-text,box,informational,,6.7,INFO,PASS,onyx-button.ui-button--primary.ui-button--lg › button.ui-button__el box,--ui-button-bg-hover,#1d4ed8,--ui-color-surface,#ffffff,,,,1,--ui-button-bg-hover → --ui-color-primary-hover → --ui-blue-600 → #1d4ed8,--ui-color-surface → --ui-white → #ffffff,onyx-button.ui-button.ui-button--primary > button.ui-button__el,
button,dark,default,non-text,box,informational,,9.29,INFO,PASS,onyx-button.ui-button--primary › button.ui-button__el box,--ui-button-bg,#34d399,--ui-color-surface,#0f172a,,,,2,--ui-button-bg → --ui-color-primary → --ui-emerald-400 → #34d399,--ui-color-surface → --ui-slate-900 → #0f172a,onyx-button.ui-button.ui-button--primary > button.ui-button__el,
button,dark,default,text,text,required,4.5,10.49,PASS,PASS,onyx-button.ui-button--primary › span.ui-button__label,--ui-button-text,#020617,--ui-button-bg,#34d399,16,600,false,2,--ui-button-text → --ui-color-on-primary → --ui-slate-950 → #020617,--ui-button-bg → --ui-color-primary → --ui-emerald-400 → #34d399,onyx-button.ui-button.ui-button--primary > button.ui-button__el > span.ui-button__label,Primary
button,dark,default,non-text,border,informational,,9.29,INFO,PASS,onyx-button.ui-button--secondary › button.ui-button__el border,--ui-color-primary,#34d399,--ui-color-surface,#0f172a,,,,1,--ui-color-primary → --ui-emerald-400 → #34d399,--ui-color-surface → --ui-slate-900 → #0f172a,onyx-button.ui-button.ui-button--secondary > button.ui-button__el,
button,dark,default,text,text,required,4.5,9.29,PASS,PASS,onyx-button.ui-button--secondary › span.ui-button__label,--ui-color-primary,#34d399,--ui-color-surface,#0f172a,16,600,false,1,--ui-color-primary → --ui-emerald-400 → #34d399,--ui-color-surface → --ui-slate-900 → #0f172a,onyx-button.ui-button.ui-button--secondary > button.ui-button__el > span.ui-button__label,Secondary
button,dark,default,text,text,required,4.5,9.29,PASS,PASS,onyx-button.ui-button--text › span.ui-button__label,--ui-color-primary,#34d399,--ui-color-surface,#0f172a,16,600,false,1,--ui-color-primary → --ui-emerald-400 → #34d399,--ui-color-surface → --ui-slate-900 → #0f172a,onyx-button.ui-button.ui-button--text > button.ui-button__el > span.ui-button__label,Text
button,dark,default,non-text,box,informational,,9.29,INFO,PASS,onyx-button.ui-button--primary.ui-button--sm › button.ui-button__el box,--ui-button-bg,#34d399,--ui-color-surface,#0f172a,,,,1,--ui-button-bg → --ui-color-primary → --ui-emerald-400 → #34d399,--ui-color-surface → --ui-slate-900 → #0f172a,onyx-button.ui-button.ui-button--primary > button.ui-button__el,
button,dark,default,text,text,required,4.5,10.49,PASS,PASS,onyx-button.ui-button--primary.ui-button--sm › span.ui-button__label,--ui-button-text,#020617,--ui-button-bg,#34d399,16,600,false,1,--ui-button-text → --ui-color-on-primary → --ui-slate-950 → #020617,--ui-button-bg → --ui-color-primary → --ui-emerald-400 → #34d399,onyx-button.ui-button.ui-button--primary > button.ui-button__el > span.ui-button__label,Small
button,dark,default,non-text,box,informational,,9.29,INFO,PASS,onyx-button.ui-button--primary.ui-button--lg › button.ui-button__el box,--ui-button-bg,#34d399,--ui-color-surface,#0f172a,,,,1,--ui-button-bg → --ui-color-primary → --ui-emerald-400 → #34d399,--ui-color-surface → --ui-slate-900 → #0f172a,onyx-button.ui-button.ui-button--primary > button.ui-button__el,
button,dark,default,text,text,required,4.5,10.49,PASS,PASS,onyx-button.ui-button--primary.ui-button--lg › span.ui-button__label,--ui-button-text,#020617,--ui-button-bg,#34d399,16,600,false,1,--ui-button-text → --ui-color-on-primary → --ui-slate-950 → #020617,--ui-button-bg → --ui-color-primary → --ui-emerald-400 → #34d399,onyx-button.ui-button.ui-button--primary > button.ui-button__el > span.ui-button__label,Large
button,dark,default,non-text,box,exempt-disabled,,9.29,EXEMPT,PASS,onyx-button.ui-button--primary.ui-button--disabled › button.ui-button__el [disabled] box,--ui-button-bg,#34d399,--ui-color-surface,#0f172a,,,,1,--ui-button-bg → --ui-color-primary → --ui-emerald-400 → #34d399,--ui-color-surface → --ui-slate-900 → #0f172a,onyx-button.ui-button.ui-button--primary > button.ui-button__el,
button,dark,default,text,text,exempt-disabled,,10.49,EXEMPT,PASS,onyx-button.ui-button--primary.ui-button--disabled › span.ui-button__label [disabled],--ui-button-text,#020617,--ui-button-bg,#34d399,16,600,false,1,--ui-button-text → --ui-color-on-primary → --ui-slate-950 → #020617,--ui-button-bg → --ui-color-primary → --ui-emerald-400 → #34d399,onyx-button.ui-button.ui-button--primary > button.ui-button__el > span.ui-button__label,Disabled
button,dark,default,non-text,box,exempt-disabled,,9.29,EXEMPT,PASS,onyx-button.ui-button--primary.ui-button--loading › button.ui-button__el [disabled] box,--ui-button-bg,#34d399,--ui-color-surface,#0f172a,,,,1,--ui-button-bg → --ui-color-primary → --ui-emerald-400 → #34d399,--ui-color-surface → --ui-slate-900 → #0f172a,onyx-button.ui-button.ui-button--primary > button.ui-button__el,
button,dark,default,non-text,border-rbl,exempt-disabled,,10.49,EXEMPT,PASS,onyx-button.ui-button--primary.ui-button--loading › span.ui-button__spinner [disabled] border-rbl,--ui-button-text,#020617,--ui-button-bg,#34d399,,,,1,--ui-button-text → --ui-color-on-primary → --ui-slate-950 → #020617,--ui-button-bg → --ui-color-primary → --ui-emerald-400 → #34d399,onyx-button.ui-button.ui-button--primary > button.ui-button__el > span.ui-button__spinner,
button,dark,default,text,text,exempt-disabled,,10.49,EXEMPT,PASS,onyx-button.ui-button--primary.ui-button--loading › span.ui-button__label [disabled],--ui-button-text,#020617,--ui-button-bg,#34d399,16,600,false,1,--ui-button-text → --ui-color-on-primary → --ui-slate-950 → #020617,--ui-button-bg → --ui-color-primary → --ui-emerald-400 → #34d399,onyx-button.ui-button.ui-button--primary > button.ui-button__el > span.ui-button__label,Loading
button,dark,default,non-text,border,exempt-disabled,,9.29,EXEMPT,PASS,onyx-button.ui-button--secondary.ui-button--disabled › button.ui-button__el [disabled] border,--ui-color-primary,#34d399,--ui-color-surface,#0f172a,,,,1,--ui-color-primary → --ui-emerald-400 → #34d399,--ui-color-surface → --ui-slate-900 → #0f172a,onyx-button.ui-button.ui-button--secondary > button.ui-button__el,
button,dark,default,text,text,exempt-disabled,,9.29,EXEMPT,PASS,onyx-button.ui-button--secondary.ui-button--disabled › span.ui-button__label [disabled],--ui-color-primary,#34d399,--ui-color-surface,#0f172a,16,600,false,1,--ui-color-primary → --ui-emerald-400 → #34d399,--ui-color-surface → --ui-slate-900 → #0f172a,onyx-button.ui-button.ui-button--secondary > button.ui-button__el > span.ui-button__label,Disabled
button,dark,default,non-text,border,exempt-disabled,,9.29,EXEMPT,PASS,onyx-button.ui-button--secondary.ui-button--loading › button.ui-button__el [disabled] border,--ui-color-primary,#34d399,--ui-color-surface,#0f172a,,,,1,--ui-color-primary → --ui-emerald-400 → #34d399,--ui-color-surface → --ui-slate-900 → #0f172a,onyx-button.ui-button.ui-button--secondary > button.ui-button__el,
button,dark,default,non-text,border-rbl,exempt-disabled,,9.29,EXEMPT,PASS,onyx-button.ui-button--secondary.ui-button--loading › span.ui-button__spinner [disabled] border-rbl,--ui-color-primary,#34d399,--ui-color-surface,#0f172a,,,,1,--ui-color-primary → --ui-emerald-400 → #34d399,--ui-color-surface → --ui-slate-900 → #0f172a,onyx-button.ui-button.ui-button--secondary > button.ui-button__el > span.ui-button__spinner,
button,dark,default,text,text,exempt-disabled,,9.29,EXEMPT,PASS,onyx-button.ui-button--secondary.ui-button--loading › span.ui-button__label [disabled],--ui-color-primary,#34d399,--ui-color-surface,#0f172a,16,600,false,1,--ui-color-primary → --ui-emerald-400 → #34d399,--ui-color-surface → --ui-slate-900 → #0f172a,onyx-button.ui-button.ui-button--secondary > button.ui-button__el > span.ui-button__label,Loading
button,dark,focus,non-text,focus-ring,required,3,9.29,PASS,PASS,onyx-button.ui-button--primary › button.ui-button__el focus-ring/box-shadow,--ui-focus-ring,#34d399,--ui-color-surface,#0f172a,,,,1,--ui-focus-ring → --ui-emerald-400 → #34d399,--ui-color-surface → --ui-slate-900 → #0f172a,onyx-button.ui-button.ui-button--primary > button.ui-button__el,
button,dark,focus,non-text,focus-ring-vs-control,informational,,1,INFO,FAIL,onyx-button.ui-button--primary › button.ui-button__el focus-ring/vs-control,--ui-focus-ring,#34d399,--ui-button-bg,#34d399,,,,1,--ui-focus-ring → --ui-emerald-400 → #34d399,--ui-button-bg → --ui-color-primary → --ui-emerald-400 → #34d399,onyx-button.ui-button.ui-button--primary > button.ui-button__el,
button,dark,focus,non-text,focus-ring,required,3,9.29,PASS,PASS,onyx-button.ui-button--secondary › button.ui-button__el focus-ring/box-shadow,--ui-focus-ring,#34d399,--ui-color-surface,#0f172a,,,,1,--ui-focus-ring → --ui-emerald-400 → #34d399,--ui-color-surface → --ui-slate-900 → #0f172a,onyx-button.ui-button.ui-button--secondary > button.ui-button__el,
button,dark,focus,non-text,focus-ring,required,3,9.29,PASS,PASS,onyx-button.ui-button--text › button.ui-button__el focus-ring/box-shadow,--ui-focus-ring,#34d399,--ui-color-surface,#0f172a,,,,1,--ui-focus-ring → --ui-emerald-400 → #34d399,--ui-color-surface → --ui-slate-900 → #0f172a,onyx-button.ui-button.ui-button--text > button.ui-button__el,
button,dark,focus,non-text,focus-ring,required,3,9.29,PASS,PASS,onyx-button.ui-button--primary.ui-button--sm › button.ui-button__el focus-ring/box-shadow,--ui-focus-ring,#34d399,--ui-color-surface,#0f172a,,,,1,--ui-focus-ring → --ui-emerald-400 → #34d399,--ui-color-surface → --ui-slate-900 → #0f172a,onyx-button.ui-button.ui-button--primary > button.ui-button__el,
button,dark,focus,non-text,focus-ring-vs-control,informational,,1,INFO,FAIL,onyx-button.ui-button--primary.ui-button--sm › button.ui-button__el focus-ring/vs-control,--ui-focus-ring,#34d399,--ui-button-bg,#34d399,,,,1,--ui-focus-ring → --ui-emerald-400 → #34d399,--ui-button-bg → --ui-color-primary → --ui-emerald-400 → #34d399,onyx-button.ui-button.ui-button--primary > button.ui-button__el,
button,dark,focus,non-text,focus-ring,required,3,9.29,PASS,PASS,onyx-button.ui-button--primary.ui-button--lg › button.ui-button__el focus-ring/box-shadow,--ui-focus-ring,#34d399,--ui-color-surface,#0f172a,,,,1,--ui-focus-ring → --ui-emerald-400 → #34d399,--ui-color-surface → --ui-slate-900 → #0f172a,onyx-button.ui-button.ui-button--primary > button.ui-button__el,
button,dark,focus,non-text,focus-ring-vs-control,informational,,1,INFO,FAIL,onyx-button.ui-button--primary.ui-button--lg › button.ui-button__el focus-ring/vs-control,--ui-focus-ring,#34d399,--ui-button-bg,#34d399,,,,1,--ui-focus-ring → --ui-emerald-400 → #34d399,--ui-button-bg → --ui-color-primary → --ui-emerald-400 → #34d399,onyx-button.ui-button.ui-button--primary > button.ui-button__el,
button,dark,hover,text,text,required,4.5,13.23,PASS,PASS,onyx-button.ui-button--primary › span.ui-button__label,--ui-button-text,#020617,--ui-button-bg-hover,#6ee7b7,16,600,false,1,--ui-button-text → --ui-color-on-primary → --ui-slate-950 → #020617,--ui-button-bg-hover → --ui-color-primary-hover → --ui-emerald-300 → #6ee7b7,onyx-button.ui-button.ui-button--primary > button.ui-button__el > span.ui-button__label,Primary
button,dark,hover,non-text,box,informational,,11.71,INFO,PASS,onyx-button.ui-button--primary › button.ui-button__el box,--ui-button-bg-hover,#6ee7b7,--ui-color-surface,#0f172a,,,,1,--ui-button-bg-hover → --ui-color-primary-hover → --ui-emerald-300 → #6ee7b7,--ui-color-surface → --ui-slate-900 → #0f172a,onyx-button.ui-button.ui-button--primary > button.ui-button__el,
button,dark,hover,text,text,required,4.5,7.61,PASS,PASS,onyx-button.ui-button--secondary › span.ui-button__label,--ui-color-primary,#34d399,--ui-color-surface-hover,#1e293b,16,600,false,1,--ui-color-primary → --ui-emerald-400 → #34d399,--ui-color-surface-hover → --ui-slate-800 → #1e293b,onyx-button.ui-button.ui-button--secondary > button.ui-button__el > span.ui-button__label,Secondary
button,dark,hover,non-text,border,informational,,9.29,INFO,PASS,onyx-button.ui-button--secondary › button.ui-button__el border,--ui-color-primary,#34d399,--ui-color-surface,#0f172a,,,,1,--ui-color-primary → --ui-emerald-400 → #34d399,--ui-color-surface → --ui-slate-900 → #0f172a,onyx-button.ui-button.ui-button--secondary > button.ui-button__el,
button,dark,hover,non-text,border-vs-own-bg,informational,,7.61,INFO,PASS,onyx-button.ui-button--secondary › button.ui-button__el border/inner,--ui-color-primary,#34d399,--ui-color-surface-hover,#1e293b,,,,1,--ui-color-primary → --ui-emerald-400 → #34d399,--ui-color-surface-hover → --ui-slate-800 → #1e293b,onyx-button.ui-button.ui-button--secondary > button.ui-button__el,
button,dark,hover,non-text,box,informational,,1.22,INFO,FAIL,onyx-button.ui-button--secondary › button.ui-button__el box,--ui-color-surface-hover,#1e293b,--ui-color-surface,#0f172a,,,,1,--ui-color-surface-hover → --ui-slate-800 → #1e293b,--ui-color-surface → --ui-slate-900 → #0f172a,onyx-button.ui-button.ui-button--secondary > button.ui-button__el,
button,dark,hover,text,text,required,4.5,7.61,PASS,PASS,onyx-button.ui-button--text › span.ui-button__label,--ui-color-primary,#34d399,--ui-color-surface-hover,#1e293b,16,600,false,1,--ui-color-primary → --ui-emerald-400 → #34d399,--ui-color-surface-hover → --ui-slate-800 → #1e293b,onyx-button.ui-button.ui-button--text > button.ui-button__el > span.ui-button__label,Text
button,dark,hover,non-text,box,informational,,1.22,INFO,FAIL,onyx-button.ui-button--text › button.ui-button__el box,--ui-color-surface-hover,#1e293b,--ui-color-surface,#0f172a,,,,1,--ui-color-surface-hover → --ui-slate-800 → #1e293b,--ui-color-surface → --ui-slate-900 → #0f172a,onyx-button.ui-button.ui-button--text > button.ui-button__el,
button,dark,hover,text,text,required,4.5,13.23,PASS,PASS,onyx-button.ui-button--primary.ui-button--sm › span.ui-button__label,--ui-button-text,#020617,--ui-button-bg-hover,#6ee7b7,16,600,false,1,--ui-button-text → --ui-color-on-primary → --ui-slate-950 → #020617,--ui-button-bg-hover → --ui-color-primary-hover → --ui-emerald-300 → #6ee7b7,onyx-button.ui-button.ui-button--primary > button.ui-button__el > span.ui-button__label,Small
button,dark,hover,non-text,box,informational,,11.71,INFO,PASS,onyx-button.ui-button--primary.ui-button--sm › button.ui-button__el box,--ui-button-bg-hover,#6ee7b7,--ui-color-surface,#0f172a,,,,1,--ui-button-bg-hover → --ui-color-primary-hover → --ui-emerald-300 → #6ee7b7,--ui-color-surface → --ui-slate-900 → #0f172a,onyx-button.ui-button.ui-button--primary > button.ui-button__el,
button,dark,hover,text,text,required,4.5,13.23,PASS,PASS,onyx-button.ui-button--primary.ui-button--lg › span.ui-button__label,--ui-button-text,#020617,--ui-button-bg-hover,#6ee7b7,16,600,false,1,--ui-button-text → --ui-color-on-primary → --ui-slate-950 → #020617,--ui-button-bg-hover → --ui-color-primary-hover → --ui-emerald-300 → #6ee7b7,onyx-button.ui-button.ui-button--primary > button.ui-button__el > span.ui-button__label,Large
button,dark,hover,non-text,box,informational,,11.71,INFO,PASS,onyx-button.ui-button--primary.ui-button--lg › button.ui-button__el box,--ui-button-bg-hover,#6ee7b7,--ui-color-surface,#0f172a,,,,1,--ui-button-bg-hover → --ui-color-primary-hover → --ui-emerald-300 → #6ee7b7,--ui-color-surface → --ui-slate-900 → #0f172a,onyx-button.ui-button.ui-button--primary > button.ui-button__el,
button,acme,default,non-text,box,informational,,5.7,INFO,PASS,onyx-button.ui-button--primary › button.ui-button__el box,--ui-button-bg,#7c3aed,--ui-color-surface,#ffffff,,,,2,--ui-button-bg → --ui-color-primary → #7c3aed,--ui-color-surface → --ui-white → #ffffff,onyx-button.ui-button.ui-button--primary > button.ui-button__el,
button,acme,default,text,text,required,4.5,5.7,PASS,PASS,onyx-button.ui-button--primary › span.ui-button__label,--ui-button-text,#ffffff,--ui-button-bg,#7c3aed,16,600,false,2,--ui-button-text → --ui-color-on-primary → --ui-white → #ffffff,--ui-button-bg → --ui-color-primary → #7c3aed,onyx-button.ui-button.ui-button--primary > button.ui-button__el > span.ui-button__label,Primary
button,acme,default,non-text,border,informational,,5.7,INFO,PASS,onyx-button.ui-button--secondary › button.ui-button__el border,--ui-color-primary,#7c3aed,--ui-color-surface,#ffffff,,,,1,--ui-color-primary → #7c3aed,--ui-color-surface → --ui-white → #ffffff,onyx-button.ui-button.ui-button--secondary > button.ui-button__el,
button,acme,default,text,text,required,4.5,5.7,PASS,PASS,onyx-button.ui-button--secondary › span.ui-button__label,--ui-color-primary,#7c3aed,--ui-color-surface,#ffffff,16,600,false,1,--ui-color-primary → #7c3aed,--ui-color-surface → --ui-white → #ffffff,onyx-button.ui-button.ui-button--secondary > button.ui-button__el > span.ui-button__label,Secondary
button,acme,default,text,text,required,4.5,5.7,PASS,PASS,onyx-button.ui-button--text › span.ui-button__label,--ui-color-primary,#7c3aed,--ui-color-surface,#ffffff,16,600,false,1,--ui-color-primary → #7c3aed,--ui-color-surface → --ui-white → #ffffff,onyx-button.ui-button.ui-button--text > button.ui-button__el > span.ui-button__label,Text
button,acme,default,non-text,box,informational,,5.7,INFO,PASS,onyx-button.ui-button--primary.ui-button--sm › button.ui-button__el box,--ui-button-bg,#7c3aed,--ui-color-surface,#ffffff,,,,1,--ui-button-bg → --ui-color-primary → #7c3aed,--ui-color-surface → --ui-white → #ffffff,onyx-button.ui-button.ui-button--primary > button.ui-button__el,
button,acme,default,text,text,required,4.5,5.7,PASS,PASS,onyx-button.ui-button--primary.ui-button--sm › span.ui-button__label,--ui-button-text,#ffffff,--ui-button-bg,#7c3aed,16,600,false,1,--ui-button-text → --ui-color-on-primary → --ui-white → #ffffff,--ui-button-bg → --ui-color-primary → #7c3aed,onyx-button.ui-button.ui-button--primary > button.ui-button__el > span.ui-button__label,Small
button,acme,default,non-text,box,informational,,5.7,INFO,PASS,onyx-button.ui-button--primary.ui-button--lg › button.ui-button__el box,--ui-button-bg,#7c3aed,--ui-color-surface,#ffffff,,,,1,--ui-button-bg → --ui-color-primary → #7c3aed,--ui-color-surface → --ui-white → #ffffff,onyx-button.ui-button.ui-button--primary > button.ui-button__el,
button,acme,default,text,text,required,4.5,5.7,PASS,PASS,onyx-button.ui-button--primary.ui-button--lg › span.ui-button__label,--ui-button-text,#ffffff,--ui-button-bg,#7c3aed,16,600,false,1,--ui-button-text → --ui-color-on-primary → --ui-white → #ffffff,--ui-button-bg → --ui-color-primary → #7c3aed,onyx-button.ui-button.ui-button--primary > button.ui-button__el > span.ui-button__label,Large
button,acme,default,non-text,box,exempt-disabled,,5.7,EXEMPT,PASS,onyx-button.ui-button--primary.ui-button--disabled › button.ui-button__el [disabled] box,--ui-button-bg,#7c3aed,--ui-color-surface,#ffffff,,,,1,--ui-button-bg → --ui-color-primary → #7c3aed,--ui-color-surface → --ui-white → #ffffff,onyx-button.ui-button.ui-button--primary > button.ui-button__el,
button,acme,default,text,text,exempt-disabled,,5.7,EXEMPT,PASS,onyx-button.ui-button--primary.ui-button--disabled › span.ui-button__label [disabled],--ui-button-text,#ffffff,--ui-button-bg,#7c3aed,16,600,false,1,--ui-button-text → --ui-color-on-primary → --ui-white → #ffffff,--ui-button-bg → --ui-color-primary → #7c3aed,onyx-button.ui-button.ui-button--primary > button.ui-button__el > span.ui-button__label,Disabled
button,acme,default,non-text,box,exempt-disabled,,5.7,EXEMPT,PASS,onyx-button.ui-button--primary.ui-button--loading › button.ui-button__el [disabled] box,--ui-button-bg,#7c3aed,--ui-color-surface,#ffffff,,,,1,--ui-button-bg → --ui-color-primary → #7c3aed,--ui-color-surface → --ui-white → #ffffff,onyx-button.ui-button.ui-button--primary > button.ui-button__el,
button,acme,default,non-text,border-rbl,exempt-disabled,,5.7,EXEMPT,PASS,onyx-button.ui-button--primary.ui-button--loading › span.ui-button__spinner [disabled] border-rbl,--ui-button-text,#ffffff,--ui-button-bg,#7c3aed,,,,1,--ui-button-text → --ui-color-on-primary → --ui-white → #ffffff,--ui-button-bg → --ui-color-primary → #7c3aed,onyx-button.ui-button.ui-button--primary > button.ui-button__el > span.ui-button__spinner,
button,acme,default,text,text,exempt-disabled,,5.7,EXEMPT,PASS,onyx-button.ui-button--primary.ui-button--loading › span.ui-button__label [disabled],--ui-button-text,#ffffff,--ui-button-bg,#7c3aed,16,600,false,1,--ui-button-text → --ui-color-on-primary → --ui-white → #ffffff,--ui-button-bg → --ui-color-primary → #7c3aed,onyx-button.ui-button.ui-button--primary > button.ui-button__el > span.ui-button__label,Loading
button,acme,default,non-text,border,exempt-disabled,,5.7,EXEMPT,PASS,onyx-button.ui-button--secondary.ui-button--disabled › button.ui-button__el [disabled] border,--ui-color-primary,#7c3aed,--ui-color-surface,#ffffff,,,,1,--ui-color-primary → #7c3aed,--ui-color-surface → --ui-white → #ffffff,onyx-button.ui-button.ui-button--secondary > button.ui-button__el,
button,acme,default,text,text,exempt-disabled,,5.7,EXEMPT,PASS,onyx-button.ui-button--secondary.ui-button--disabled › span.ui-button__label [disabled],--ui-color-primary,#7c3aed,--ui-color-surface,#ffffff,16,600,false,1,--ui-color-primary → #7c3aed,--ui-color-surface → --ui-white → #ffffff,onyx-button.ui-button.ui-button--secondary > button.ui-button__el > span.ui-button__label,Disabled
button,acme,default,non-text,border,exempt-disabled,,5.7,EXEMPT,PASS,onyx-button.ui-button--secondary.ui-button--loading › button.ui-button__el [disabled] border,--ui-color-primary,#7c3aed,--ui-color-surface,#ffffff,,,,1,--ui-color-primary → #7c3aed,--ui-color-surface → --ui-white → #ffffff,onyx-button.ui-button.ui-button--secondary > button.ui-button__el,
button,acme,default,non-text,border-rbl,exempt-disabled,,5.7,EXEMPT,PASS,onyx-button.ui-button--secondary.ui-button--loading › span.ui-button__spinner [disabled] border-rbl,--ui-color-primary,#7c3aed,--ui-color-surface,#ffffff,,,,1,--ui-color-primary → #7c3aed,--ui-color-surface → --ui-white → #ffffff,onyx-button.ui-button.ui-button--secondary > button.ui-button__el > span.ui-button__spinner,
button,acme,default,text,text,exempt-disabled,,5.7,EXEMPT,PASS,onyx-button.ui-button--secondary.ui-button--loading › span.ui-button__label [disabled],--ui-color-primary,#7c3aed,--ui-color-surface,#ffffff,16,600,false,1,--ui-color-primary → #7c3aed,--ui-color-surface → --ui-white → #ffffff,onyx-button.ui-button.ui-button--secondary > button.ui-button__el > span.ui-button__label,Loading
button,acme,focus,non-text,focus-ring,required,3,4.23,PASS,PASS,onyx-button.ui-button--primary › button.ui-button__el focus-ring/box-shadow,--ui-focus-ring,#8b5cf6,--ui-color-surface,#ffffff,,,,1,--ui-focus-ring → #8b5cf6,--ui-color-surface → --ui-white → #ffffff,onyx-button.ui-button.ui-button--primary > button.ui-button__el,
button,acme,focus,non-text,focus-ring-vs-control,informational,,1.35,INFO,FAIL,onyx-button.ui-button--primary › button.ui-button__el focus-ring/vs-control,--ui-focus-ring,#8b5cf6,--ui-button-bg,#7c3aed,,,,1,--ui-focus-ring → #8b5cf6,--ui-button-bg → --ui-color-primary → #7c3aed,onyx-button.ui-button.ui-button--primary > button.ui-button__el,
button,acme,focus,non-text,focus-ring,required,3,4.23,PASS,PASS,onyx-button.ui-button--secondary › button.ui-button__el focus-ring/box-shadow,--ui-focus-ring,#8b5cf6,--ui-color-surface,#ffffff,,,,1,--ui-focus-ring → #8b5cf6,--ui-color-surface → --ui-white → #ffffff,onyx-button.ui-button.ui-button--secondary > button.ui-button__el,
button,acme,focus,non-text,focus-ring,required,3,4.23,PASS,PASS,onyx-button.ui-button--text › button.ui-button__el focus-ring/box-shadow,--ui-focus-ring,#8b5cf6,--ui-color-surface,#ffffff,,,,1,--ui-focus-ring → #8b5cf6,--ui-color-surface → --ui-white → #ffffff,onyx-button.ui-button.ui-button--text > button.ui-button__el,
button,acme,focus,non-text,focus-ring,required,3,4.23,PASS,PASS,onyx-button.ui-button--primary.ui-button--sm › button.ui-button__el focus-ring/box-shadow,--ui-focus-ring,#8b5cf6,--ui-color-surface,#ffffff,,,,1,--ui-focus-ring → #8b5cf6,--ui-color-surface → --ui-white → #ffffff,onyx-button.ui-button.ui-button--primary > button.ui-button__el,
button,acme,focus,non-text,focus-ring-vs-control,informational,,1.35,INFO,FAIL,onyx-button.ui-button--primary.ui-button--sm › button.ui-button__el focus-ring/vs-control,--ui-focus-ring,#8b5cf6,--ui-button-bg,#7c3aed,,,,1,--ui-focus-ring → #8b5cf6,--ui-button-bg → --ui-color-primary → #7c3aed,onyx-button.ui-button.ui-button--primary > button.ui-button__el,
button,acme,focus,non-text,focus-ring,required,3,4.23,PASS,PASS,onyx-button.ui-button--primary.ui-button--lg › button.ui-button__el focus-ring/box-shadow,--ui-focus-ring,#8b5cf6,--ui-color-surface,#ffffff,,,,1,--ui-focus-ring → #8b5cf6,--ui-color-surface → --ui-white → #ffffff,onyx-button.ui-button.ui-button--primary > button.ui-button__el,
button,acme,focus,non-text,focus-ring-vs-control,informational,,1.35,INFO,FAIL,onyx-button.ui-button--primary.ui-button--lg › button.ui-button__el focus-ring/vs-control,--ui-focus-ring,#8b5cf6,--ui-button-bg,#7c3aed,,,,1,--ui-focus-ring → #8b5cf6,--ui-button-bg → --ui-color-primary → #7c3aed,onyx-button.ui-button.ui-button--primary > button.ui-button__el,
button,acme,hover,text,text,required,4.5,7.1,PASS,PASS,onyx-button.ui-button--primary › span.ui-button__label,--ui-button-text,#ffffff,--ui-button-bg-hover,#6d28d9,16,600,false,1,--ui-button-text → --ui-color-on-primary → --ui-white → #ffffff,--ui-button-bg-hover → --ui-color-primary-hover → #6d28d9,onyx-button.ui-button.ui-button--primary > button.ui-button__el > span.ui-button__label,Primary
button,acme,hover,non-text,box,informational,,7.1,INFO,PASS,onyx-button.ui-button--primary › button.ui-button__el box,--ui-button-bg-hover,#6d28d9,--ui-color-surface,#ffffff,,,,1,--ui-button-bg-hover → --ui-color-primary-hover → #6d28d9,--ui-color-surface → --ui-white → #ffffff,onyx-button.ui-button.ui-button--primary > button.ui-button__el,
button,acme,hover,text,text,required,4.5,5.24,PASS,PASS,onyx-button.ui-button--secondary › span.ui-button__label,--ui-color-primary,#7c3aed,--ui-color-surface-hover,#eff6ff,16,600,false,1,--ui-color-primary → #7c3aed,--ui-color-surface-hover → --ui-blue-50 → #eff6ff,onyx-button.ui-button.ui-button--secondary > button.ui-button__el > span.ui-button__label,Secondary
button,acme,hover,non-text,border,informational,,5.7,INFO,PASS,onyx-button.ui-button--secondary › button.ui-button__el border,--ui-color-primary,#7c3aed,--ui-color-surface,#ffffff,,,,1,--ui-color-primary → #7c3aed,--ui-color-surface → --ui-white → #ffffff,onyx-button.ui-button.ui-button--secondary > button.ui-button__el,
button,acme,hover,non-text,border-vs-own-bg,informational,,5.24,INFO,PASS,onyx-button.ui-button--secondary › button.ui-button__el border/inner,--ui-color-primary,#7c3aed,--ui-color-surface-hover,#eff6ff,,,,1,--ui-color-primary → #7c3aed,--ui-color-surface-hover → --ui-blue-50 → #eff6ff,onyx-button.ui-button.ui-button--secondary > button.ui-button__el,
button,acme,hover,non-text,box,informational,,1.09,INFO,FAIL,onyx-button.ui-button--secondary › button.ui-button__el box,--ui-color-surface-hover,#eff6ff,--ui-color-surface,#ffffff,,,,1,--ui-color-surface-hover → --ui-blue-50 → #eff6ff,--ui-color-surface → --ui-white → #ffffff,onyx-button.ui-button.ui-button--secondary > button.ui-button__el,
button,acme,hover,text,text,required,4.5,5.24,PASS,PASS,onyx-button.ui-button--text › span.ui-button__label,--ui-color-primary,#7c3aed,--ui-color-surface-hover,#eff6ff,16,600,false,1,--ui-color-primary → #7c3aed,--ui-color-surface-hover → --ui-blue-50 → #eff6ff,onyx-button.ui-button.ui-button--text > button.ui-button__el > span.ui-button__label,Text
button,acme,hover,non-text,box,informational,,1.09,INFO,FAIL,onyx-button.ui-button--text › button.ui-button__el box,--ui-color-surface-hover,#eff6ff,--ui-color-surface,#ffffff,,,,1,--ui-color-surface-hover → --ui-blue-50 → #eff6ff,--ui-color-surface → --ui-white → #ffffff,onyx-button.ui-button.ui-button--text > button.ui-button__el,
button,acme,hover,text,text,required,4.5,7.1,PASS,PASS,onyx-button.ui-button--primary.ui-button--sm › span.ui-button__label,--ui-button-text,#ffffff,--ui-button-bg-hover,#6d28d9,16,600,false,1,--ui-button-text → --ui-color-on-primary → --ui-white → #ffffff,--ui-button-bg-hover → --ui-color-primary-hover → #6d28d9,onyx-button.ui-button.ui-button--primary > button.ui-button__el > span.ui-button__label,Small
button,acme,hover,non-text,box,informational,,7.1,INFO,PASS,onyx-button.ui-button--primary.ui-button--sm › button.ui-button__el box,--ui-button-bg-hover,#6d28d9,--ui-color-surface,#ffffff,,,,1,--ui-button-bg-hover → --ui-color-primary-hover → #6d28d9,--ui-color-surface → --ui-white → #ffffff,onyx-button.ui-button.ui-button--primary > button.ui-button__el,
button,acme,hover,text,text,required,4.5,7.1,PASS,PASS,onyx-button.ui-button--primary.ui-button--lg › span.ui-button__label,--ui-button-text,#ffffff,--ui-button-bg-hover,#6d28d9,16,600,false,1,--ui-button-text → --ui-color-on-primary → --ui-white → #ffffff,--ui-button-bg-hover → --ui-color-primary-hover → #6d28d9,onyx-button.ui-button.ui-button--primary > button.ui-button__el > span.ui-button__label,Large
button,acme,hover,non-text,box,informational,,7.1,INFO,PASS,onyx-button.ui-button--primary.ui-button--lg › button.ui-button__el box,--ui-button-bg-hover,#6d28d9,--ui-color-surface,#ffffff,,,,1,--ui-button-bg-hover → --ui-color-primary-hover → #6d28d9,--ui-color-surface → --ui-white → #ffffff,onyx-button.ui-button.ui-button--primary > button.ui-button__el,
card,light,default,non-text,border,informational,,1.23,INFO,FAIL,onyx-card border,--ui-card-border-color,#e2e8f0,--ui-color-surface,#ffffff,,,,3,--ui-card-border-color → --ui-color-border → --ui-slate-200 → #e2e8f0,--ui-color-surface → --ui-white → #ffffff,onyx-card.ui-card,
card,light,default,text,text,required,4.5,17.85,PASS,PASS,onyx-card › strong,--ui-card-text,#0f172a,--ui-card-bg,#ffffff,15,700,false,1,--ui-card-text → --ui-color-text → --ui-slate-900 → #0f172a,--ui-card-bg → --ui-color-surface → --ui-white → #ffffff,onyx-card.ui-card > div.ui-card__body > strong,Project Atlas
card,light,default,text,text,required,4.5,17.85,PASS,PASS,onyx-card › p,--ui-card-text,#0f172a,--ui-card-bg,#ffffff,15,400,false,1,--ui-card-text → --ui-color-text → --ui-slate-900 → #0f172a,--ui-card-bg → --ui-color-surface → --ui-white → #ffffff,onyx-card.ui-card > div.ui-card__body > p,A concise summary of the card body conte
card,light,default,text,text,required,4.5,17.85,PASS,PASS,onyx-card › span,--ui-card-text,#0f172a,--ui-card-bg,#ffffff,15,400,false,1,--ui-card-text → --ui-color-text → --ui-slate-900 → #0f172a,--ui-card-bg → --ui-color-surface → --ui-white → #ffffff,onyx-card.ui-card > div.ui-card__body > span,Updated 2 hours ago
card,light,default,text,text,required,4.5,17.85,PASS,PASS,onyx-card › div.ui-card__body,--ui-card-text,#0f172a,--ui-card-bg,#ffffff,15,400,false,2,--ui-card-text → --ui-color-text → --ui-slate-900 → #0f172a,--ui-card-bg → --ui-color-surface → --ui-white → #ffffff,onyx-card.ui-card > div.ui-card__body,Elevated surface
card,dark,default,non-text,border,informational,,1.72,INFO,FAIL,onyx-card border,--ui-card-border-color,#334155,--ui-color-surface,#0f172a,,,,3,--ui-card-border-color → --ui-color-border → --ui-slate-700 → #334155,--ui-color-surface → --ui-slate-900 → #0f172a,onyx-card.ui-card,
card,dark,default,text,text,required,4.5,17.06,PASS,PASS,onyx-card › strong,--ui-card-text,#f8fafc,--ui-card-bg,#0f172a,15,700,false,1,--ui-card-text → --ui-color-text → --ui-slate-50 → #f8fafc,--ui-card-bg → --ui-color-surface → --ui-slate-900 → #0f172a,onyx-card.ui-card > div.ui-card__body > strong,Project Atlas
card,dark,default,text,text,required,4.5,17.06,PASS,PASS,onyx-card › p,--ui-card-text,#f8fafc,--ui-card-bg,#0f172a,15,400,false,1,--ui-card-text → --ui-color-text → --ui-slate-50 → #f8fafc,--ui-card-bg → --ui-color-surface → --ui-slate-900 → #0f172a,onyx-card.ui-card > div.ui-card__body > p,A concise summary of the card body conte
card,dark,default,text,text,required,4.5,17.06,PASS,PASS,onyx-card › span,--ui-card-text,#f8fafc,--ui-card-bg,#0f172a,15,400,false,1,--ui-card-text → --ui-color-text → --ui-slate-50 → #f8fafc,--ui-card-bg → --ui-color-surface → --ui-slate-900 → #0f172a,onyx-card.ui-card > div.ui-card__body > span,Updated 2 hours ago
card,dark,default,text,text,required,4.5,17.06,PASS,PASS,onyx-card › div.ui-card__body,--ui-card-text,#f8fafc,--ui-card-bg,#0f172a,15,400,false,2,--ui-card-text → --ui-color-text → --ui-slate-50 → #f8fafc,--ui-card-bg → --ui-color-surface → --ui-slate-900 → #0f172a,onyx-card.ui-card > div.ui-card__body,Elevated surface
card,acme,default,non-text,border,informational,,1.23,INFO,FAIL,onyx-card border,--ui-card-border-color,#e2e8f0,--ui-color-surface,#ffffff,,,,3,--ui-card-border-color → --ui-color-border → --ui-slate-200 → #e2e8f0,--ui-color-surface → --ui-white → #ffffff,onyx-card.ui-card,
card,acme,default,text,text,required,4.5,17.85,PASS,PASS,onyx-card › strong,--ui-card-text,#0f172a,--ui-card-bg,#ffffff,15,700,false,1,--ui-card-text → --ui-color-text → --ui-slate-900 → #0f172a,--ui-card-bg → --ui-color-surface → --ui-white → #ffffff,onyx-card.ui-card > div.ui-card__body > strong,Project Atlas
card,acme,default,text,text,required,4.5,17.85,PASS,PASS,onyx-card › p,--ui-card-text,#0f172a,--ui-card-bg,#ffffff,15,400,false,1,--ui-card-text → --ui-color-text → --ui-slate-900 → #0f172a,--ui-card-bg → --ui-color-surface → --ui-white → #ffffff,onyx-card.ui-card > div.ui-card__body > p,A concise summary of the card body conte
card,acme,default,text,text,required,4.5,17.85,PASS,PASS,onyx-card › span,--ui-card-text,#0f172a,--ui-card-bg,#ffffff,15,400,false,1,--ui-card-text → --ui-color-text → --ui-slate-900 → #0f172a,--ui-card-bg → --ui-color-surface → --ui-white → #ffffff,onyx-card.ui-card > div.ui-card__body > span,Updated 2 hours ago
card,acme,default,text,text,required,4.5,17.85,PASS,PASS,onyx-card › div.ui-card__body,--ui-card-text,#0f172a,--ui-card-bg,#ffffff,15,400,false,2,--ui-card-text → --ui-color-text → --ui-slate-900 → #0f172a,--ui-card-bg → --ui-color-surface → --ui-white → #ffffff,onyx-card.ui-card > div.ui-card__body,Elevated surface
checkbox,light,default,non-text,accent,required,3,5.17,PASS,PASS,onyx-checkbox › input.ui-checkbox__el accent-color (UA-drawn checked fill),--ui-checkbox-bg-checked,#2563eb,--ui-color-surface,#ffffff,,,,2,--ui-checkbox-bg-checked → --ui-color-primary → --ui-blue-500 → #2563eb,--ui-color-surface → --ui-white → #ffffff,onyx-checkbox.ui-checkbox > label.ui-checkbox__wrap > input.ui-checkbox__el,
checkbox,light,default,text,text,required,4.5,17.85,PASS,PASS,onyx-checkbox › span.ui-checkbox__label,--ui-color-text,#0f172a,--ui-color-surface,#ffffff,16,400,false,2,--ui-color-text → --ui-slate-900 → #0f172a,--ui-color-surface → --ui-white → #ffffff,onyx-checkbox.ui-checkbox > label.ui-checkbox__wrap > span.ui-checkbox__label,Accept terms
checkbox,light,default,non-text,accent,exempt-disabled,,5.17,EXEMPT,PASS,onyx-checkbox.ui-checkbox--disabled › input.ui-checkbox__el [disabled] accent-color (UA-drawn checked fill),--ui-checkbox-bg-checked,#2563eb,--ui-color-surface,#ffffff,,,,1,--ui-checkbox-bg-checked → --ui-color-primary → --ui-blue-500 → #2563eb,--ui-color-surface → --ui-white → #ffffff,onyx-checkbox.ui-checkbox.ui-checkbox--disabled > label.ui-checkbox__wrap > input.ui-checkbox__el,
checkbox,light,default,text,text,exempt-disabled,,2.56,EXEMPT,FAIL,onyx-checkbox.ui-checkbox--disabled › span.ui-checkbox__label [disabled],--ui-checkbox-disabled-text,#94a3b8,--ui-color-surface,#ffffff,16,400,false,1,--ui-checkbox-disabled-text → --ui-color-disabled-text → --ui-slate-400 → #94a3b8,--ui-color-surface → --ui-white → #ffffff,onyx-checkbox.ui-checkbox.ui-checkbox--disabled > label.ui-checkbox__wrap > span.ui-checkbox__label,Disabled
checkbox,light,focus,non-text,focus-ring,required,3,5.17,PASS,PASS,onyx-checkbox › input.ui-checkbox__el focus-ring/box-shadow,--ui-focus-ring,#2563eb,--ui-color-surface,#ffffff,,,,1,--ui-focus-ring → --ui-color-primary → --ui-blue-500 → #2563eb,--ui-color-surface → --ui-white → #ffffff,onyx-checkbox.ui-checkbox > label.ui-checkbox__wrap > input.ui-checkbox__el,
checkbox,dark,default,non-text,accent,required,3,9.29,PASS,PASS,onyx-checkbox › input.ui-checkbox__el accent-color (UA-drawn checked fill),--ui-checkbox-bg-checked,#34d399,--ui-color-surface,#0f172a,,,,2,--ui-checkbox-bg-checked → --ui-color-primary → --ui-emerald-400 → #34d399,--ui-color-surface → --ui-slate-900 → #0f172a,onyx-checkbox.ui-checkbox > label.ui-checkbox__wrap > input.ui-checkbox__el,
checkbox,dark,default,text,text,required,4.5,17.06,PASS,PASS,onyx-checkbox › span.ui-checkbox__label,--ui-color-text,#f8fafc,--ui-color-surface,#0f172a,16,400,false,2,--ui-color-text → --ui-slate-50 → #f8fafc,--ui-color-surface → --ui-slate-900 → #0f172a,onyx-checkbox.ui-checkbox > label.ui-checkbox__wrap > span.ui-checkbox__label,Accept terms
checkbox,dark,default,non-text,accent,exempt-disabled,,9.29,EXEMPT,PASS,onyx-checkbox.ui-checkbox--disabled › input.ui-checkbox__el [disabled] accent-color (UA-drawn checked fill),--ui-checkbox-bg-checked,#34d399,--ui-color-surface,#0f172a,,,,1,--ui-checkbox-bg-checked → --ui-color-primary → --ui-emerald-400 → #34d399,--ui-color-surface → --ui-slate-900 → #0f172a,onyx-checkbox.ui-checkbox.ui-checkbox--disabled > label.ui-checkbox__wrap > input.ui-checkbox__el,
checkbox,dark,default,text,text,exempt-disabled,,3.75,EXEMPT,PASS,onyx-checkbox.ui-checkbox--disabled › span.ui-checkbox__label [disabled],--ui-checkbox-disabled-text,#64748b,--ui-color-surface,#0f172a,16,400,false,1,--ui-checkbox-disabled-text → --ui-color-disabled-text → --ui-slate-500 → #64748b,--ui-color-surface → --ui-slate-900 → #0f172a,onyx-checkbox.ui-checkbox.ui-checkbox--disabled > label.ui-checkbox__wrap > span.ui-checkbox__label,Disabled
checkbox,dark,focus,non-text,focus-ring,required,3,9.29,PASS,PASS,onyx-checkbox › input.ui-checkbox__el focus-ring/box-shadow,--ui-focus-ring,#34d399,--ui-color-surface,#0f172a,,,,1,--ui-focus-ring → --ui-emerald-400 → #34d399,--ui-color-surface → --ui-slate-900 → #0f172a,onyx-checkbox.ui-checkbox > label.ui-checkbox__wrap > input.ui-checkbox__el,
checkbox,acme,default,non-text,accent,required,3,5.7,PASS,PASS,onyx-checkbox › input.ui-checkbox__el accent-color (UA-drawn checked fill),--ui-checkbox-bg-checked,#7c3aed,--ui-color-surface,#ffffff,,,,2,--ui-checkbox-bg-checked → --ui-color-primary → #7c3aed,--ui-color-surface → --ui-white → #ffffff,onyx-checkbox.ui-checkbox > label.ui-checkbox__wrap > input.ui-checkbox__el,
checkbox,acme,default,text,text,required,4.5,17.85,PASS,PASS,onyx-checkbox › span.ui-checkbox__label,--ui-color-text,#0f172a,--ui-color-surface,#ffffff,16,400,false,2,--ui-color-text → --ui-slate-900 → #0f172a,--ui-color-surface → --ui-white → #ffffff,onyx-checkbox.ui-checkbox > label.ui-checkbox__wrap > span.ui-checkbox__label,Accept terms
checkbox,acme,default,non-text,accent,exempt-disabled,,5.7,EXEMPT,PASS,onyx-checkbox.ui-checkbox--disabled › input.ui-checkbox__el [disabled] accent-color (UA-drawn checked fill),--ui-checkbox-bg-checked,#7c3aed,--ui-color-surface,#ffffff,,,,1,--ui-checkbox-bg-checked → --ui-color-primary → #7c3aed,--ui-color-surface → --ui-white → #ffffff,onyx-checkbox.ui-checkbox.ui-checkbox--disabled > label.ui-checkbox__wrap > input.ui-checkbox__el,
checkbox,acme,default,text,text,exempt-disabled,,2.56,EXEMPT,FAIL,onyx-checkbox.ui-checkbox--disabled › span.ui-checkbox__label [disabled],--ui-checkbox-disabled-text,#94a3b8,--ui-color-surface,#ffffff,16,400,false,1,--ui-checkbox-disabled-text → --ui-color-disabled-text → --ui-slate-400 → #94a3b8,--ui-color-surface → --ui-white → #ffffff,onyx-checkbox.ui-checkbox.ui-checkbox--disabled > label.ui-checkbox__wrap > span.ui-checkbox__label,Disabled
checkbox,acme,focus,non-text,focus-ring,required,3,4.23,PASS,PASS,onyx-checkbox › input.ui-checkbox__el focus-ring/box-shadow,--ui-focus-ring,#8b5cf6,--ui-color-surface,#ffffff,,,,1,--ui-focus-ring → #8b5cf6,--ui-color-surface → --ui-white → #ffffff,onyx-checkbox.ui-checkbox > label.ui-checkbox__wrap > input.ui-checkbox__el,
data-table,light,default,non-text,border,informational,,1.23,INFO,FAIL,onyx-data-table › div.ui-dt__grid border,--ui-data-table-border,#e2e8f0,--ui-color-surface,#ffffff,,,,6,--ui-data-table-border → --ui-color-border → --ui-slate-200 → #e2e8f0,--ui-color-surface → --ui-white → #ffffff,onyx-data-table.ui-data-table > div.ui-dt__grid,
data-table,light,default,non-text,border-b,informational,,1.23,INFO,FAIL,onyx-data-table › div.ui-dt__head border-b,--ui-data-table-border,#e2e8f0,--ui-data-table-bg,#ffffff,,,,6,--ui-data-table-border → --ui-color-border → --ui-slate-200 → #e2e8f0,--ui-data-table-bg → --ui-color-surface → --ui-white → #ffffff,onyx-data-table.ui-data-table > div.ui-dt__grid > div.ui-dt__head,
data-table,light,default,non-text,border-b-vs-own-bg,informational,,1.13,INFO,FAIL,onyx-data-table › div.ui-dt__head border-b/inner,--ui-data-table-border,#e2e8f0,--ui-data-table-header-bg,#eff6ff,,,,6,--ui-data-table-border → --ui-color-border → --ui-slate-200 → #e2e8f0,--ui-data-table-header-bg → --ui-color-surface-hover → --ui-blue-50 → #eff6ff,onyx-data-table.ui-data-table > div.ui-dt__grid > div.ui-dt__head,
data-table,light,default,non-text,box,informational,,1.09,INFO,FAIL,onyx-data-table › div.ui-dt__head box,--ui-data-table-header-bg,#eff6ff,--ui-data-table-bg,#ffffff,,,,6,--ui-data-table-header-bg → --ui-color-surface-hover → --ui-blue-50 → #eff6ff,--ui-data-table-bg → --ui-color-surface → --ui-white → #ffffff,onyx-data-table.ui-data-table > div.ui-dt__grid > div.ui-dt__head,
data-table,light,default,text,text,required,4.5,16.4,PASS,PASS,onyx-data-table › span,--ui-data-table-header-text,#0f172a,--ui-data-table-header-bg,#eff6ff,16,600,false,3,--ui-data-table-header-text → --ui-color-text → --ui-slate-900 → #0f172a,--ui-data-table-header-bg → --ui-color-surface-hover → --ui-blue-50 → #eff6ff,div.ui-dt__grid > div.ui-dt__head > div.ui-dt__th > button.ui-dt__sort > span,Name
data-table,light,default,non-text,glyph,required,3,2.36,FAIL,FAIL,onyx-data-table › span.ui-dt__sort-icon glyph,--ui-data-table-sort-indicator,#94a3b8,--ui-data-table-header-bg,#eff6ff,16,600,false,3,--ui-data-table-sort-indicator → --ui-color-text-muted → --ui-slate-400 → #94a3b8,--ui-data-table-header-bg → --ui-color-surface-hover → --ui-blue-50 → #eff6ff,div.ui-dt__grid > div.ui-dt__head > div.ui-dt__th > button.ui-dt__sort > span.ui-dt__sort-icon,↕
data-table,light,default,text,text,required,4.5,16.4,PASS,PASS,div.ui-dt__cell--end › span,--ui-data-table-header-text,#0f172a,--ui-data-table-header-bg,#eff6ff,16,600,false,2,--ui-data-table-header-text → --ui-color-text → --ui-slate-900 → #0f172a,--ui-data-table-header-bg → --ui-color-surface-hover → --ui-blue-50 → #eff6ff,div.ui-dt__grid > div.ui-dt__head > div.ui-dt__th.ui-dt__cell--end > button.ui-dt__sort > span,Role
data-table,light,default,non-text,glyph,required,3,2.36,FAIL,FAIL,div.ui-dt__cell--end › span.ui-dt__sort-icon glyph,--ui-data-table-sort-indicator,#94a3b8,--ui-data-table-header-bg,#eff6ff,16,600,false,2,--ui-data-table-sort-indicator → --ui-color-text-muted → --ui-slate-400 → #94a3b8,--ui-data-table-header-bg → --ui-color-surface-hover → --ui-blue-50 → #eff6ff,div.ui-dt__grid > div.ui-dt__head > div.ui-dt__th.ui-dt__cell--end > button.ui-dt__sort > span.ui-dt__sort-icon,↕
data-table,light,default,non-text,border-b,informational,,1.23,INFO,FAIL,onyx-data-table › div.ui-dt__tr border-b,--ui-data-table-row-border,#e2e8f0,--ui-data-table-bg,#ffffff,,,,21,--ui-data-table-row-border → --ui-color-border → --ui-slate-200 → #e2e8f0,--ui-data-table-bg → --ui-color-surface → --ui-white → #ffffff,onyx-data-table.ui-data-table > div.ui-dt__grid > div.ui-dt__body > div.ui-dt__tr,
data-table,light,default,text,text,required,4.5,17.85,PASS,PASS,onyx-data-table › div.ui-dt__td,--ui-data-table-text,#0f172a,--ui-data-table-bg,#ffffff,16,400,false,50,--ui-data-table-text → --ui-color-text → --ui-slate-900 → #0f172a,--ui-data-table-bg → --ui-color-surface → --ui-white → #ffffff,onyx-data-table.ui-data-table > div.ui-dt__grid > div.ui-dt__body > div.ui-dt__tr > div.ui-dt__td,Ada Lovelace
data-table,light,default,text,text,required,4.5,17.85,PASS,PASS,div.ui-dt__cell--end,--ui-data-table-text,#0f172a,--ui-data-table-bg,#ffffff,16,400,false,25,--ui-data-table-text → --ui-color-text → --ui-slate-900 → #0f172a,--ui-data-table-bg → --ui-color-surface → --ui-white → #ffffff,onyx-data-table.ui-data-table > div.ui-dt__grid > div.ui-dt__body > div.ui-dt__tr > div.ui-dt__td.ui-dt__cell--end,Lead
data-table,light,default,text,text,required,4.5,2.56,FAIL,FAIL,onyx-data-table › span,--ui-data-table-muted-text,#94a3b8,--ui-color-surface,#ffffff,16,400,false,3,--ui-data-table-muted-text → --ui-color-text-muted → --ui-slate-400 → #94a3b8,--ui-color-surface → --ui-white → #ffffff,onyx-data-table.ui-data-table > div.ui-dt__footer > label.ui-dt__page-size > span,Rows per page
data-table,light,default,non-text,border,informational,,1.23,INFO,FAIL,onyx-data-table › select.ui-dt__select border,--ui-data-table-border,#e2e8f0,--ui-color-surface,#ffffff,,,,3,--ui-data-table-border → --ui-color-border → --ui-slate-200 → #e2e8f0,--ui-color-surface → --ui-white → #ffffff,onyx-data-table.ui-data-table > div.ui-dt__footer > label.ui-dt__page-size > select.ui-dt__select,
data-table,light,default,text,text,required,4.5,2.56,FAIL,FAIL,onyx-data-table › span.ui-dt__range,--ui-data-table-muted-text,#94a3b8,--ui-color-surface,#ffffff,16,400,false,3,--ui-data-table-muted-text → --ui-color-text-muted → --ui-slate-400 → #94a3b8,--ui-color-surface → --ui-white → #ffffff,onyx-data-table.ui-data-table > div.ui-dt__footer > span.ui-dt__range,1–3 of 3
data-table,light,default,text,text,exempt-disabled,,2.56,EXEMPT,FAIL,onyx-data-table › button.ui-dt__page-btn [disabled],--ui-data-table-muted-text,#94a3b8,--ui-data-table-bg,#ffffff,16,400,false,5,--ui-data-table-muted-text → --ui-color-text-muted → --ui-slate-400 → #94a3b8,--ui-data-table-bg → --ui-color-surface → --ui-white → #ffffff,onyx-data-table.ui-data-table > div.ui-dt__footer > div.ui-dt__pager > button.ui-dt__page-btn,‹
data-table,light,default,non-text,border,exempt-disabled,,1.23,EXEMPT,FAIL,onyx-data-table › button.ui-dt__page-btn [disabled] border,--ui-data-table-border,#e2e8f0,--ui-color-surface,#ffffff,,,,5,--ui-data-table-border → --ui-color-border → --ui-slate-200 → #e2e8f0,--ui-color-surface → --ui-white → #ffffff,onyx-data-table.ui-data-table > div.ui-dt__footer > div.ui-dt__pager > button.ui-dt__page-btn,
data-table,light,default,text,text,required,4.5,2.56,FAIL,FAIL,onyx-data-table › span.ui-dt__page-status,--ui-data-table-muted-text,#94a3b8,--ui-color-surface,#ffffff,16,400,false,3,--ui-data-table-muted-text → --ui-color-text-muted → --ui-slate-400 → #94a3b8,--ui-color-surface → --ui-white → #ffffff,onyx-data-table.ui-data-table > div.ui-dt__footer > div.ui-dt__pager > span.ui-dt__page-status,Page 1 of 1
data-table,light,default,text,text,required,4.5,16.4,PASS,PASS,onyx-data-table › div.ui-dt__th,--ui-data-table-header-text,#0f172a,--ui-data-table-header-bg,#eff6ff,16,600,false,9,--ui-data-table-header-text → --ui-color-text → --ui-slate-900 → #0f172a,--ui-data-table-header-bg → --ui-color-surface-hover → --ui-blue-50 → #eff6ff,onyx-data-table.ui-data-table > div.ui-dt__grid > div.ui-dt__head > div.ui-dt__th,Email
data-table,light,default,text,text,required,4.5,17.85,PASS,PASS,onyx-data-table › button.ui-dt__page-btn,--ui-data-table-text,#0f172a,--ui-data-table-bg,#ffffff,16,400,false,1,--ui-data-table-text → --ui-color-text → --ui-slate-900 → #0f172a,--ui-data-table-bg → --ui-color-surface → --ui-white → #ffffff,onyx-data-table.ui-data-table > div.ui-dt__footer > div.ui-dt__pager > button.ui-dt__page-btn,›
data-table,light,default,non-text,border,informational,,1.23,INFO,FAIL,onyx-data-table › button.ui-dt__page-btn border,--ui-data-table-border,#e2e8f0,--ui-color-surface,#ffffff,,,,1,--ui-data-table-border → --ui-color-border → --ui-slate-200 → #e2e8f0,--ui-color-surface → --ui-white → #ffffff,onyx-data-table.ui-data-table > div.ui-dt__footer > div.ui-dt__pager > button.ui-dt__page-btn,
data-table,light,default,text,text,required,4.5,16.4,PASS,PASS,div.ui-dt__cell--end,--ui-data-table-header-text,#0f172a,--ui-data-table-header-bg,#eff6ff,16,600,false,2,--ui-data-table-header-text → --ui-color-text → --ui-slate-900 → #0f172a,--ui-data-table-header-bg → --ui-color-surface-hover → --ui-blue-50 → #eff6ff,onyx-data-table.ui-data-table > div.ui-dt__grid > div.ui-dt__head > div.ui-dt__th.ui-dt__cell--end,Role
data-table,light,default,non-text,accent,required,3,4.75,PASS,PASS,onyx-checkbox › input.ui-checkbox__el accent-color (UA-drawn checked fill),--ui-checkbox-bg-checked,#2563eb,--ui-data-table-header-bg,#eff6ff,,,,1,--ui-checkbox-bg-checked → --ui-color-primary → --ui-blue-500 → #2563eb,--ui-data-table-header-bg → --ui-color-surface-hover → --ui-blue-50 → #eff6ff,onyx-checkbox.ui-checkbox > label.ui-checkbox__wrap > input.ui-checkbox__el,
data-table,light,default,non-text,accent,required,3,5.17,PASS,PASS,onyx-checkbox › input.ui-checkbox__el accent-color (UA-drawn checked fill),--ui-checkbox-bg-checked,#2563eb,--ui-data-table-bg,#ffffff,,,,3,--ui-checkbox-bg-checked → --ui-color-primary → --ui-blue-500 → #2563eb,--ui-data-table-bg → --ui-color-surface → --ui-white → #ffffff,onyx-checkbox.ui-checkbox > label.ui-checkbox__wrap > input.ui-checkbox__el,
data-table,light,default,text,text,required,4.5,2.56,FAIL,FAIL,onyx-data-table › div.ui-dt__status,--ui-data-table-muted-text,#94a3b8,--ui-data-table-bg,#ffffff,16,400,false,2,--ui-data-table-muted-text → --ui-color-text-muted → --ui-slate-400 → #94a3b8,--ui-data-table-bg → --ui-color-surface → --ui-white → #ffffff,onyx-data-table.ui-data-table > div.ui-dt__grid > div.ui-dt__body > div.ui-dt__status,No members yet
data-table,light,focus,non-text,focus-ring,required,3,4.75,PASS,PASS,onyx-data-table › div.ui-dt__th focus-ring/box-shadow,--ui-focus-ring,#2563eb,--ui-data-table-header-bg,#eff6ff,,,,1,--ui-focus-ring → --ui-color-primary → --ui-blue-500 → #2563eb,--ui-data-table-header-bg → --ui-color-surface-hover → --ui-blue-50 → #eff6ff,onyx-data-table.ui-data-table > div.ui-dt__grid > div.ui-dt__head > div.ui-dt__th,
data-table,light,focus,non-text,focus-ring,required,3,4.75,PASS,PASS,onyx-data-table › button.ui-dt__sort focus-ring/box-shadow,--ui-focus-ring,#2563eb,--ui-data-table-header-bg,#eff6ff,,,,1,--ui-focus-ring → --ui-color-primary → --ui-blue-500 → #2563eb,--ui-data-table-header-bg → --ui-color-surface-hover → --ui-blue-50 → #eff6ff,onyx-data-table.ui-data-table > div.ui-dt__grid > div.ui-dt__head > div.ui-dt__th > button.ui-dt__sort,
data-table,light,focus,non-text,focus-ring,required,3,4.75,PASS,PASS,div.ui-dt__cell--end › button.ui-dt__sort focus-ring/box-shadow,--ui-focus-ring,#2563eb,--ui-data-table-header-bg,#eff6ff,,,,1,--ui-focus-ring → --ui-color-primary → --ui-blue-500 → #2563eb,--ui-data-table-header-bg → --ui-color-surface-hover → --ui-blue-50 → #eff6ff,onyx-data-table.ui-data-table > div.ui-dt__grid > div.ui-dt__head > div.ui-dt__th.ui-dt__cell--end > button.ui-dt__sort,
data-table,light,focus,non-text,focus-ring,required,3,5.17,PASS,PASS,onyx-data-table › select.ui-dt__select focus-ring/box-shadow,--ui-focus-ring,#2563eb,--ui-color-surface,#ffffff,,,,1,--ui-focus-ring → --ui-color-primary → --ui-blue-500 → #2563eb,--ui-color-surface → --ui-white → #ffffff,onyx-data-table.ui-data-table > div.ui-dt__footer > label.ui-dt__page-size > select.ui-dt__select,
data-table,light,focus,non-text,focus-ring,required,3,5.17,PASS,PASS,onyx-data-table › button.ui-dt__page-btn focus-ring/box-shadow,--ui-focus-ring,#2563eb,--ui-color-surface,#ffffff,,,,1,--ui-focus-ring → --ui-color-primary → --ui-blue-500 → #2563eb,--ui-color-surface → --ui-white → #ffffff,onyx-data-table.ui-data-table > div.ui-dt__footer > div.ui-dt__pager > button.ui-dt__page-btn,
data-table,light,focus,non-text,focus-ring,required,3,4.75,PASS,PASS,div.ui-dt__cell--select focus-ring/box-shadow,--ui-focus-ring,#2563eb,--ui-data-table-header-bg,#eff6ff,,,,1,--ui-focus-ring → --ui-color-primary → --ui-blue-500 → #2563eb,--ui-data-table-header-bg → --ui-color-surface-hover → --ui-blue-50 → #eff6ff,onyx-data-table.ui-data-table > div.ui-dt__grid > div.ui-dt__head > div.ui-dt__th.ui-dt__cell--select,
data-table,light,focus,non-text,focus-ring,required,3,4.75,PASS,PASS,onyx-checkbox › input.ui-checkbox__el focus-ring/box-shadow,--ui-focus-ring,#2563eb,--ui-data-table-header-bg,#eff6ff,,,,1,--ui-focus-ring → --ui-color-primary → --ui-blue-500 → #2563eb,--ui-data-table-header-bg → --ui-color-surface-hover → --ui-blue-50 → #eff6ff,onyx-checkbox.ui-checkbox > label.ui-checkbox__wrap > input.ui-checkbox__el,
data-table,light,hover,text,text,required,4.5,16.4,PASS,PASS,onyx-data-table › div.ui-dt__td,--ui-data-table-text,#0f172a,--ui-data-table-row-hover-bg,#eff6ff,16,400,false,2,--ui-data-table-text → --ui-color-text → --ui-slate-900 → #0f172a,--ui-data-table-row-hover-bg → --ui-color-surface-hover → --ui-blue-50 → #eff6ff,onyx-data-table.ui-data-table > div.ui-dt__grid > div.ui-dt__body > div.ui-dt__tr > div.ui-dt__td,Ada Lovelace
data-table,light,hover,text,text,required,4.5,16.4,PASS,PASS,div.ui-dt__cell--end,--ui-data-table-text,#0f172a,--ui-data-table-row-hover-bg,#eff6ff,16,400,false,1,--ui-data-table-text → --ui-color-text → --ui-slate-900 → #0f172a,--ui-data-table-row-hover-bg → --ui-color-surface-hover → --ui-blue-50 → #eff6ff,onyx-data-table.ui-data-table > div.ui-dt__grid > div.ui-dt__body > div.ui-dt__tr > div.ui-dt__td.ui-dt__cell--end,Lead
data-table,light,hover,non-text,border-b,informational,,1.23,INFO,FAIL,onyx-data-table › div.ui-dt__tr border-b,--ui-data-table-row-border,#e2e8f0,--ui-data-table-bg,#ffffff,,,,1,--ui-data-table-row-border → --ui-color-border → --ui-slate-200 → #e2e8f0,--ui-data-table-bg → --ui-color-surface → --ui-white → #ffffff,onyx-data-table.ui-data-table > div.ui-dt__grid > div.ui-dt__body > div.ui-dt__tr,
data-table,light,hover,non-text,border-b-vs-own-bg,informational,,1.13,INFO,FAIL,onyx-data-table › div.ui-dt__tr border-b/inner,--ui-data-table-row-border,#e2e8f0,--ui-data-table-row-hover-bg,#eff6ff,,,,1,--ui-data-table-row-border → --ui-color-border → --ui-slate-200 → #e2e8f0,--ui-data-table-row-hover-bg → --ui-color-surface-hover → --ui-blue-50 → #eff6ff,onyx-data-table.ui-data-table > div.ui-dt__grid > div.ui-dt__body > div.ui-dt__tr,
data-table,light,hover,non-text,box,informational,,1.09,INFO,FAIL,onyx-data-table › div.ui-dt__tr box,--ui-data-table-row-hover-bg,#eff6ff,--ui-data-table-bg,#ffffff,,,,1,--ui-data-table-row-hover-bg → --ui-color-surface-hover → --ui-blue-50 → #eff6ff,--ui-data-table-bg → --ui-color-surface → --ui-white → #ffffff,onyx-data-table.ui-data-table > div.ui-dt__grid > div.ui-dt__body > div.ui-dt__tr,
data-table,light,hover,text,text,required,4.5,16.4,PASS,PASS,onyx-data-table › button.ui-dt__page-btn,--ui-data-table-text,#0f172a,--ui-data-table-row-hover-bg,#eff6ff,16,400,false,1,--ui-data-table-text → --ui-color-text → --ui-slate-900 → #0f172a,--ui-data-table-row-hover-bg → --ui-color-surface-hover → --ui-blue-50 → #eff6ff,onyx-data-table.ui-data-table > div.ui-dt__footer > div.ui-dt__pager > button.ui-dt__page-btn,›
data-table,light,hover,non-text,border,informational,,1.23,INFO,FAIL,onyx-data-table › button.ui-dt__page-btn border,--ui-data-table-border,#e2e8f0,--ui-color-surface,#ffffff,,,,1,--ui-data-table-border → --ui-color-border → --ui-slate-200 → #e2e8f0,--ui-color-surface → --ui-white → #ffffff,onyx-data-table.ui-data-table > div.ui-dt__footer > div.ui-dt__pager > button.ui-dt__page-btn,
data-table,light,hover,non-text,border-vs-own-bg,informational,,1.13,INFO,FAIL,onyx-data-table › button.ui-dt__page-btn border/inner,--ui-data-table-border,#e2e8f0,--ui-data-table-row-hover-bg,#eff6ff,,,,1,--ui-data-table-border → --ui-color-border → --ui-slate-200 → #e2e8f0,--ui-data-table-row-hover-bg → --ui-color-surface-hover → --ui-blue-50 → #eff6ff,onyx-data-table.ui-data-table > div.ui-dt__footer > div.ui-dt__pager > button.ui-dt__page-btn,
data-table,light,hover,non-text,box,informational,,1.09,INFO,FAIL,onyx-data-table › button.ui-dt__page-btn box,--ui-data-table-row-hover-bg,#eff6ff,--ui-color-surface,#ffffff,,,,1,--ui-data-table-row-hover-bg → --ui-color-surface-hover → --ui-blue-50 → #eff6ff,--ui-color-surface → --ui-white → #ffffff,onyx-data-table.ui-data-table > div.ui-dt__footer > div.ui-dt__pager > button.ui-dt__page-btn,
data-table,dark,default,non-text,border,informational,,1.72,INFO,FAIL,onyx-data-table › div.ui-dt__grid border,--ui-data-table-border,#334155,--ui-color-surface,#0f172a,,,,6,--ui-data-table-border → --ui-color-border → --ui-slate-700 → #334155,--ui-color-surface → --ui-slate-900 → #0f172a,onyx-data-table.ui-data-table > div.ui-dt__grid,
data-table,dark,default,non-text,border-b,informational,,1.72,INFO,FAIL,onyx-data-table › div.ui-dt__head border-b,--ui-data-table-border,#334155,--ui-data-table-bg,#0f172a,,,,6,--ui-data-table-border → --ui-color-border → --ui-slate-700 → #334155,--ui-data-table-bg → --ui-color-surface → --ui-slate-900 → #0f172a,onyx-data-table.ui-data-table > div.ui-dt__grid > div.ui-dt__head,
data-table,dark,default,non-text,border-b-vs-own-bg,informational,,1.41,INFO,FAIL,onyx-data-table › div.ui-dt__head border-b/inner,--ui-data-table-border,#334155,--ui-data-table-header-bg,#1e293b,,,,6,--ui-data-table-border → --ui-color-border → --ui-slate-700 → #334155,--ui-data-table-header-bg → --ui-color-surface-hover → --ui-slate-800 → #1e293b,onyx-data-table.ui-data-table > div.ui-dt__grid > div.ui-dt__head,
data-table,dark,default,non-text,box,informational,,1.22,INFO,FAIL,onyx-data-table › div.ui-dt__head box,--ui-data-table-header-bg,#1e293b,--ui-data-table-bg,#0f172a,,,,6,--ui-data-table-header-bg → --ui-color-surface-hover → --ui-slate-800 → #1e293b,--ui-data-table-bg → --ui-color-surface → --ui-slate-900 → #0f172a,onyx-data-table.ui-data-table > div.ui-dt__grid > div.ui-dt__head,
data-table,dark,default,text,text,required,4.5,13.98,PASS,PASS,onyx-data-table › span,--ui-data-table-header-text,#f8fafc,--ui-data-table-header-bg,#1e293b,16,600,false,3,--ui-data-table-header-text → --ui-color-text → --ui-slate-50 → #f8fafc,--ui-data-table-header-bg → --ui-color-surface-hover → --ui-slate-800 → #1e293b,div.ui-dt__grid > div.ui-dt__head > div.ui-dt__th > button.ui-dt__sort > span,Name
data-table,dark,default,non-text,glyph,required,3,5.71,PASS,PASS,onyx-data-table › span.ui-dt__sort-icon glyph,--ui-data-table-sort-indicator,#94a3b8,--ui-data-table-header-bg,#1e293b,16,600,false,3,--ui-data-table-sort-indicator → --ui-color-text-muted → --ui-slate-400 → #94a3b8,--ui-data-table-header-bg → --ui-color-surface-hover → --ui-slate-800 → #1e293b,div.ui-dt__grid > div.ui-dt__head > div.ui-dt__th > button.ui-dt__sort > span.ui-dt__sort-icon,↕
data-table,dark,default,text,text,required,4.5,13.98,PASS,PASS,div.ui-dt__cell--end › span,--ui-data-table-header-text,#f8fafc,--ui-data-table-header-bg,#1e293b,16,600,false,2,--ui-data-table-header-text → --ui-color-text → --ui-slate-50 → #f8fafc,--ui-data-table-header-bg → --ui-color-surface-hover → --ui-slate-800 → #1e293b,div.ui-dt__grid > div.ui-dt__head > div.ui-dt__th.ui-dt__cell--end > button.ui-dt__sort > span,Role
data-table,dark,default,non-text,glyph,required,3,5.71,PASS,PASS,div.ui-dt__cell--end › span.ui-dt__sort-icon glyph,--ui-data-table-sort-indicator,#94a3b8,--ui-data-table-header-bg,#1e293b,16,600,false,2,--ui-data-table-sort-indicator → --ui-color-text-muted → --ui-slate-400 → #94a3b8,--ui-data-table-header-bg → --ui-color-surface-hover → --ui-slate-800 → #1e293b,div.ui-dt__grid > div.ui-dt__head > div.ui-dt__th.ui-dt__cell--end > button.ui-dt__sort > span.ui-dt__sort-icon,↕
data-table,dark,default,non-text,border-b,informational,,1.72,INFO,FAIL,onyx-data-table › div.ui-dt__tr border-b,--ui-data-table-row-border,#334155,--ui-data-table-bg,#0f172a,,,,21,--ui-data-table-row-border → --ui-color-border → --ui-slate-700 → #334155,--ui-data-table-bg → --ui-color-surface → --ui-slate-900 → #0f172a,onyx-data-table.ui-data-table > div.ui-dt__grid > div.ui-dt__body > div.ui-dt__tr,
data-table,dark,default,text,text,required,4.5,17.06,PASS,PASS,onyx-data-table › div.ui-dt__td,--ui-data-table-text,#f8fafc,--ui-data-table-bg,#0f172a,16,400,false,50,--ui-data-table-text → --ui-color-text → --ui-slate-50 → #f8fafc,--ui-data-table-bg → --ui-color-surface → --ui-slate-900 → #0f172a,onyx-data-table.ui-data-table > div.ui-dt__grid > div.ui-dt__body > div.ui-dt__tr > div.ui-dt__td,Ada Lovelace
data-table,dark,default,text,text,required,4.5,17.06,PASS,PASS,div.ui-dt__cell--end,--ui-data-table-text,#f8fafc,--ui-data-table-bg,#0f172a,16,400,false,25,--ui-data-table-text → --ui-color-text → --ui-slate-50 → #f8fafc,--ui-data-table-bg → --ui-color-surface → --ui-slate-900 → #0f172a,onyx-data-table.ui-data-table > div.ui-dt__grid > div.ui-dt__body > div.ui-dt__tr > div.ui-dt__td.ui-dt__cell--end,Lead
data-table,dark,default,text,text,required,4.5,6.96,PASS,PASS,onyx-data-table › span,--ui-data-table-muted-text,#94a3b8,--ui-color-surface,#0f172a,16,400,false,3,--ui-data-table-muted-text → --ui-color-text-muted → --ui-slate-400 → #94a3b8,--ui-color-surface → --ui-slate-900 → #0f172a,onyx-data-table.ui-data-table > div.ui-dt__footer > label.ui-dt__page-size > span,Rows per page
data-table,dark,default,non-text,border,informational,,1.72,INFO,FAIL,onyx-data-table › select.ui-dt__select border,--ui-data-table-border,#334155,--ui-color-surface,#0f172a,,,,3,--ui-data-table-border → --ui-color-border → --ui-slate-700 → #334155,--ui-color-surface → --ui-slate-900 → #0f172a,onyx-data-table.ui-data-table > div.ui-dt__footer > label.ui-dt__page-size > select.ui-dt__select,
data-table,dark,default,text,text,required,4.5,6.96,PASS,PASS,onyx-data-table › span.ui-dt__range,--ui-data-table-muted-text,#94a3b8,--ui-color-surface,#0f172a,16,400,false,3,--ui-data-table-muted-text → --ui-color-text-muted → --ui-slate-400 → #94a3b8,--ui-color-surface → --ui-slate-900 → #0f172a,onyx-data-table.ui-data-table > div.ui-dt__footer > span.ui-dt__range,1–3 of 3
data-table,dark,default,text,text,exempt-disabled,,6.96,EXEMPT,PASS,onyx-data-table › button.ui-dt__page-btn [disabled],--ui-data-table-muted-text,#94a3b8,--ui-data-table-bg,#0f172a,16,400,false,5,--ui-data-table-muted-text → --ui-color-text-muted → --ui-slate-400 → #94a3b8,--ui-data-table-bg → --ui-color-surface → --ui-slate-900 → #0f172a,onyx-data-table.ui-data-table > div.ui-dt__footer > div.ui-dt__pager > button.ui-dt__page-btn,‹
data-table,dark,default,non-text,border,exempt-disabled,,1.72,EXEMPT,FAIL,onyx-data-table › button.ui-dt__page-btn [disabled] border,--ui-data-table-border,#334155,--ui-color-surface,#0f172a,,,,5,--ui-data-table-border → --ui-color-border → --ui-slate-700 → #334155,--ui-color-surface → --ui-slate-900 → #0f172a,onyx-data-table.ui-data-table > div.ui-dt__footer > div.ui-dt__pager > button.ui-dt__page-btn,
data-table,dark,default,text,text,required,4.5,6.96,PASS,PASS,onyx-data-table › span.ui-dt__page-status,--ui-data-table-muted-text,#94a3b8,--ui-color-surface,#0f172a,16,400,false,3,--ui-data-table-muted-text → --ui-color-text-muted → --ui-slate-400 → #94a3b8,--ui-color-surface → --ui-slate-900 → #0f172a,onyx-data-table.ui-data-table > div.ui-dt__footer > div.ui-dt__pager > span.ui-dt__page-status,Page 1 of 1
data-table,dark,default,text,text,required,4.5,13.98,PASS,PASS,onyx-data-table › div.ui-dt__th,--ui-data-table-header-text,#f8fafc,--ui-data-table-header-bg,#1e293b,16,600,false,9,--ui-data-table-header-text → --ui-color-text → --ui-slate-50 → #f8fafc,--ui-data-table-header-bg → --ui-color-surface-hover → --ui-slate-800 → #1e293b,onyx-data-table.ui-data-table > div.ui-dt__grid > div.ui-dt__head > div.ui-dt__th,Email
data-table,dark,default,text,text,required,4.5,17.06,PASS,PASS,onyx-data-table › button.ui-dt__page-btn,--ui-data-table-text,#f8fafc,--ui-data-table-bg,#0f172a,16,400,false,1,--ui-data-table-text → --ui-color-text → --ui-slate-50 → #f8fafc,--ui-data-table-bg → --ui-color-surface → --ui-slate-900 → #0f172a,onyx-data-table.ui-data-table > div.ui-dt__footer > div.ui-dt__pager > button.ui-dt__page-btn,›
data-table,dark,default,non-text,border,informational,,1.72,INFO,FAIL,onyx-data-table › button.ui-dt__page-btn border,--ui-data-table-border,#334155,--ui-color-surface,#0f172a,,,,1,--ui-data-table-border → --ui-color-border → --ui-slate-700 → #334155,--ui-color-surface → --ui-slate-900 → #0f172a,onyx-data-table.ui-data-table > div.ui-dt__footer > div.ui-dt__pager > button.ui-dt__page-btn,
data-table,dark,default,text,text,required,4.5,13.98,PASS,PASS,div.ui-dt__cell--end,--ui-data-table-header-text,#f8fafc,--ui-data-table-header-bg,#1e293b,16,600,false,2,--ui-data-table-header-text → --ui-color-text → --ui-slate-50 → #f8fafc,--ui-data-table-header-bg → --ui-color-surface-hover → --ui-slate-800 → #1e293b,onyx-data-table.ui-data-table > div.ui-dt__grid > div.ui-dt__head > div.ui-dt__th.ui-dt__cell--end,Role
data-table,dark,default,non-text,accent,required,3,7.61,PASS,PASS,onyx-checkbox › input.ui-checkbox__el accent-color (UA-drawn checked fill),--ui-checkbox-bg-checked,#34d399,--ui-data-table-header-bg,#1e293b,,,,1,--ui-checkbox-bg-checked → --ui-color-primary → --ui-emerald-400 → #34d399,--ui-data-table-header-bg → --ui-color-surface-hover → --ui-slate-800 → #1e293b,onyx-checkbox.ui-checkbox > label.ui-checkbox__wrap > input.ui-checkbox__el,
data-table,dark,default,non-text,accent,required,3,9.29,PASS,PASS,onyx-checkbox › input.ui-checkbox__el accent-color (UA-drawn checked fill),--ui-checkbox-bg-checked,#34d399,--ui-data-table-bg,#0f172a,,,,3,--ui-checkbox-bg-checked → --ui-color-primary → --ui-emerald-400 → #34d399,--ui-data-table-bg → --ui-color-surface → --ui-slate-900 → #0f172a,onyx-checkbox.ui-checkbox > label.ui-checkbox__wrap > input.ui-checkbox__el,
data-table,dark,default,text,text,required,4.5,6.96,PASS,PASS,onyx-data-table › div.ui-dt__status,--ui-data-table-muted-text,#94a3b8,--ui-data-table-bg,#0f172a,16,400,false,2,--ui-data-table-muted-text → --ui-color-text-muted → --ui-slate-400 → #94a3b8,--ui-data-table-bg → --ui-color-surface → --ui-slate-900 → #0f172a,onyx-data-table.ui-data-table > div.ui-dt__grid > div.ui-dt__body > div.ui-dt__status,No members yet
data-table,dark,focus,non-text,focus-ring,required,3,7.61,PASS,PASS,onyx-data-table › div.ui-dt__th focus-ring/box-shadow,--ui-focus-ring,#34d399,--ui-data-table-header-bg,#1e293b,,,,1,--ui-focus-ring → --ui-emerald-400 → #34d399,--ui-data-table-header-bg → --ui-color-surface-hover → --ui-slate-800 → #1e293b,onyx-data-table.ui-data-table > div.ui-dt__grid > div.ui-dt__head > div.ui-dt__th,
data-table,dark,focus,non-text,focus-ring,required,3,7.61,PASS,PASS,onyx-data-table › button.ui-dt__sort focus-ring/box-shadow,--ui-focus-ring,#34d399,--ui-data-table-header-bg,#1e293b,,,,1,--ui-focus-ring → --ui-emerald-400 → #34d399,--ui-data-table-header-bg → --ui-color-surface-hover → --ui-slate-800 → #1e293b,onyx-data-table.ui-data-table > div.ui-dt__grid > div.ui-dt__head > div.ui-dt__th > button.ui-dt__sort,
data-table,dark,focus,non-text,focus-ring,required,3,7.61,PASS,PASS,div.ui-dt__cell--end › button.ui-dt__sort focus-ring/box-shadow,--ui-focus-ring,#34d399,--ui-data-table-header-bg,#1e293b,,,,1,--ui-focus-ring → --ui-emerald-400 → #34d399,--ui-data-table-header-bg → --ui-color-surface-hover → --ui-slate-800 → #1e293b,onyx-data-table.ui-data-table > div.ui-dt__grid > div.ui-dt__head > div.ui-dt__th.ui-dt__cell--end > button.ui-dt__sort,
data-table,dark,focus,non-text,focus-ring,required,3,9.29,PASS,PASS,onyx-data-table › select.ui-dt__select focus-ring/box-shadow,--ui-focus-ring,#34d399,--ui-color-surface,#0f172a,,,,1,--ui-focus-ring → --ui-emerald-400 → #34d399,--ui-color-surface → --ui-slate-900 → #0f172a,onyx-data-table.ui-data-table > div.ui-dt__footer > label.ui-dt__page-size > select.ui-dt__select,
data-table,dark,focus,non-text,focus-ring,required,3,9.29,PASS,PASS,onyx-data-table › button.ui-dt__page-btn focus-ring/box-shadow,--ui-focus-ring,#34d399,--ui-color-surface,#0f172a,,,,1,--ui-focus-ring → --ui-emerald-400 → #34d399,--ui-color-surface → --ui-slate-900 → #0f172a,onyx-data-table.ui-data-table > div.ui-dt__footer > div.ui-dt__pager > button.ui-dt__page-btn,
data-table,dark,focus,non-text,focus-ring,required,3,7.61,PASS,PASS,div.ui-dt__cell--select focus-ring/box-shadow,--ui-focus-ring,#34d399,--ui-data-table-header-bg,#1e293b,,,,1,--ui-focus-ring → --ui-emerald-400 → #34d399,--ui-data-table-header-bg → --ui-color-surface-hover → --ui-slate-800 → #1e293b,onyx-data-table.ui-data-table > div.ui-dt__grid > div.ui-dt__head > div.ui-dt__th.ui-dt__cell--select,
data-table,dark,focus,non-text,focus-ring,required,3,7.61,PASS,PASS,onyx-checkbox › input.ui-checkbox__el focus-ring/box-shadow,--ui-focus-ring,#34d399,--ui-data-table-header-bg,#1e293b,,,,1,--ui-focus-ring → --ui-emerald-400 → #34d399,--ui-data-table-header-bg → --ui-color-surface-hover → --ui-slate-800 → #1e293b,onyx-checkbox.ui-checkbox > label.ui-checkbox__wrap > input.ui-checkbox__el,
data-table,dark,hover,text,text,required,4.5,13.98,PASS,PASS,onyx-data-table › div.ui-dt__td,--ui-data-table-text,#f8fafc,--ui-data-table-row-hover-bg,#1e293b,16,400,false,2,--ui-data-table-text → --ui-color-text → --ui-slate-50 → #f8fafc,--ui-data-table-row-hover-bg → --ui-color-surface-hover → --ui-slate-800 → #1e293b,onyx-data-table.ui-data-table > div.ui-dt__grid > div.ui-dt__body > div.ui-dt__tr > div.ui-dt__td,Ada Lovelace
data-table,dark,hover,text,text,required,4.5,13.98,PASS,PASS,div.ui-dt__cell--end,--ui-data-table-text,#f8fafc,--ui-data-table-row-hover-bg,#1e293b,16,400,false,1,--ui-data-table-text → --ui-color-text → --ui-slate-50 → #f8fafc,--ui-data-table-row-hover-bg → --ui-color-surface-hover → --ui-slate-800 → #1e293b,onyx-data-table.ui-data-table > div.ui-dt__grid > div.ui-dt__body > div.ui-dt__tr > div.ui-dt__td.ui-dt__cell--end,Lead
data-table,dark,hover,non-text,border-b,informational,,1.72,INFO,FAIL,onyx-data-table › div.ui-dt__tr border-b,--ui-data-table-row-border,#334155,--ui-data-table-bg,#0f172a,,,,1,--ui-data-table-row-border → --ui-color-border → --ui-slate-700 → #334155,--ui-data-table-bg → --ui-color-surface → --ui-slate-900 → #0f172a,onyx-data-table.ui-data-table > div.ui-dt__grid > div.ui-dt__body > div.ui-dt__tr,
data-table,dark,hover,non-text,border-b-vs-own-bg,informational,,1.41,INFO,FAIL,onyx-data-table › div.ui-dt__tr border-b/inner,--ui-data-table-row-border,#334155,--ui-data-table-row-hover-bg,#1e293b,,,,1,--ui-data-table-row-border → --ui-color-border → --ui-slate-700 → #334155,--ui-data-table-row-hover-bg → --ui-color-surface-hover → --ui-slate-800 → #1e293b,onyx-data-table.ui-data-table > div.ui-dt__grid > div.ui-dt__body > div.ui-dt__tr,
data-table,dark,hover,non-text,box,informational,,1.22,INFO,FAIL,onyx-data-table › div.ui-dt__tr box,--ui-data-table-row-hover-bg,#1e293b,--ui-data-table-bg,#0f172a,,,,1,--ui-data-table-row-hover-bg → --ui-color-surface-hover → --ui-slate-800 → #1e293b,--ui-data-table-bg → --ui-color-surface → --ui-slate-900 → #0f172a,onyx-data-table.ui-data-table > div.ui-dt__grid > div.ui-dt__body > div.ui-dt__tr,
data-table,dark,hover,text,text,required,4.5,13.98,PASS,PASS,onyx-data-table › button.ui-dt__page-btn,--ui-data-table-text,#f8fafc,--ui-data-table-row-hover-bg,#1e293b,16,400,false,1,--ui-data-table-text → --ui-color-text → --ui-slate-50 → #f8fafc,--ui-data-table-row-hover-bg → --ui-color-surface-hover → --ui-slate-800 → #1e293b,onyx-data-table.ui-data-table > div.ui-dt__footer > div.ui-dt__pager > button.ui-dt__page-btn,›
data-table,dark,hover,non-text,border,informational,,1.72,INFO,FAIL,onyx-data-table › button.ui-dt__page-btn border,--ui-data-table-border,#334155,--ui-color-surface,#0f172a,,,,1,--ui-data-table-border → --ui-color-border → --ui-slate-700 → #334155,--ui-color-surface → --ui-slate-900 → #0f172a,onyx-data-table.ui-data-table > div.ui-dt__footer > div.ui-dt__pager > button.ui-dt__page-btn,
data-table,dark,hover,non-text,border-vs-own-bg,informational,,1.41,INFO,FAIL,onyx-data-table › button.ui-dt__page-btn border/inner,--ui-data-table-border,#334155,--ui-data-table-row-hover-bg,#1e293b,,,,1,--ui-data-table-border → --ui-color-border → --ui-slate-700 → #334155,--ui-data-table-row-hover-bg → --ui-color-surface-hover → --ui-slate-800 → #1e293b,onyx-data-table.ui-data-table > div.ui-dt__footer > div.ui-dt__pager > button.ui-dt__page-btn,
data-table,dark,hover,non-text,box,informational,,1.22,INFO,FAIL,onyx-data-table › button.ui-dt__page-btn box,--ui-data-table-row-hover-bg,#1e293b,--ui-color-surface,#0f172a,,,,1,--ui-data-table-row-hover-bg → --ui-color-surface-hover → --ui-slate-800 → #1e293b,--ui-color-surface → --ui-slate-900 → #0f172a,onyx-data-table.ui-data-table > div.ui-dt__footer > div.ui-dt__pager > button.ui-dt__page-btn,
data-table,acme,default,non-text,border,informational,,1.23,INFO,FAIL,onyx-data-table › div.ui-dt__grid border,--ui-data-table-border,#e2e8f0,--ui-color-surface,#ffffff,,,,6,--ui-data-table-border → --ui-color-border → --ui-slate-200 → #e2e8f0,--ui-color-surface → --ui-white → #ffffff,onyx-data-table.ui-data-table > div.ui-dt__grid,
data-table,acme,default,non-text,border-b,informational,,1.23,INFO,FAIL,onyx-data-table › div.ui-dt__head border-b,--ui-data-table-border,#e2e8f0,--ui-data-table-bg,#ffffff,,,,6,--ui-data-table-border → --ui-color-border → --ui-slate-200 → #e2e8f0,--ui-data-table-bg → --ui-color-surface → --ui-white → #ffffff,onyx-data-table.ui-data-table > div.ui-dt__grid > div.ui-dt__head,
data-table,acme,default,non-text,border-b-vs-own-bg,informational,,1.13,INFO,FAIL,onyx-data-table › div.ui-dt__head border-b/inner,--ui-data-table-border,#e2e8f0,--ui-data-table-header-bg,#eff6ff,,,,6,--ui-data-table-border → --ui-color-border → --ui-slate-200 → #e2e8f0,--ui-data-table-header-bg → --ui-color-surface-hover → --ui-blue-50 → #eff6ff,onyx-data-table.ui-data-table > div.ui-dt__grid > div.ui-dt__head,
data-table,acme,default,non-text,box,informational,,1.09,INFO,FAIL,onyx-data-table › div.ui-dt__head box,--ui-data-table-header-bg,#eff6ff,--ui-data-table-bg,#ffffff,,,,6,--ui-data-table-header-bg → --ui-color-surface-hover → --ui-blue-50 → #eff6ff,--ui-data-table-bg → --ui-color-surface → --ui-white → #ffffff,onyx-data-table.ui-data-table > div.ui-dt__grid > div.ui-dt__head,
data-table,acme,default,text,text,required,4.5,16.4,PASS,PASS,onyx-data-table › span,--ui-data-table-header-text,#0f172a,--ui-data-table-header-bg,#eff6ff,16,600,false,3,--ui-data-table-header-text → --ui-color-text → --ui-slate-900 → #0f172a,--ui-data-table-header-bg → --ui-color-surface-hover → --ui-blue-50 → #eff6ff,div.ui-dt__grid > div.ui-dt__head > div.ui-dt__th > button.ui-dt__sort > span,Name
data-table,acme,default,non-text,glyph,required,3,2.36,FAIL,FAIL,onyx-data-table › span.ui-dt__sort-icon glyph,--ui-data-table-sort-indicator,#94a3b8,--ui-data-table-header-bg,#eff6ff,16,600,false,3,--ui-data-table-sort-indicator → --ui-color-text-muted → --ui-slate-400 → #94a3b8,--ui-data-table-header-bg → --ui-color-surface-hover → --ui-blue-50 → #eff6ff,div.ui-dt__grid > div.ui-dt__head > div.ui-dt__th > button.ui-dt__sort > span.ui-dt__sort-icon,↕
data-table,acme,default,text,text,required,4.5,16.4,PASS,PASS,div.ui-dt__cell--end › span,--ui-data-table-header-text,#0f172a,--ui-data-table-header-bg,#eff6ff,16,600,false,2,--ui-data-table-header-text → --ui-color-text → --ui-slate-900 → #0f172a,--ui-data-table-header-bg → --ui-color-surface-hover → --ui-blue-50 → #eff6ff,div.ui-dt__grid > div.ui-dt__head > div.ui-dt__th.ui-dt__cell--end > button.ui-dt__sort > span,Role
data-table,acme,default,non-text,glyph,required,3,2.36,FAIL,FAIL,div.ui-dt__cell--end › span.ui-dt__sort-icon glyph,--ui-data-table-sort-indicator,#94a3b8,--ui-data-table-header-bg,#eff6ff,16,600,false,2,--ui-data-table-sort-indicator → --ui-color-text-muted → --ui-slate-400 → #94a3b8,--ui-data-table-header-bg → --ui-color-surface-hover → --ui-blue-50 → #eff6ff,div.ui-dt__grid > div.ui-dt__head > div.ui-dt__th.ui-dt__cell--end > button.ui-dt__sort > span.ui-dt__sort-icon,↕
data-table,acme,default,non-text,border-b,informational,,1.23,INFO,FAIL,onyx-data-table › div.ui-dt__tr border-b,--ui-data-table-row-border,#e2e8f0,--ui-data-table-bg,#ffffff,,,,21,--ui-data-table-row-border → --ui-color-border → --ui-slate-200 → #e2e8f0,--ui-data-table-bg → --ui-color-surface → --ui-white → #ffffff,onyx-data-table.ui-data-table > div.ui-dt__grid > div.ui-dt__body > div.ui-dt__tr,
data-table,acme,default,text,text,required,4.5,17.85,PASS,PASS,onyx-data-table › div.ui-dt__td,--ui-data-table-text,#0f172a,--ui-data-table-bg,#ffffff,16,400,false,50,--ui-data-table-text → --ui-color-text → --ui-slate-900 → #0f172a,--ui-data-table-bg → --ui-color-surface → --ui-white → #ffffff,onyx-data-table.ui-data-table > div.ui-dt__grid > div.ui-dt__body > div.ui-dt__tr > div.ui-dt__td,Ada Lovelace
data-table,acme,default,text,text,required,4.5,17.85,PASS,PASS,div.ui-dt__cell--end,--ui-data-table-text,#0f172a,--ui-data-table-bg,#ffffff,16,400,false,25,--ui-data-table-text → --ui-color-text → --ui-slate-900 → #0f172a,--ui-data-table-bg → --ui-color-surface → --ui-white → #ffffff,onyx-data-table.ui-data-table > div.ui-dt__grid > div.ui-dt__body > div.ui-dt__tr > div.ui-dt__td.ui-dt__cell--end,Lead
data-table,acme,default,text,text,required,4.5,2.56,FAIL,FAIL,onyx-data-table › span,--ui-data-table-muted-text,#94a3b8,--ui-color-surface,#ffffff,16,400,false,3,--ui-data-table-muted-text → --ui-color-text-muted → --ui-slate-400 → #94a3b8,--ui-color-surface → --ui-white → #ffffff,onyx-data-table.ui-data-table > div.ui-dt__footer > label.ui-dt__page-size > span,Rows per page
data-table,acme,default,non-text,border,informational,,1.23,INFO,FAIL,onyx-data-table › select.ui-dt__select border,--ui-data-table-border,#e2e8f0,--ui-color-surface,#ffffff,,,,3,--ui-data-table-border → --ui-color-border → --ui-slate-200 → #e2e8f0,--ui-color-surface → --ui-white → #ffffff,onyx-data-table.ui-data-table > div.ui-dt__footer > label.ui-dt__page-size > select.ui-dt__select,
data-table,acme,default,text,text,required,4.5,2.56,FAIL,FAIL,onyx-data-table › span.ui-dt__range,--ui-data-table-muted-text,#94a3b8,--ui-color-surface,#ffffff,16,400,false,3,--ui-data-table-muted-text → --ui-color-text-muted → --ui-slate-400 → #94a3b8,--ui-color-surface → --ui-white → #ffffff,onyx-data-table.ui-data-table > div.ui-dt__footer > span.ui-dt__range,1–3 of 3
data-table,acme,default,text,text,exempt-disabled,,2.56,EXEMPT,FAIL,onyx-data-table › button.ui-dt__page-btn [disabled],--ui-data-table-muted-text,#94a3b8,--ui-data-table-bg,#ffffff,16,400,false,5,--ui-data-table-muted-text → --ui-color-text-muted → --ui-slate-400 → #94a3b8,--ui-data-table-bg → --ui-color-surface → --ui-white → #ffffff,onyx-data-table.ui-data-table > div.ui-dt__footer > div.ui-dt__pager > button.ui-dt__page-btn,‹
data-table,acme,default,non-text,border,exempt-disabled,,1.23,EXEMPT,FAIL,onyx-data-table › button.ui-dt__page-btn [disabled] border,--ui-data-table-border,#e2e8f0,--ui-color-surface,#ffffff,,,,5,--ui-data-table-border → --ui-color-border → --ui-slate-200 → #e2e8f0,--ui-color-surface → --ui-white → #ffffff,onyx-data-table.ui-data-table > div.ui-dt__footer > div.ui-dt__pager > button.ui-dt__page-btn,
data-table,acme,default,text,text,required,4.5,2.56,FAIL,FAIL,onyx-data-table › span.ui-dt__page-status,--ui-data-table-muted-text,#94a3b8,--ui-color-surface,#ffffff,16,400,false,3,--ui-data-table-muted-text → --ui-color-text-muted → --ui-slate-400 → #94a3b8,--ui-color-surface → --ui-white → #ffffff,onyx-data-table.ui-data-table > div.ui-dt__footer > div.ui-dt__pager > span.ui-dt__page-status,Page 1 of 1
data-table,acme,default,text,text,required,4.5,16.4,PASS,PASS,onyx-data-table › div.ui-dt__th,--ui-data-table-header-text,#0f172a,--ui-data-table-header-bg,#eff6ff,16,600,false,9,--ui-data-table-header-text → --ui-color-text → --ui-slate-900 → #0f172a,--ui-data-table-header-bg → --ui-color-surface-hover → --ui-blue-50 → #eff6ff,onyx-data-table.ui-data-table > div.ui-dt__grid > div.ui-dt__head > div.ui-dt__th,Email
data-table,acme,default,text,text,required,4.5,17.85,PASS,PASS,onyx-data-table › button.ui-dt__page-btn,--ui-data-table-text,#0f172a,--ui-data-table-bg,#ffffff,16,400,false,1,--ui-data-table-text → --ui-color-text → --ui-slate-900 → #0f172a,--ui-data-table-bg → --ui-color-surface → --ui-white → #ffffff,onyx-data-table.ui-data-table > div.ui-dt__footer > div.ui-dt__pager > button.ui-dt__page-btn,›
data-table,acme,default,non-text,border,informational,,1.23,INFO,FAIL,onyx-data-table › button.ui-dt__page-btn border,--ui-data-table-border,#e2e8f0,--ui-color-surface,#ffffff,,,,1,--ui-data-table-border → --ui-color-border → --ui-slate-200 → #e2e8f0,--ui-color-surface → --ui-white → #ffffff,onyx-data-table.ui-data-table > div.ui-dt__footer > div.ui-dt__pager > button.ui-dt__page-btn,
data-table,acme,default,text,text,required,4.5,16.4,PASS,PASS,div.ui-dt__cell--end,--ui-data-table-header-text,#0f172a,--ui-data-table-header-bg,#eff6ff,16,600,false,2,--ui-data-table-header-text → --ui-color-text → --ui-slate-900 → #0f172a,--ui-data-table-header-bg → --ui-color-surface-hover → --ui-blue-50 → #eff6ff,onyx-data-table.ui-data-table > div.ui-dt__grid > div.ui-dt__head > div.ui-dt__th.ui-dt__cell--end,Role
data-table,acme,default,non-text,accent,required,3,5.24,PASS,PASS,onyx-checkbox › input.ui-checkbox__el accent-color (UA-drawn checked fill),--ui-checkbox-bg-checked,#7c3aed,--ui-data-table-header-bg,#eff6ff,,,,1,--ui-checkbox-bg-checked → --ui-color-primary → #7c3aed,--ui-data-table-header-bg → --ui-color-surface-hover → --ui-blue-50 → #eff6ff,onyx-checkbox.ui-checkbox > label.ui-checkbox__wrap > input.ui-checkbox__el,
data-table,acme,default,non-text,accent,required,3,5.7,PASS,PASS,onyx-checkbox › input.ui-checkbox__el accent-color (UA-drawn checked fill),--ui-checkbox-bg-checked,#7c3aed,--ui-data-table-bg,#ffffff,,,,3,--ui-checkbox-bg-checked → --ui-color-primary → #7c3aed,--ui-data-table-bg → --ui-color-surface → --ui-white → #ffffff,onyx-checkbox.ui-checkbox > label.ui-checkbox__wrap > input.ui-checkbox__el,
data-table,acme,default,text,text,required,4.5,2.56,FAIL,FAIL,onyx-data-table › div.ui-dt__status,--ui-data-table-muted-text,#94a3b8,--ui-data-table-bg,#ffffff,16,400,false,2,--ui-data-table-muted-text → --ui-color-text-muted → --ui-slate-400 → #94a3b8,--ui-data-table-bg → --ui-color-surface → --ui-white → #ffffff,onyx-data-table.ui-data-table > div.ui-dt__grid > div.ui-dt__body > div.ui-dt__status,No members yet
data-table,acme,focus,non-text,focus-ring,required,3,3.89,PASS,PASS,onyx-data-table › div.ui-dt__th focus-ring/box-shadow,--ui-focus-ring,#8b5cf6,--ui-data-table-header-bg,#eff6ff,,,,1,--ui-focus-ring → #8b5cf6,--ui-data-table-header-bg → --ui-color-surface-hover → --ui-blue-50 → #eff6ff,onyx-data-table.ui-data-table > div.ui-dt__grid > div.ui-dt__head > div.ui-dt__th,
data-table,acme,focus,non-text,focus-ring,required,3,3.89,PASS,PASS,onyx-data-table › button.ui-dt__sort focus-ring/box-shadow,--ui-focus-ring,#8b5cf6,--ui-data-table-header-bg,#eff6ff,,,,1,--ui-focus-ring → #8b5cf6,--ui-data-table-header-bg → --ui-color-surface-hover → --ui-blue-50 → #eff6ff,onyx-data-table.ui-data-table > div.ui-dt__grid > div.ui-dt__head > div.ui-dt__th > button.ui-dt__sort,
data-table,acme,focus,non-text,focus-ring,required,3,3.89,PASS,PASS,div.ui-dt__cell--end › button.ui-dt__sort focus-ring/box-shadow,--ui-focus-ring,#8b5cf6,--ui-data-table-header-bg,#eff6ff,,,,1,--ui-focus-ring → #8b5cf6,--ui-data-table-header-bg → --ui-color-surface-hover → --ui-blue-50 → #eff6ff,onyx-data-table.ui-data-table > div.ui-dt__grid > div.ui-dt__head > div.ui-dt__th.ui-dt__cell--end > button.ui-dt__sort,
data-table,acme,focus,non-text,focus-ring,required,3,4.23,PASS,PASS,onyx-data-table › select.ui-dt__select focus-ring/box-shadow,--ui-focus-ring,#8b5cf6,--ui-color-surface,#ffffff,,,,1,--ui-focus-ring → #8b5cf6,--ui-color-surface → --ui-white → #ffffff,onyx-data-table.ui-data-table > div.ui-dt__footer > label.ui-dt__page-size > select.ui-dt__select,
data-table,acme,focus,non-text,focus-ring,required,3,4.23,PASS,PASS,onyx-data-table › button.ui-dt__page-btn focus-ring/box-shadow,--ui-focus-ring,#8b5cf6,--ui-color-surface,#ffffff,,,,1,--ui-focus-ring → #8b5cf6,--ui-color-surface → --ui-white → #ffffff,onyx-data-table.ui-data-table > div.ui-dt__footer > div.ui-dt__pager > button.ui-dt__page-btn,
data-table,acme,focus,non-text,focus-ring,required,3,3.89,PASS,PASS,div.ui-dt__cell--select focus-ring/box-shadow,--ui-focus-ring,#8b5cf6,--ui-data-table-header-bg,#eff6ff,,,,1,--ui-focus-ring → #8b5cf6,--ui-data-table-header-bg → --ui-color-surface-hover → --ui-blue-50 → #eff6ff,onyx-data-table.ui-data-table > div.ui-dt__grid > div.ui-dt__head > div.ui-dt__th.ui-dt__cell--select,
data-table,acme,focus,non-text,focus-ring,required,3,3.89,PASS,PASS,onyx-checkbox › input.ui-checkbox__el focus-ring/box-shadow,--ui-focus-ring,#8b5cf6,--ui-data-table-header-bg,#eff6ff,,,,1,--ui-focus-ring → #8b5cf6,--ui-data-table-header-bg → --ui-color-surface-hover → --ui-blue-50 → #eff6ff,onyx-checkbox.ui-checkbox > label.ui-checkbox__wrap > input.ui-checkbox__el,
data-table,acme,hover,text,text,required,4.5,16.4,PASS,PASS,onyx-data-table › div.ui-dt__td,--ui-data-table-text,#0f172a,--ui-data-table-row-hover-bg,#eff6ff,16,400,false,2,--ui-data-table-text → --ui-color-text → --ui-slate-900 → #0f172a,--ui-data-table-row-hover-bg → --ui-color-surface-hover → --ui-blue-50 → #eff6ff,onyx-data-table.ui-data-table > div.ui-dt__grid > div.ui-dt__body > div.ui-dt__tr > div.ui-dt__td,Ada Lovelace
data-table,acme,hover,text,text,required,4.5,16.4,PASS,PASS,div.ui-dt__cell--end,--ui-data-table-text,#0f172a,--ui-data-table-row-hover-bg,#eff6ff,16,400,false,1,--ui-data-table-text → --ui-color-text → --ui-slate-900 → #0f172a,--ui-data-table-row-hover-bg → --ui-color-surface-hover → --ui-blue-50 → #eff6ff,onyx-data-table.ui-data-table > div.ui-dt__grid > div.ui-dt__body > div.ui-dt__tr > div.ui-dt__td.ui-dt__cell--end,Lead
data-table,acme,hover,non-text,border-b,informational,,1.23,INFO,FAIL,onyx-data-table › div.ui-dt__tr border-b,--ui-data-table-row-border,#e2e8f0,--ui-data-table-bg,#ffffff,,,,1,--ui-data-table-row-border → --ui-color-border → --ui-slate-200 → #e2e8f0,--ui-data-table-bg → --ui-color-surface → --ui-white → #ffffff,onyx-data-table.ui-data-table > div.ui-dt__grid > div.ui-dt__body > div.ui-dt__tr,
data-table,acme,hover,non-text,border-b-vs-own-bg,informational,,1.13,INFO,FAIL,onyx-data-table › div.ui-dt__tr border-b/inner,--ui-data-table-row-border,#e2e8f0,--ui-data-table-row-hover-bg,#eff6ff,,,,1,--ui-data-table-row-border → --ui-color-border → --ui-slate-200 → #e2e8f0,--ui-data-table-row-hover-bg → --ui-color-surface-hover → --ui-blue-50 → #eff6ff,onyx-data-table.ui-data-table > div.ui-dt__grid > div.ui-dt__body > div.ui-dt__tr,
data-table,acme,hover,non-text,box,informational,,1.09,INFO,FAIL,onyx-data-table › div.ui-dt__tr box,--ui-data-table-row-hover-bg,#eff6ff,--ui-data-table-bg,#ffffff,,,,1,--ui-data-table-row-hover-bg → --ui-color-surface-hover → --ui-blue-50 → #eff6ff,--ui-data-table-bg → --ui-color-surface → --ui-white → #ffffff,onyx-data-table.ui-data-table > div.ui-dt__grid > div.ui-dt__body > div.ui-dt__tr,
data-table,acme,hover,text,text,required,4.5,16.4,PASS,PASS,onyx-data-table › button.ui-dt__page-btn,--ui-data-table-text,#0f172a,--ui-data-table-row-hover-bg,#eff6ff,16,400,false,1,--ui-data-table-text → --ui-color-text → --ui-slate-900 → #0f172a,--ui-data-table-row-hover-bg → --ui-color-surface-hover → --ui-blue-50 → #eff6ff,onyx-data-table.ui-data-table > div.ui-dt__footer > div.ui-dt__pager > button.ui-dt__page-btn,›
data-table,acme,hover,non-text,border,informational,,1.23,INFO,FAIL,onyx-data-table › button.ui-dt__page-btn border,--ui-data-table-border,#e2e8f0,--ui-color-surface,#ffffff,,,,1,--ui-data-table-border → --ui-color-border → --ui-slate-200 → #e2e8f0,--ui-color-surface → --ui-white → #ffffff,onyx-data-table.ui-data-table > div.ui-dt__footer > div.ui-dt__pager > button.ui-dt__page-btn,
data-table,acme,hover,non-text,border-vs-own-bg,informational,,1.13,INFO,FAIL,onyx-data-table › button.ui-dt__page-btn border/inner,--ui-data-table-border,#e2e8f0,--ui-data-table-row-hover-bg,#eff6ff,,,,1,--ui-data-table-border → --ui-color-border → --ui-slate-200 → #e2e8f0,--ui-data-table-row-hover-bg → --ui-color-surface-hover → --ui-blue-50 → #eff6ff,onyx-data-table.ui-data-table > div.ui-dt__footer > div.ui-dt__pager > button.ui-dt__page-btn,
data-table,acme,hover,non-text,box,informational,,1.09,INFO,FAIL,onyx-data-table › button.ui-dt__page-btn box,--ui-data-table-row-hover-bg,#eff6ff,--ui-color-surface,#ffffff,,,,1,--ui-data-table-row-hover-bg → --ui-color-surface-hover → --ui-blue-50 → #eff6ff,--ui-color-surface → --ui-white → #ffffff,onyx-data-table.ui-data-table > div.ui-dt__footer > div.ui-dt__pager > button.ui-dt__page-btn,
dialog,light,default,non-text,box,informational,,5.17,INFO,PASS,onyx-button.ui-button--primary › button.ui-button__el box,--ui-button-bg,#2563eb,--ui-color-surface,#ffffff,,,,1,--ui-button-bg → --ui-color-primary → --ui-blue-500 → #2563eb,--ui-color-surface → --ui-white → #ffffff,onyx-button.ui-button.ui-button--primary > button.ui-button__el,
dialog,light,default,text,text,required,4.5,5.17,PASS,PASS,onyx-button.ui-button--primary › span.ui-button__label,--ui-button-text,#ffffff,--ui-button-bg,#2563eb,16,600,false,1,--ui-button-text → --ui-color-on-primary → --ui-white → #ffffff,--ui-button-bg → --ui-color-primary → --ui-blue-500 → #2563eb,onyx-button.ui-button.ui-button--primary > button.ui-button__el > span.ui-button__label,Open dialog
dialog,light,default,non-text,border,informational,,5.17,INFO,PASS,onyx-button.ui-button--secondary › button.ui-button__el border,--ui-color-primary,#2563eb,--ui-color-surface,#ffffff,,,,1,--ui-color-primary → --ui-blue-500 → #2563eb,--ui-color-surface → --ui-white → #ffffff,onyx-button.ui-button.ui-button--secondary > button.ui-button__el,
dialog,light,default,text,text,required,4.5,5.17,PASS,PASS,onyx-button.ui-button--secondary › span.ui-button__label,--ui-color-primary,#2563eb,--ui-color-surface,#ffffff,16,600,false,1,--ui-color-primary → --ui-blue-500 → #2563eb,--ui-color-surface → --ui-white → #ffffff,onyx-button.ui-button.ui-button--secondary > button.ui-button__el > span.ui-button__label,Open large dialog
dialog,light,open,non-text,fill,consumer-owned,,2.23,INFO,FAIL,(page) › div fill,,#a9aaab,--docs-page-bg,#f8fafc,,,,1,,--docs-page-bg,div.cdk-overlay-container > div.cdk-overlay-backdrop.cdk-overlay-dark-backdrop,
dialog,light,open,non-text,border,informational,,1.18,INFO,FAIL,div › div.ui-dialog__panel border,--ui-dialog-border,#e2e8f0,--docs-page-bg,#f8fafc,,,,1,--ui-dialog-border → --ui-color-border → --ui-slate-200 → #e2e8f0,--docs-page-bg,div.cdk-overlay-container > div.cdk-global-overlay-wrapper > div.cdk-overlay-pane.ui-dialog__pane > div.ui-dialog__panel,
dialog,light,open,non-text,border-vs-own-bg,informational,,1.23,INFO,FAIL,div › div.ui-dialog__panel border/inner,--ui-dialog-border,#e2e8f0,--ui-dialog-bg,#ffffff,,,,1,--ui-dialog-border → --ui-color-border → --ui-slate-200 → #e2e8f0,--ui-dialog-bg → --ui-color-surface → --ui-white → #ffffff,div.cdk-overlay-container > div.cdk-global-overlay-wrapper > div.cdk-overlay-pane.ui-dialog__pane > div.ui-dialog__panel,
dialog,light,open,non-text,box,informational,,1.05,INFO,FAIL,div › div.ui-dialog__panel box,--ui-dialog-bg,#ffffff,--docs-page-bg,#f8fafc,,,,1,--ui-dialog-bg → --ui-color-surface → --ui-white → #ffffff,--docs-page-bg,div.cdk-overlay-container > div.cdk-global-overlay-wrapper > div.cdk-overlay-pane.ui-dialog__pane > div.ui-dialog__panel,
dialog,light,open,text,text,required,4.5,17.85,PASS,PASS,div › h2.ui-dialog__title,--ui-color-text,#0f172a,--ui-dialog-bg,#ffffff,18,600,false,1,--ui-color-text → --ui-slate-900 → #0f172a,--ui-dialog-bg → --ui-color-surface → --ui-white → #ffffff,div.cdk-global-overlay-wrapper > div.cdk-overlay-pane.ui-dialog__pane > div.ui-dialog__panel > div.ui-dialog__header > h2.ui-dialog__title,Confirm action
dialog,light,open,text,text,required,4.5,17.85,PASS,PASS,div › span,--ui-dialog-text,#0f172a,--ui-dialog-bg,#ffffff,18,400,false,1,--ui-dialog-text → --ui-color-text → --ui-slate-900 → #0f172a,--ui-dialog-bg → --ui-color-surface → --ui-white → #ffffff,div.cdk-overlay-pane.ui-dialog__pane > div.ui-dialog__panel > div.ui-dialog__header > button.ui-dialog__close > span,×
dialog,light,open,text,text,required,4.5,17.85,PASS,PASS,div › p,--ui-dialog-text,#0f172a,--ui-dialog-bg,#ffffff,15,400,false,1,--ui-dialog-text → --ui-color-text → --ui-slate-900 → #0f172a,--ui-dialog-bg → --ui-color-surface → --ui-white → #ffffff,div.cdk-global-overlay-wrapper > div.cdk-overlay-pane.ui-dialog__pane > div.ui-dialog__panel > div.ui-dialog__body > p,This action cannot be undone. Do you wan
dialog,light,open,non-text,border,informational,,5.17,INFO,PASS,onyx-button.ui-button--secondary › button.ui-button__el border,--ui-color-primary,#2563eb,--ui-dialog-bg,#ffffff,,,,1,--ui-color-primary → --ui-blue-500 → #2563eb,--ui-dialog-bg → --ui-color-surface → --ui-white → #ffffff,onyx-button.ui-button.ui-button--secondary > button.ui-button__el,
dialog,light,open,text,text,required,4.5,5.17,PASS,PASS,onyx-button.ui-button--secondary › span.ui-button__label,--ui-color-primary,#2563eb,--ui-color-surface,#ffffff,16,600,false,1,--ui-color-primary → --ui-blue-500 → #2563eb,--ui-color-surface → --ui-white → #ffffff,onyx-button.ui-button.ui-button--secondary > button.ui-button__el > span.ui-button__label,Cancel
dialog,light,open,non-text,box,informational,,5.17,INFO,PASS,onyx-button.ui-button--primary › button.ui-button__el box,--ui-button-bg,#2563eb,--ui-dialog-bg,#ffffff,,,,1,--ui-button-bg → --ui-color-primary → --ui-blue-500 → #2563eb,--ui-dialog-bg → --ui-color-surface → --ui-white → #ffffff,onyx-button.ui-button.ui-button--primary > button.ui-button__el,
dialog,light,open,text,text,required,4.5,5.17,PASS,PASS,onyx-button.ui-button--primary › span.ui-button__label,--ui-button-text,#ffffff,--ui-button-bg,#2563eb,16,600,false,1,--ui-button-text → --ui-color-on-primary → --ui-white → #ffffff,--ui-button-bg → --ui-color-primary → --ui-blue-500 → #2563eb,onyx-button.ui-button.ui-button--primary > button.ui-button__el > span.ui-button__label,Confirm
dialog,light,focus,non-text,focus-ring,required,3,5.17,PASS,PASS,onyx-button.ui-button--primary › button.ui-button__el focus-ring/box-shadow,--ui-focus-ring,#2563eb,--ui-color-surface,#ffffff,,,,1,--ui-focus-ring → --ui-color-primary → --ui-blue-500 → #2563eb,--ui-color-surface → --ui-white → #ffffff,onyx-button.ui-button.ui-button--primary > button.ui-button__el,
dialog,light,focus,non-text,focus-ring-vs-control,informational,,1.3,INFO,FAIL,onyx-button.ui-button--primary › button.ui-button__el focus-ring/vs-control,--ui-focus-ring,#2563eb,--ui-button-bg-hover,#1d4ed8,,,,1,--ui-focus-ring → --ui-color-primary → --ui-blue-500 → #2563eb,--ui-button-bg-hover → --ui-color-primary-hover → --ui-blue-600 → #1d4ed8,onyx-button.ui-button.ui-button--primary > button.ui-button__el,
dialog,light,focus,non-text,focus-ring,required,3,5.17,PASS,PASS,onyx-button.ui-button--secondary › button.ui-button__el focus-ring/box-shadow,--ui-focus-ring,#2563eb,--ui-color-surface,#ffffff,,,,1,--ui-focus-ring → --ui-color-primary → --ui-blue-500 → #2563eb,--ui-color-surface → --ui-white → #ffffff,onyx-button.ui-button.ui-button--secondary > button.ui-button__el,
dialog,light,hover,text,text,required,4.5,6.7,PASS,PASS,onyx-button.ui-button--primary › span.ui-button__label,--ui-button-text,#ffffff,--ui-button-bg-hover,#1d4ed8,16,600,false,1,--ui-button-text → --ui-color-on-primary → --ui-white → #ffffff,--ui-button-bg-hover → --ui-color-primary-hover → --ui-blue-600 → #1d4ed8,onyx-button.ui-button.ui-button--primary > button.ui-button__el > span.ui-button__label,Open dialog
dialog,light,hover,non-text,box,informational,,6.7,INFO,PASS,onyx-button.ui-button--primary › button.ui-button__el box,--ui-button-bg-hover,#1d4ed8,--ui-color-surface,#ffffff,,,,1,--ui-button-bg-hover → --ui-color-primary-hover → --ui-blue-600 → #1d4ed8,--ui-color-surface → --ui-white → #ffffff,onyx-button.ui-button.ui-button--primary > button.ui-button__el,
dialog,light,hover,text,text,required,4.5,4.75,PASS,PASS,onyx-button.ui-button--secondary › span.ui-button__label,--ui-color-primary,#2563eb,--ui-color-surface-hover,#eff6ff,16,600,false,1,--ui-color-primary → --ui-blue-500 → #2563eb,--ui-color-surface-hover → --ui-blue-50 → #eff6ff,onyx-button.ui-button.ui-button--secondary > button.ui-button__el > span.ui-button__label,Open large dialog
dialog,light,hover,non-text,border,informational,,5.17,INFO,PASS,onyx-button.ui-button--secondary › button.ui-button__el border,--ui-color-primary,#2563eb,--ui-color-surface,#ffffff,,,,1,--ui-color-primary → --ui-blue-500 → #2563eb,--ui-color-surface → --ui-white → #ffffff,onyx-button.ui-button.ui-button--secondary > button.ui-button__el,
dialog,light,hover,non-text,border-vs-own-bg,informational,,4.75,INFO,PASS,onyx-button.ui-button--secondary › button.ui-button__el border/inner,--ui-color-primary,#2563eb,--ui-color-surface-hover,#eff6ff,,,,1,--ui-color-primary → --ui-blue-500 → #2563eb,--ui-color-surface-hover → --ui-blue-50 → #eff6ff,onyx-button.ui-button.ui-button--secondary > button.ui-button__el,
dialog,light,hover,non-text,box,informational,,1.09,INFO,FAIL,onyx-button.ui-button--secondary › button.ui-button__el box,--ui-color-surface-hover,#eff6ff,--ui-color-surface,#ffffff,,,,1,--ui-color-surface-hover → --ui-blue-50 → #eff6ff,--ui-color-surface → --ui-white → #ffffff,onyx-button.ui-button.ui-button--secondary > button.ui-button__el,
dialog,dark,default,non-text,box,informational,,9.29,INFO,PASS,onyx-button.ui-button--primary › button.ui-button__el box,--ui-button-bg,#34d399,--ui-color-surface,#0f172a,,,,1,--ui-button-bg → --ui-color-primary → --ui-emerald-400 → #34d399,--ui-color-surface → --ui-slate-900 → #0f172a,onyx-button.ui-button.ui-button--primary > button.ui-button__el,
dialog,dark,default,text,text,required,4.5,10.49,PASS,PASS,onyx-button.ui-button--primary › span.ui-button__label,--ui-button-text,#020617,--ui-button-bg,#34d399,16,600,false,1,--ui-button-text → --ui-color-on-primary → --ui-slate-950 → #020617,--ui-button-bg → --ui-color-primary → --ui-emerald-400 → #34d399,onyx-button.ui-button.ui-button--primary > button.ui-button__el > span.ui-button__label,Open dialog
dialog,dark,default,non-text,border,informational,,9.29,INFO,PASS,onyx-button.ui-button--secondary › button.ui-button__el border,--ui-color-primary,#34d399,--ui-color-surface,#0f172a,,,,1,--ui-color-primary → --ui-emerald-400 → #34d399,--ui-color-surface → --ui-slate-900 → #0f172a,onyx-button.ui-button.ui-button--secondary > button.ui-button__el,
dialog,dark,default,text,text,required,4.5,9.29,PASS,PASS,onyx-button.ui-button--secondary › span.ui-button__label,--ui-color-primary,#34d399,--ui-color-surface,#0f172a,16,600,false,1,--ui-color-primary → --ui-emerald-400 → #34d399,--ui-color-surface → --ui-slate-900 → #0f172a,onyx-button.ui-button.ui-button--secondary > button.ui-button__el > span.ui-button__label,Open large dialog
dialog,dark,open,non-text,fill,consumer-owned,,1.01,INFO,FAIL,(page) › div fill,,#010410,--docs-page-bg,#020617,,,,1,,--docs-page-bg,div.cdk-overlay-container > div.cdk-overlay-backdrop.cdk-overlay-dark-backdrop,
dialog,dark,open,non-text,border,informational,,1.95,INFO,FAIL,div › div.ui-dialog__panel border,--ui-dialog-border,#334155,--docs-page-bg,#020617,,,,1,--ui-dialog-border → --ui-color-border → --ui-slate-700 → #334155,--docs-page-bg,div.cdk-overlay-container > div.cdk-global-overlay-wrapper > div.cdk-overlay-pane.ui-dialog__pane > div.ui-dialog__panel,
dialog,dark,open,non-text,border-vs-own-bg,informational,,1.72,INFO,FAIL,div › div.ui-dialog__panel border/inner,--ui-dialog-border,#334155,--ui-dialog-bg,#0f172a,,,,1,--ui-dialog-border → --ui-color-border → --ui-slate-700 → #334155,--ui-dialog-bg → --ui-color-surface → --ui-slate-900 → #0f172a,div.cdk-overlay-container > div.cdk-global-overlay-wrapper > div.cdk-overlay-pane.ui-dialog__pane > div.ui-dialog__panel,
dialog,dark,open,non-text,box,informational,,1.13,INFO,FAIL,div › div.ui-dialog__panel box,--ui-dialog-bg,#0f172a,--docs-page-bg,#020617,,,,1,--ui-dialog-bg → --ui-color-surface → --ui-slate-900 → #0f172a,--docs-page-bg,div.cdk-overlay-container > div.cdk-global-overlay-wrapper > div.cdk-overlay-pane.ui-dialog__pane > div.ui-dialog__panel,
dialog,dark,open,text,text,required,4.5,17.06,PASS,PASS,div › h2.ui-dialog__title,--ui-color-text,#f8fafc,--ui-dialog-bg,#0f172a,18,600,false,1,--ui-color-text → --ui-slate-50 → #f8fafc,--ui-dialog-bg → --ui-color-surface → --ui-slate-900 → #0f172a,div.cdk-global-overlay-wrapper > div.cdk-overlay-pane.ui-dialog__pane > div.ui-dialog__panel > div.ui-dialog__header > h2.ui-dialog__title,Confirm action
dialog,dark,open,text,text,required,4.5,17.06,PASS,PASS,div › span,--ui-dialog-text,#f8fafc,--ui-dialog-bg,#0f172a,18,400,false,1,--ui-dialog-text → --ui-color-text → --ui-slate-50 → #f8fafc,--ui-dialog-bg → --ui-color-surface → --ui-slate-900 → #0f172a,div.cdk-overlay-pane.ui-dialog__pane > div.ui-dialog__panel > div.ui-dialog__header > button.ui-dialog__close > span,×
dialog,dark,open,text,text,required,4.5,17.06,PASS,PASS,div › p,--ui-dialog-text,#f8fafc,--ui-dialog-bg,#0f172a,15,400,false,1,--ui-dialog-text → --ui-color-text → --ui-slate-50 → #f8fafc,--ui-dialog-bg → --ui-color-surface → --ui-slate-900 → #0f172a,div.cdk-global-overlay-wrapper > div.cdk-overlay-pane.ui-dialog__pane > div.ui-dialog__panel > div.ui-dialog__body > p,This action cannot be undone. Do you wan
dialog,dark,open,non-text,border,informational,,9.29,INFO,PASS,onyx-button.ui-button--secondary › button.ui-button__el border,--ui-color-primary,#34d399,--ui-dialog-bg,#0f172a,,,,1,--ui-color-primary → --ui-emerald-400 → #34d399,--ui-dialog-bg → --ui-color-surface → --ui-slate-900 → #0f172a,onyx-button.ui-button.ui-button--secondary > button.ui-button__el,
dialog,dark,open,text,text,required,4.5,9.29,PASS,PASS,onyx-button.ui-button--secondary › span.ui-button__label,--ui-color-primary,#34d399,--ui-color-surface,#0f172a,16,600,false,1,--ui-color-primary → --ui-emerald-400 → #34d399,--ui-color-surface → --ui-slate-900 → #0f172a,onyx-button.ui-button.ui-button--secondary > button.ui-button__el > span.ui-button__label,Cancel
dialog,dark,open,non-text,box,informational,,9.29,INFO,PASS,onyx-button.ui-button--primary › button.ui-button__el box,--ui-button-bg,#34d399,--ui-dialog-bg,#0f172a,,,,1,--ui-button-bg → --ui-color-primary → --ui-emerald-400 → #34d399,--ui-dialog-bg → --ui-color-surface → --ui-slate-900 → #0f172a,onyx-button.ui-button.ui-button--primary > button.ui-button__el,
dialog,dark,open,text,text,required,4.5,10.49,PASS,PASS,onyx-button.ui-button--primary › span.ui-button__label,--ui-button-text,#020617,--ui-button-bg,#34d399,16,600,false,1,--ui-button-text → --ui-color-on-primary → --ui-slate-950 → #020617,--ui-button-bg → --ui-color-primary → --ui-emerald-400 → #34d399,onyx-button.ui-button.ui-button--primary > button.ui-button__el > span.ui-button__label,Confirm
dialog,dark,focus,non-text,focus-ring,required,3,9.29,PASS,PASS,onyx-button.ui-button--primary › button.ui-button__el focus-ring/box-shadow,--ui-focus-ring,#34d399,--ui-color-surface,#0f172a,,,,1,--ui-focus-ring → --ui-emerald-400 → #34d399,--ui-color-surface → --ui-slate-900 → #0f172a,onyx-button.ui-button.ui-button--primary > button.ui-button__el,
dialog,dark,focus,non-text,focus-ring-vs-control,informational,,1.26,INFO,FAIL,onyx-button.ui-button--primary › button.ui-button__el focus-ring/vs-control,--ui-focus-ring,#34d399,--ui-button-bg-hover,#6ee7b7,,,,1,--ui-focus-ring → --ui-emerald-400 → #34d399,--ui-button-bg-hover → --ui-color-primary-hover → --ui-emerald-300 → #6ee7b7,onyx-button.ui-button.ui-button--primary > button.ui-button__el,
dialog,dark,focus,non-text,focus-ring,required,3,9.29,PASS,PASS,onyx-button.ui-button--secondary › button.ui-button__el focus-ring/box-shadow,--ui-focus-ring,#34d399,--ui-color-surface,#0f172a,,,,1,--ui-focus-ring → --ui-emerald-400 → #34d399,--ui-color-surface → --ui-slate-900 → #0f172a,onyx-button.ui-button.ui-button--secondary > button.ui-button__el,
dialog,dark,hover,text,text,required,4.5,13.23,PASS,PASS,onyx-button.ui-button--primary › span.ui-button__label,--ui-button-text,#020617,--ui-button-bg-hover,#6ee7b7,16,600,false,1,--ui-button-text → --ui-color-on-primary → --ui-slate-950 → #020617,--ui-button-bg-hover → --ui-color-primary-hover → --ui-emerald-300 → #6ee7b7,onyx-button.ui-button.ui-button--primary > button.ui-button__el > span.ui-button__label,Open dialog
dialog,dark,hover,non-text,box,informational,,11.71,INFO,PASS,onyx-button.ui-button--primary › button.ui-button__el box,--ui-button-bg-hover,#6ee7b7,--ui-color-surface,#0f172a,,,,1,--ui-button-bg-hover → --ui-color-primary-hover → --ui-emerald-300 → #6ee7b7,--ui-color-surface → --ui-slate-900 → #0f172a,onyx-button.ui-button.ui-button--primary > button.ui-button__el,
dialog,dark,hover,text,text,required,4.5,7.61,PASS,PASS,onyx-button.ui-button--secondary › span.ui-button__label,--ui-color-primary,#34d399,--ui-color-surface-hover,#1e293b,16,600,false,1,--ui-color-primary → --ui-emerald-400 → #34d399,--ui-color-surface-hover → --ui-slate-800 → #1e293b,onyx-button.ui-button.ui-button--secondary > button.ui-button__el > span.ui-button__label,Open large dialog
dialog,dark,hover,non-text,border,informational,,9.29,INFO,PASS,onyx-button.ui-button--secondary › button.ui-button__el border,--ui-color-primary,#34d399,--ui-color-surface,#0f172a,,,,1,--ui-color-primary → --ui-emerald-400 → #34d399,--ui-color-surface → --ui-slate-900 → #0f172a,onyx-button.ui-button.ui-button--secondary > button.ui-button__el,
dialog,dark,hover,non-text,border-vs-own-bg,informational,,7.61,INFO,PASS,onyx-button.ui-button--secondary › button.ui-button__el border/inner,--ui-color-primary,#34d399,--ui-color-surface-hover,#1e293b,,,,1,--ui-color-primary → --ui-emerald-400 → #34d399,--ui-color-surface-hover → --ui-slate-800 → #1e293b,onyx-button.ui-button.ui-button--secondary > button.ui-button__el,
dialog,dark,hover,non-text,box,informational,,1.22,INFO,FAIL,onyx-button.ui-button--secondary › button.ui-button__el box,--ui-color-surface-hover,#1e293b,--ui-color-surface,#0f172a,,,,1,--ui-color-surface-hover → --ui-slate-800 → #1e293b,--ui-color-surface → --ui-slate-900 → #0f172a,onyx-button.ui-button.ui-button--secondary > button.ui-button__el,
dialog,acme,default,non-text,box,informational,,5.7,INFO,PASS,onyx-button.ui-button--primary › button.ui-button__el box,--ui-button-bg,#7c3aed,--ui-color-surface,#ffffff,,,,1,--ui-button-bg → --ui-color-primary → #7c3aed,--ui-color-surface → --ui-white → #ffffff,onyx-button.ui-button.ui-button--primary > button.ui-button__el,
dialog,acme,default,text,text,required,4.5,5.7,PASS,PASS,onyx-button.ui-button--primary › span.ui-button__label,--ui-button-text,#ffffff,--ui-button-bg,#7c3aed,16,600,false,1,--ui-button-text → --ui-color-on-primary → --ui-white → #ffffff,--ui-button-bg → --ui-color-primary → #7c3aed,onyx-button.ui-button.ui-button--primary > button.ui-button__el > span.ui-button__label,Open dialog
dialog,acme,default,non-text,border,informational,,5.7,INFO,PASS,onyx-button.ui-button--secondary › button.ui-button__el border,--ui-color-primary,#7c3aed,--ui-color-surface,#ffffff,,,,1,--ui-color-primary → #7c3aed,--ui-color-surface → --ui-white → #ffffff,onyx-button.ui-button.ui-button--secondary > button.ui-button__el,
dialog,acme,default,text,text,required,4.5,5.7,PASS,PASS,onyx-button.ui-button--secondary › span.ui-button__label,--ui-color-primary,#7c3aed,--ui-color-surface,#ffffff,16,600,false,1,--ui-color-primary → #7c3aed,--ui-color-surface → --ui-white → #ffffff,onyx-button.ui-button.ui-button--secondary > button.ui-button__el > span.ui-button__label,Open large dialog
dialog,acme,open,non-text,fill,consumer-owned,,2.23,INFO,FAIL,(page) › div fill,,#a9aaab,--docs-page-bg,#f8fafc,,,,1,,--docs-page-bg,div.cdk-overlay-container > div.cdk-overlay-backdrop.cdk-overlay-dark-backdrop,
dialog,acme,open,non-text,border,informational,,1.18,INFO,FAIL,div › div.ui-dialog__panel border,--ui-dialog-border,#e2e8f0,--docs-page-bg,#f8fafc,,,,1,--ui-dialog-border → --ui-color-border → --ui-slate-200 → #e2e8f0,--docs-page-bg,div.cdk-overlay-container > div.cdk-global-overlay-wrapper > div.cdk-overlay-pane.ui-dialog__pane > div.ui-dialog__panel,
dialog,acme,open,non-text,border-vs-own-bg,informational,,1.23,INFO,FAIL,div › div.ui-dialog__panel border/inner,--ui-dialog-border,#e2e8f0,--ui-dialog-bg,#ffffff,,,,1,--ui-dialog-border → --ui-color-border → --ui-slate-200 → #e2e8f0,--ui-dialog-bg → --ui-color-surface → --ui-white → #ffffff,div.cdk-overlay-container > div.cdk-global-overlay-wrapper > div.cdk-overlay-pane.ui-dialog__pane > div.ui-dialog__panel,
dialog,acme,open,non-text,box,informational,,1.05,INFO,FAIL,div › div.ui-dialog__panel box,--ui-dialog-bg,#ffffff,--docs-page-bg,#f8fafc,,,,1,--ui-dialog-bg → --ui-color-surface → --ui-white → #ffffff,--docs-page-bg,div.cdk-overlay-container > div.cdk-global-overlay-wrapper > div.cdk-overlay-pane.ui-dialog__pane > div.ui-dialog__panel,
dialog,acme,open,text,text,required,4.5,17.85,PASS,PASS,div › h2.ui-dialog__title,--ui-color-text,#0f172a,--ui-dialog-bg,#ffffff,18,600,false,1,--ui-color-text → --ui-slate-900 → #0f172a,--ui-dialog-bg → --ui-color-surface → --ui-white → #ffffff,div.cdk-global-overlay-wrapper > div.cdk-overlay-pane.ui-dialog__pane > div.ui-dialog__panel > div.ui-dialog__header > h2.ui-dialog__title,Confirm action
dialog,acme,open,text,text,required,4.5,17.85,PASS,PASS,div › span,--ui-dialog-text,#0f172a,--ui-dialog-bg,#ffffff,18,400,false,1,--ui-dialog-text → --ui-color-text → --ui-slate-900 → #0f172a,--ui-dialog-bg → --ui-color-surface → --ui-white → #ffffff,div.cdk-overlay-pane.ui-dialog__pane > div.ui-dialog__panel > div.ui-dialog__header > button.ui-dialog__close > span,×
dialog,acme,open,text,text,required,4.5,17.85,PASS,PASS,div › p,--ui-dialog-text,#0f172a,--ui-dialog-bg,#ffffff,15,400,false,1,--ui-dialog-text → --ui-color-text → --ui-slate-900 → #0f172a,--ui-dialog-bg → --ui-color-surface → --ui-white → #ffffff,div.cdk-global-overlay-wrapper > div.cdk-overlay-pane.ui-dialog__pane > div.ui-dialog__panel > div.ui-dialog__body > p,This action cannot be undone. Do you wan
dialog,acme,open,non-text,border,informational,,5.7,INFO,PASS,onyx-button.ui-button--secondary › button.ui-button__el border,--ui-color-primary,#7c3aed,--ui-dialog-bg,#ffffff,,,,1,--ui-color-primary → #7c3aed,--ui-dialog-bg → --ui-color-surface → --ui-white → #ffffff,onyx-button.ui-button.ui-button--secondary > button.ui-button__el,
dialog,acme,open,text,text,required,4.5,5.7,PASS,PASS,onyx-button.ui-button--secondary › span.ui-button__label,--ui-color-primary,#7c3aed,--ui-color-surface,#ffffff,16,600,false,1,--ui-color-primary → #7c3aed,--ui-color-surface → --ui-white → #ffffff,onyx-button.ui-button.ui-button--secondary > button.ui-button__el > span.ui-button__label,Cancel
dialog,acme,open,non-text,box,informational,,5.7,INFO,PASS,onyx-button.ui-button--primary › button.ui-button__el box,--ui-button-bg,#7c3aed,--ui-dialog-bg,#ffffff,,,,1,--ui-button-bg → --ui-color-primary → #7c3aed,--ui-dialog-bg → --ui-color-surface → --ui-white → #ffffff,onyx-button.ui-button.ui-button--primary > button.ui-button__el,
dialog,acme,open,text,text,required,4.5,5.7,PASS,PASS,onyx-button.ui-button--primary › span.ui-button__label,--ui-button-text,#ffffff,--ui-button-bg,#7c3aed,16,600,false,1,--ui-button-text → --ui-color-on-primary → --ui-white → #ffffff,--ui-button-bg → --ui-color-primary → #7c3aed,onyx-button.ui-button.ui-button--primary > button.ui-button__el > span.ui-button__label,Confirm
dialog,acme,focus,non-text,focus-ring,required,3,4.23,PASS,PASS,onyx-button.ui-button--primary › button.ui-button__el focus-ring/box-shadow,--ui-focus-ring,#8b5cf6,--ui-color-surface,#ffffff,,,,1,--ui-focus-ring → #8b5cf6,--ui-color-surface → --ui-white → #ffffff,onyx-button.ui-button.ui-button--primary > button.ui-button__el,
dialog,acme,focus,non-text,focus-ring-vs-control,informational,,1.68,INFO,FAIL,onyx-button.ui-button--primary › button.ui-button__el focus-ring/vs-control,--ui-focus-ring,#8b5cf6,--ui-button-bg-hover,#6d28d9,,,,1,--ui-focus-ring → #8b5cf6,--ui-button-bg-hover → --ui-color-primary-hover → #6d28d9,onyx-button.ui-button.ui-button--primary > button.ui-button__el,
dialog,acme,focus,non-text,focus-ring,required,3,4.23,PASS,PASS,onyx-button.ui-button--secondary › button.ui-button__el focus-ring/box-shadow,--ui-focus-ring,#8b5cf6,--ui-color-surface,#ffffff,,,,1,--ui-focus-ring → #8b5cf6,--ui-color-surface → --ui-white → #ffffff,onyx-button.ui-button.ui-button--secondary > button.ui-button__el,
dialog,acme,hover,text,text,required,4.5,7.1,PASS,PASS,onyx-button.ui-button--primary › span.ui-button__label,--ui-button-text,#ffffff,--ui-button-bg-hover,#6d28d9,16,600,false,1,--ui-button-text → --ui-color-on-primary → --ui-white → #ffffff,--ui-button-bg-hover → --ui-color-primary-hover → #6d28d9,onyx-button.ui-button.ui-button--primary > button.ui-button__el > span.ui-button__label,Open dialog
dialog,acme,hover,non-text,box,informational,,7.1,INFO,PASS,onyx-button.ui-button--primary › button.ui-button__el box,--ui-button-bg-hover,#6d28d9,--ui-color-surface,#ffffff,,,,1,--ui-button-bg-hover → --ui-color-primary-hover → #6d28d9,--ui-color-surface → --ui-white → #ffffff,onyx-button.ui-button.ui-button--primary > button.ui-button__el,
dialog,acme,hover,text,text,required,4.5,5.24,PASS,PASS,onyx-button.ui-button--secondary › span.ui-button__label,--ui-color-primary,#7c3aed,--ui-color-surface-hover,#eff6ff,16,600,false,1,--ui-color-primary → #7c3aed,--ui-color-surface-hover → --ui-blue-50 → #eff6ff,onyx-button.ui-button.ui-button--secondary > button.ui-button__el > span.ui-button__label,Open large dialog
dialog,acme,hover,non-text,border,informational,,5.7,INFO,PASS,onyx-button.ui-button--secondary › button.ui-button__el border,--ui-color-primary,#7c3aed,--ui-color-surface,#ffffff,,,,1,--ui-color-primary → #7c3aed,--ui-color-surface → --ui-white → #ffffff,onyx-button.ui-button.ui-button--secondary > button.ui-button__el,
dialog,acme,hover,non-text,border-vs-own-bg,informational,,5.24,INFO,PASS,onyx-button.ui-button--secondary › button.ui-button__el border/inner,--ui-color-primary,#7c3aed,--ui-color-surface-hover,#eff6ff,,,,1,--ui-color-primary → #7c3aed,--ui-color-surface-hover → --ui-blue-50 → #eff6ff,onyx-button.ui-button.ui-button--secondary > button.ui-button__el,
dialog,acme,hover,non-text,box,informational,,1.09,INFO,FAIL,onyx-button.ui-button--secondary › button.ui-button__el box,--ui-color-surface-hover,#eff6ff,--ui-color-surface,#ffffff,,,,1,--ui-color-surface-hover → --ui-blue-50 → #eff6ff,--ui-color-surface → --ui-white → #ffffff,onyx-button.ui-button.ui-button--secondary > button.ui-button__el,
divider,light,default,text,text,consumer-owned,,17.85,INFO,PASS,(page) › p,--ui-color-text,#0f172a,--ui-color-surface,#ffffff,15,400,false,2,--ui-color-text → --ui-slate-900 → #0f172a,--ui-color-surface → --ui-white → #ffffff,section.docs-demo > div.docs-demo__card > div.docs-demo__preview > ng-component > p,Above
divider,light,default,non-text,line,exempt-decorative,,1.23,EXEMPT,FAIL,onyx-divider ::before border,--ui-divider-color,#e2e8f0,--ui-color-surface,#ffffff,,,,2,--ui-divider-color → --ui-color-border → --ui-slate-200 → #e2e8f0,--ui-color-surface → --ui-white → #ffffff,onyx-divider.ui-divider,
divider,light,default,non-text,line,exempt-decorative,,1.23,EXEMPT,FAIL,onyx-divider ::after border,--ui-divider-color,#e2e8f0,--ui-color-surface,#ffffff,,,,2,--ui-divider-color → --ui-color-border → --ui-slate-200 → #e2e8f0,--ui-color-surface → --ui-white → #ffffff,onyx-divider.ui-divider,
divider,dark,default,text,text,consumer-owned,,17.06,INFO,PASS,(page) › p,--ui-color-text,#f8fafc,--ui-color-surface,#0f172a,15,400,false,2,--ui-color-text → --ui-slate-50 → #f8fafc,--ui-color-surface → --ui-slate-900 → #0f172a,section.docs-demo > div.docs-demo__card > div.docs-demo__preview > ng-component > p,Above
divider,dark,default,non-text,line,exempt-decorative,,1.72,EXEMPT,FAIL,onyx-divider ::before border,--ui-divider-color,#334155,--ui-color-surface,#0f172a,,,,2,--ui-divider-color → --ui-color-border → --ui-slate-700 → #334155,--ui-color-surface → --ui-slate-900 → #0f172a,onyx-divider.ui-divider,
divider,dark,default,non-text,line,exempt-decorative,,1.72,EXEMPT,FAIL,onyx-divider ::after border,--ui-divider-color,#334155,--ui-color-surface,#0f172a,,,,2,--ui-divider-color → --ui-color-border → --ui-slate-700 → #334155,--ui-color-surface → --ui-slate-900 → #0f172a,onyx-divider.ui-divider,
divider,acme,default,text,text,consumer-owned,,17.85,INFO,PASS,(page) › p,--ui-color-text,#0f172a,--ui-color-surface,#ffffff,15,400,false,2,--ui-color-text → --ui-slate-900 → #0f172a,--ui-color-surface → --ui-white → #ffffff,section.docs-demo > div.docs-demo__card > div.docs-demo__preview > ng-component > p,Above
divider,acme,default,non-text,line,exempt-decorative,,1.23,EXEMPT,FAIL,onyx-divider ::before border,--ui-divider-color,#e2e8f0,--ui-color-surface,#ffffff,,,,2,--ui-divider-color → --ui-color-border → --ui-slate-200 → #e2e8f0,--ui-color-surface → --ui-white → #ffffff,onyx-divider.ui-divider,
divider,acme,default,non-text,line,exempt-decorative,,1.23,EXEMPT,FAIL,onyx-divider ::after border,--ui-divider-color,#e2e8f0,--ui-color-surface,#ffffff,,,,2,--ui-divider-color → --ui-color-border → --ui-slate-200 → #e2e8f0,--ui-color-surface → --ui-white → #ffffff,onyx-divider.ui-divider,
empty-state,light,default,non-text,icon,informational,,5.17,INFO,PASS,onyx-empty-state › svg icon,--ui-color-primary,#2563eb,--ui-color-surface,#ffffff,,,,2,--ui-color-primary → --ui-blue-500 → #2563eb,--ui-color-surface → --ui-white → #ffffff,onyx-empty-state.ui-empty-state > div.ui-empty-state__visual > svg,
empty-state,light,default,text,text,required,4.5,17.85,PASS,PASS,onyx-empty-state › span,--ui-color-text,#0f172a,--ui-color-surface,#ffffff,18,600,false,2,--ui-color-text → --ui-slate-900 → #0f172a,--ui-color-surface → --ui-white → #ffffff,onyx-empty-state.ui-empty-state > div.ui-empty-state__content > h2.ui-empty-state__title > span,No projects yet
empty-state,light,default,text,text,required,4.5,2.56,FAIL,FAIL,onyx-empty-state › span,--ui-empty-state-description-color,#94a3b8,--ui-color-surface,#ffffff,16,400,false,2,--ui-empty-state-description-color → --ui-color-text-muted → --ui-slate-400 → #94a3b8,--ui-color-surface → --ui-white → #ffffff,onyx-empty-state.ui-empty-state > div.ui-empty-state__content > p.ui-empty-state__description > span,Create a project to start organizing you
empty-state,light,default,non-text,box,informational,,5.17,INFO,PASS,button.ui-empty-state__action--primary box,--ui-empty-state-primary-bg,#2563eb,--ui-color-surface,#ffffff,,,,1,--ui-empty-state-primary-bg → --ui-color-primary → --ui-blue-500 → #2563eb,--ui-color-surface → --ui-white → #ffffff,onyx-empty-state.ui-empty-state > div.ui-empty-state__actions > button.ui-empty-state__action.ui-empty-state__action--primary,
empty-state,light,default,text,text,required,4.5,5.17,PASS,PASS,button.ui-empty-state__action--primary › span,--ui-empty-state-primary-text,#ffffff,--ui-empty-state-primary-bg,#2563eb,16,600,false,1,--ui-empty-state-primary-text → --ui-color-on-primary → --ui-white → #ffffff,--ui-empty-state-primary-bg → --ui-color-primary → --ui-blue-500 → #2563eb,onyx-empty-state.ui-empty-state > div.ui-empty-state__actions > button.ui-empty-state__action.ui-empty-state__action--primary > span,Create project
empty-state,light,default,non-text,border,informational,,5.17,INFO,PASS,button.ui-empty-state__action--secondary border,--ui-empty-state-secondary-border,#2563eb,--ui-color-surface,#ffffff,,,,1,--ui-empty-state-secondary-border → --ui-color-primary → --ui-blue-500 → #2563eb,--ui-color-surface → --ui-white → #ffffff,onyx-empty-state.ui-empty-state > div.ui-empty-state__actions > button.ui-empty-state__action.ui-empty-state__action--secondary,
empty-state,light,default,text,text,required,4.5,5.17,PASS,PASS,button.ui-empty-state__action--secondary › span,--ui-empty-state-secondary-text,#2563eb,--ui-empty-state-secondary-bg,#ffffff,16,600,false,1,--ui-empty-state-secondary-text → --ui-color-primary → --ui-blue-500 → #2563eb,--ui-empty-state-secondary-bg → --ui-color-surface → --ui-white → #ffffff,onyx-empty-state.ui-empty-state > div.ui-empty-state__actions > button.ui-empty-state__action.ui-empty-state__action--secondary > span,Import project
empty-state,light,default,text,text,exempt-disabled,,17.85,EXEMPT,PASS,onyx-empty-state.ui-empty-state--disabled › span [disabled],--ui-color-text,#0f172a,--ui-color-surface,#ffffff,18,600,false,1,--ui-color-text → --ui-slate-900 → #0f172a,--ui-color-surface → --ui-white → #ffffff,onyx-empty-state.ui-empty-state.ui-empty-state--disabled > div.ui-empty-state__content > h2.ui-empty-state__title > span,Service unavailable
empty-state,light,default,text,text,exempt-disabled,,2.56,EXEMPT,FAIL,onyx-empty-state.ui-empty-state--disabled › span [disabled],--ui-empty-state-description-color,#94a3b8,--ui-color-surface,#ffffff,16,400,false,1,--ui-empty-state-description-color → --ui-color-text-muted → --ui-slate-400 → #94a3b8,--ui-color-surface → --ui-white → #ffffff,onyx-empty-state.ui-empty-state.ui-empty-state--disabled > div.ui-empty-state__content > p.ui-empty-state__description > span,Actions are unavailable while the servic
empty-state,light,default,non-text,box,exempt-disabled,,1.1,EXEMPT,FAIL,button.ui-empty-state__action--primary [disabled] box,--ui-color-disabled-bg,#f1f5f9,--ui-color-surface,#ffffff,,,,1,--ui-color-disabled-bg → --ui-slate-100 → #f1f5f9,--ui-color-surface → --ui-white → #ffffff,onyx-empty-state.ui-empty-state.ui-empty-state--disabled > div.ui-empty-state__actions > button.ui-empty-state__action.ui-empty-state__action--primary,
empty-state,light,default,text,text,exempt-disabled,,2.34,EXEMPT,FAIL,button.ui-empty-state__action--primary › span [disabled],--ui-color-disabled-text,#94a3b8,--ui-color-disabled-bg,#f1f5f9,16,600,false,1,--ui-color-disabled-text → --ui-slate-400 → #94a3b8,--ui-color-disabled-bg → --ui-slate-100 → #f1f5f9,onyx-empty-state.ui-empty-state.ui-empty-state--disabled > div.ui-empty-state__actions > button.ui-empty-state__action.ui-empty-state__action--primary > span,Try again
empty-state,light,default,non-text,box,exempt-disabled,,1.1,EXEMPT,FAIL,button.ui-empty-state__action--secondary [disabled] box,--ui-color-disabled-bg,#f1f5f9,--ui-color-surface,#ffffff,,,,1,--ui-color-disabled-bg → --ui-slate-100 → #f1f5f9,--ui-color-surface → --ui-white → #ffffff,onyx-empty-state.ui-empty-state.ui-empty-state--disabled > div.ui-empty-state__actions > button.ui-empty-state__action.ui-empty-state__action--secondary,
empty-state,light,default,text,text,exempt-disabled,,2.34,EXEMPT,FAIL,button.ui-empty-state__action--secondary › span [disabled],--ui-color-disabled-text,#94a3b8,--ui-color-disabled-bg,#f1f5f9,16,600,false,1,--ui-color-disabled-text → --ui-slate-400 → #94a3b8,--ui-color-disabled-bg → --ui-slate-100 → #f1f5f9,onyx-empty-state.ui-empty-state.ui-empty-state--disabled > div.ui-empty-state__actions > button.ui-empty-state__action.ui-empty-state__action--secondary > span,View status
empty-state,light,focus,non-text,focus-ring,required,3,5.17,PASS,PASS,button.ui-empty-state__action--primary focus-ring/box-shadow,--ui-focus-ring,#2563eb,--ui-color-surface,#ffffff,,,,1,--ui-focus-ring → --ui-color-primary → --ui-blue-500 → #2563eb,--ui-color-surface → --ui-white → #ffffff,onyx-empty-state.ui-empty-state > div.ui-empty-state__actions > button.ui-empty-state__action.ui-empty-state__action--primary,
empty-state,light,focus,non-text,focus-ring-vs-control,informational,,1,INFO,FAIL,button.ui-empty-state__action--primary focus-ring/vs-control,--ui-focus-ring,#2563eb,--ui-empty-state-primary-bg,#2563eb,,,,1,--ui-focus-ring → --ui-color-primary → --ui-blue-500 → #2563eb,--ui-empty-state-primary-bg → --ui-color-primary → --ui-blue-500 → #2563eb,onyx-empty-state.ui-empty-state > div.ui-empty-state__actions > button.ui-empty-state__action.ui-empty-state__action--primary,
empty-state,light,focus,non-text,focus-ring,required,3,5.17,PASS,PASS,button.ui-empty-state__action--secondary focus-ring/box-shadow,--ui-focus-ring,#2563eb,--ui-color-surface,#ffffff,,,,1,--ui-focus-ring → --ui-color-primary → --ui-blue-500 → #2563eb,--ui-color-surface → --ui-white → #ffffff,onyx-empty-state.ui-empty-state > div.ui-empty-state__actions > button.ui-empty-state__action.ui-empty-state__action--secondary,
empty-state,light,hover,text,text,required,4.5,6.7,PASS,PASS,button.ui-empty-state__action--primary › span,--ui-empty-state-primary-text,#ffffff,--ui-empty-state-primary-bg-hover,#1d4ed8,16,600,false,1,--ui-empty-state-primary-text → --ui-color-on-primary → --ui-white → #ffffff,--ui-empty-state-primary-bg-hover → --ui-color-primary-hover → --ui-blue-600 → #1d4ed8,onyx-empty-state.ui-empty-state > div.ui-empty-state__actions > button.ui-empty-state__action.ui-empty-state__action--primary > span,Create project
empty-state,light,hover,non-text,box,informational,,6.7,INFO,PASS,button.ui-empty-state__action--primary box,--ui-empty-state-primary-bg-hover,#1d4ed8,--ui-color-surface,#ffffff,,,,1,--ui-empty-state-primary-bg-hover → --ui-color-primary-hover → --ui-blue-600 → #1d4ed8,--ui-color-surface → --ui-white → #ffffff,onyx-empty-state.ui-empty-state > div.ui-empty-state__actions > button.ui-empty-state__action.ui-empty-state__action--primary,
empty-state,light,hover,text,text,required,4.5,4.75,PASS,PASS,button.ui-empty-state__action--secondary › span,--ui-empty-state-secondary-text,#2563eb,--ui-empty-state-secondary-bg-hover,#eff6ff,16,600,false,1,--ui-empty-state-secondary-text → --ui-color-primary → --ui-blue-500 → #2563eb,--ui-empty-state-secondary-bg-hover → --ui-color-surface-hover → --ui-blue-50 → #eff6ff,onyx-empty-state.ui-empty-state > div.ui-empty-state__actions > button.ui-empty-state__action.ui-empty-state__action--secondary > span,Import project
empty-state,light,hover,non-text,border,informational,,5.17,INFO,PASS,button.ui-empty-state__action--secondary border,--ui-empty-state-secondary-border,#2563eb,--ui-color-surface,#ffffff,,,,1,--ui-empty-state-secondary-border → --ui-color-primary → --ui-blue-500 → #2563eb,--ui-color-surface → --ui-white → #ffffff,onyx-empty-state.ui-empty-state > div.ui-empty-state__actions > button.ui-empty-state__action.ui-empty-state__action--secondary,
empty-state,light,hover,non-text,border-vs-own-bg,informational,,4.75,INFO,PASS,button.ui-empty-state__action--secondary border/inner,--ui-empty-state-secondary-border,#2563eb,--ui-empty-state-secondary-bg-hover,#eff6ff,,,,1,--ui-empty-state-secondary-border → --ui-color-primary → --ui-blue-500 → #2563eb,--ui-empty-state-secondary-bg-hover → --ui-color-surface-hover → --ui-blue-50 → #eff6ff,onyx-empty-state.ui-empty-state > div.ui-empty-state__actions > button.ui-empty-state__action.ui-empty-state__action--secondary,
empty-state,light,hover,non-text,box,informational,,1.09,INFO,FAIL,button.ui-empty-state__action--secondary box,--ui-empty-state-secondary-bg-hover,#eff6ff,--ui-color-surface,#ffffff,,,,1,--ui-empty-state-secondary-bg-hover → --ui-color-surface-hover → --ui-blue-50 → #eff6ff,--ui-color-surface → --ui-white → #ffffff,onyx-empty-state.ui-empty-state > div.ui-empty-state__actions > button.ui-empty-state__action.ui-empty-state__action--secondary,
empty-state,dark,default,non-text,icon,informational,,9.29,INFO,PASS,onyx-empty-state › svg icon,--ui-color-primary,#34d399,--ui-color-surface,#0f172a,,,,2,--ui-color-primary → --ui-emerald-400 → #34d399,--ui-color-surface → --ui-slate-900 → #0f172a,onyx-empty-state.ui-empty-state > div.ui-empty-state__visual > svg,
empty-state,dark,default,text,text,required,4.5,17.06,PASS,PASS,onyx-empty-state › span,--ui-color-text,#f8fafc,--ui-color-surface,#0f172a,18,600,false,2,--ui-color-text → --ui-slate-50 → #f8fafc,--ui-color-surface → --ui-slate-900 → #0f172a,onyx-empty-state.ui-empty-state > div.ui-empty-state__content > h2.ui-empty-state__title > span,No projects yet
empty-state,dark,default,text,text,required,4.5,6.96,PASS,PASS,onyx-empty-state › span,--ui-empty-state-description-color,#94a3b8,--ui-color-surface,#0f172a,16,400,false,2,--ui-empty-state-description-color → --ui-color-text-muted → --ui-slate-400 → #94a3b8,--ui-color-surface → --ui-slate-900 → #0f172a,onyx-empty-state.ui-empty-state > div.ui-empty-state__content > p.ui-empty-state__description > span,Create a project to start organizing you
empty-state,dark,default,non-text,box,informational,,9.29,INFO,PASS,button.ui-empty-state__action--primary box,--ui-empty-state-primary-bg,#34d399,--ui-color-surface,#0f172a,,,,1,--ui-empty-state-primary-bg → --ui-color-primary → --ui-emerald-400 → #34d399,--ui-color-surface → --ui-slate-900 → #0f172a,onyx-empty-state.ui-empty-state > div.ui-empty-state__actions > button.ui-empty-state__action.ui-empty-state__action--primary,
empty-state,dark,default,text,text,required,4.5,10.49,PASS,PASS,button.ui-empty-state__action--primary › span,--ui-empty-state-primary-text,#020617,--ui-empty-state-primary-bg,#34d399,16,600,false,1,--ui-empty-state-primary-text → --ui-color-on-primary → --ui-slate-950 → #020617,--ui-empty-state-primary-bg → --ui-color-primary → --ui-emerald-400 → #34d399,onyx-empty-state.ui-empty-state > div.ui-empty-state__actions > button.ui-empty-state__action.ui-empty-state__action--primary > span,Create project
empty-state,dark,default,non-text,border,informational,,9.29,INFO,PASS,button.ui-empty-state__action--secondary border,--ui-empty-state-secondary-border,#34d399,--ui-color-surface,#0f172a,,,,1,--ui-empty-state-secondary-border → --ui-color-primary → --ui-emerald-400 → #34d399,--ui-color-surface → --ui-slate-900 → #0f172a,onyx-empty-state.ui-empty-state > div.ui-empty-state__actions > button.ui-empty-state__action.ui-empty-state__action--secondary,
empty-state,dark,default,text,text,required,4.5,9.29,PASS,PASS,button.ui-empty-state__action--secondary › span,--ui-empty-state-secondary-text,#34d399,--ui-empty-state-secondary-bg,#0f172a,16,600,false,1,--ui-empty-state-secondary-text → --ui-color-primary → --ui-emerald-400 → #34d399,--ui-empty-state-secondary-bg → --ui-color-surface → --ui-slate-900 → #0f172a,onyx-empty-state.ui-empty-state > div.ui-empty-state__actions > button.ui-empty-state__action.ui-empty-state__action--secondary > span,Import project
empty-state,dark,default,text,text,exempt-disabled,,17.06,EXEMPT,PASS,onyx-empty-state.ui-empty-state--disabled › span [disabled],--ui-color-text,#f8fafc,--ui-color-surface,#0f172a,18,600,false,1,--ui-color-text → --ui-slate-50 → #f8fafc,--ui-color-surface → --ui-slate-900 → #0f172a,onyx-empty-state.ui-empty-state.ui-empty-state--disabled > div.ui-empty-state__content > h2.ui-empty-state__title > span,Service unavailable
empty-state,dark,default,text,text,exempt-disabled,,6.96,EXEMPT,PASS,onyx-empty-state.ui-empty-state--disabled › span [disabled],--ui-empty-state-description-color,#94a3b8,--ui-color-surface,#0f172a,16,400,false,1,--ui-empty-state-description-color → --ui-color-text-muted → --ui-slate-400 → #94a3b8,--ui-color-surface → --ui-slate-900 → #0f172a,onyx-empty-state.ui-empty-state.ui-empty-state--disabled > div.ui-empty-state__content > p.ui-empty-state__description > span,Actions are unavailable while the servic
empty-state,dark,default,non-text,box,exempt-disabled,,1.22,EXEMPT,FAIL,button.ui-empty-state__action--primary [disabled] box,--ui-color-disabled-bg,#1e293b,--ui-color-surface,#0f172a,,,,1,--ui-color-disabled-bg → --ui-slate-800 → #1e293b,--ui-color-surface → --ui-slate-900 → #0f172a,onyx-empty-state.ui-empty-state.ui-empty-state--disabled > div.ui-empty-state__actions > button.ui-empty-state__action.ui-empty-state__action--primary,
empty-state,dark,default,text,text,exempt-disabled,,3.07,EXEMPT,PASS,button.ui-empty-state__action--primary › span [disabled],--ui-color-disabled-text,#64748b,--ui-color-disabled-bg,#1e293b,16,600,false,1,--ui-color-disabled-text → --ui-slate-500 → #64748b,--ui-color-disabled-bg → --ui-slate-800 → #1e293b,onyx-empty-state.ui-empty-state.ui-empty-state--disabled > div.ui-empty-state__actions > button.ui-empty-state__action.ui-empty-state__action--primary > span,Try again
empty-state,dark,default,non-text,box,exempt-disabled,,1.22,EXEMPT,FAIL,button.ui-empty-state__action--secondary [disabled] box,--ui-color-disabled-bg,#1e293b,--ui-color-surface,#0f172a,,,,1,--ui-color-disabled-bg → --ui-slate-800 → #1e293b,--ui-color-surface → --ui-slate-900 → #0f172a,onyx-empty-state.ui-empty-state.ui-empty-state--disabled > div.ui-empty-state__actions > button.ui-empty-state__action.ui-empty-state__action--secondary,
empty-state,dark,default,text,text,exempt-disabled,,3.07,EXEMPT,PASS,button.ui-empty-state__action--secondary › span [disabled],--ui-color-disabled-text,#64748b,--ui-color-disabled-bg,#1e293b,16,600,false,1,--ui-color-disabled-text → --ui-slate-500 → #64748b,--ui-color-disabled-bg → --ui-slate-800 → #1e293b,onyx-empty-state.ui-empty-state.ui-empty-state--disabled > div.ui-empty-state__actions > button.ui-empty-state__action.ui-empty-state__action--secondary > span,View status
empty-state,dark,focus,non-text,focus-ring,required,3,9.29,PASS,PASS,button.ui-empty-state__action--primary focus-ring/box-shadow,--ui-focus-ring,#34d399,--ui-color-surface,#0f172a,,,,1,--ui-focus-ring → --ui-emerald-400 → #34d399,--ui-color-surface → --ui-slate-900 → #0f172a,onyx-empty-state.ui-empty-state > div.ui-empty-state__actions > button.ui-empty-state__action.ui-empty-state__action--primary,
empty-state,dark,focus,non-text,focus-ring-vs-control,informational,,1,INFO,FAIL,button.ui-empty-state__action--primary focus-ring/vs-control,--ui-focus-ring,#34d399,--ui-empty-state-primary-bg,#34d399,,,,1,--ui-focus-ring → --ui-emerald-400 → #34d399,--ui-empty-state-primary-bg → --ui-color-primary → --ui-emerald-400 → #34d399,onyx-empty-state.ui-empty-state > div.ui-empty-state__actions > button.ui-empty-state__action.ui-empty-state__action--primary,
empty-state,dark,focus,non-text,focus-ring,required,3,9.29,PASS,PASS,button.ui-empty-state__action--secondary focus-ring/box-shadow,--ui-focus-ring,#34d399,--ui-color-surface,#0f172a,,,,1,--ui-focus-ring → --ui-emerald-400 → #34d399,--ui-color-surface → --ui-slate-900 → #0f172a,onyx-empty-state.ui-empty-state > div.ui-empty-state__actions > button.ui-empty-state__action.ui-empty-state__action--secondary,
empty-state,dark,hover,text,text,required,4.5,13.23,PASS,PASS,button.ui-empty-state__action--primary › span,--ui-empty-state-primary-text,#020617,--ui-empty-state-primary-bg-hover,#6ee7b7,16,600,false,1,--ui-empty-state-primary-text → --ui-color-on-primary → --ui-slate-950 → #020617,--ui-empty-state-primary-bg-hover → --ui-color-primary-hover → --ui-emerald-300 → #6ee7b7,onyx-empty-state.ui-empty-state > div.ui-empty-state__actions > button.ui-empty-state__action.ui-empty-state__action--primary > span,Create project
empty-state,dark,hover,non-text,box,informational,,11.71,INFO,PASS,button.ui-empty-state__action--primary box,--ui-empty-state-primary-bg-hover,#6ee7b7,--ui-color-surface,#0f172a,,,,1,--ui-empty-state-primary-bg-hover → --ui-color-primary-hover → --ui-emerald-300 → #6ee7b7,--ui-color-surface → --ui-slate-900 → #0f172a,onyx-empty-state.ui-empty-state > div.ui-empty-state__actions > button.ui-empty-state__action.ui-empty-state__action--primary,
empty-state,dark,hover,text,text,required,4.5,7.61,PASS,PASS,button.ui-empty-state__action--secondary › span,--ui-empty-state-secondary-text,#34d399,--ui-empty-state-secondary-bg-hover,#1e293b,16,600,false,1,--ui-empty-state-secondary-text → --ui-color-primary → --ui-emerald-400 → #34d399,--ui-empty-state-secondary-bg-hover → --ui-color-surface-hover → --ui-slate-800 → #1e293b,onyx-empty-state.ui-empty-state > div.ui-empty-state__actions > button.ui-empty-state__action.ui-empty-state__action--secondary > span,Import project
empty-state,dark,hover,non-text,border,informational,,9.29,INFO,PASS,button.ui-empty-state__action--secondary border,--ui-empty-state-secondary-border,#34d399,--ui-color-surface,#0f172a,,,,1,--ui-empty-state-secondary-border → --ui-color-primary → --ui-emerald-400 → #34d399,--ui-color-surface → --ui-slate-900 → #0f172a,onyx-empty-state.ui-empty-state > div.ui-empty-state__actions > button.ui-empty-state__action.ui-empty-state__action--secondary,
empty-state,dark,hover,non-text,border-vs-own-bg,informational,,7.61,INFO,PASS,button.ui-empty-state__action--secondary border/inner,--ui-empty-state-secondary-border,#34d399,--ui-empty-state-secondary-bg-hover,#1e293b,,,,1,--ui-empty-state-secondary-border → --ui-color-primary → --ui-emerald-400 → #34d399,--ui-empty-state-secondary-bg-hover → --ui-color-surface-hover → --ui-slate-800 → #1e293b,onyx-empty-state.ui-empty-state > div.ui-empty-state__actions > button.ui-empty-state__action.ui-empty-state__action--secondary,
empty-state,dark,hover,non-text,box,informational,,1.22,INFO,FAIL,button.ui-empty-state__action--secondary box,--ui-empty-state-secondary-bg-hover,#1e293b,--ui-color-surface,#0f172a,,,,1,--ui-empty-state-secondary-bg-hover → --ui-color-surface-hover → --ui-slate-800 → #1e293b,--ui-color-surface → --ui-slate-900 → #0f172a,onyx-empty-state.ui-empty-state > div.ui-empty-state__actions > button.ui-empty-state__action.ui-empty-state__action--secondary,
empty-state,acme,default,non-text,icon,informational,,5.7,INFO,PASS,onyx-empty-state › svg icon,--ui-color-primary,#7c3aed,--ui-color-surface,#ffffff,,,,2,--ui-color-primary → #7c3aed,--ui-color-surface → --ui-white → #ffffff,onyx-empty-state.ui-empty-state > div.ui-empty-state__visual > svg,
empty-state,acme,default,text,text,required,4.5,17.85,PASS,PASS,onyx-empty-state › span,--ui-color-text,#0f172a,--ui-color-surface,#ffffff,18,600,false,2,--ui-color-text → --ui-slate-900 → #0f172a,--ui-color-surface → --ui-white → #ffffff,onyx-empty-state.ui-empty-state > div.ui-empty-state__content > h2.ui-empty-state__title > span,No projects yet
empty-state,acme,default,text,text,required,4.5,2.56,FAIL,FAIL,onyx-empty-state › span,--ui-empty-state-description-color,#94a3b8,--ui-color-surface,#ffffff,16,400,false,2,--ui-empty-state-description-color → --ui-color-text-muted → --ui-slate-400 → #94a3b8,--ui-color-surface → --ui-white → #ffffff,onyx-empty-state.ui-empty-state > div.ui-empty-state__content > p.ui-empty-state__description > span,Create a project to start organizing you
empty-state,acme,default,non-text,box,informational,,5.7,INFO,PASS,button.ui-empty-state__action--primary box,--ui-empty-state-primary-bg,#7c3aed,--ui-color-surface,#ffffff,,,,1,--ui-empty-state-primary-bg → --ui-color-primary → #7c3aed,--ui-color-surface → --ui-white → #ffffff,onyx-empty-state.ui-empty-state > div.ui-empty-state__actions > button.ui-empty-state__action.ui-empty-state__action--primary,
empty-state,acme,default,text,text,required,4.5,5.7,PASS,PASS,button.ui-empty-state__action--primary › span,--ui-empty-state-primary-text,#ffffff,--ui-empty-state-primary-bg,#7c3aed,16,600,false,1,--ui-empty-state-primary-text → --ui-color-on-primary → --ui-white → #ffffff,--ui-empty-state-primary-bg → --ui-color-primary → #7c3aed,onyx-empty-state.ui-empty-state > div.ui-empty-state__actions > button.ui-empty-state__action.ui-empty-state__action--primary > span,Create project
empty-state,acme,default,non-text,border,informational,,5.7,INFO,PASS,button.ui-empty-state__action--secondary border,--ui-empty-state-secondary-border,#7c3aed,--ui-color-surface,#ffffff,,,,1,--ui-empty-state-secondary-border → --ui-color-primary → #7c3aed,--ui-color-surface → --ui-white → #ffffff,onyx-empty-state.ui-empty-state > div.ui-empty-state__actions > button.ui-empty-state__action.ui-empty-state__action--secondary,
empty-state,acme,default,text,text,required,4.5,5.7,PASS,PASS,button.ui-empty-state__action--secondary › span,--ui-empty-state-secondary-text,#7c3aed,--ui-empty-state-secondary-bg,#ffffff,16,600,false,1,--ui-empty-state-secondary-text → --ui-color-primary → #7c3aed,--ui-empty-state-secondary-bg → --ui-color-surface → --ui-white → #ffffff,onyx-empty-state.ui-empty-state > div.ui-empty-state__actions > button.ui-empty-state__action.ui-empty-state__action--secondary > span,Import project
empty-state,acme,default,text,text,exempt-disabled,,17.85,EXEMPT,PASS,onyx-empty-state.ui-empty-state--disabled › span [disabled],--ui-color-text,#0f172a,--ui-color-surface,#ffffff,18,600,false,1,--ui-color-text → --ui-slate-900 → #0f172a,--ui-color-surface → --ui-white → #ffffff,onyx-empty-state.ui-empty-state.ui-empty-state--disabled > div.ui-empty-state__content > h2.ui-empty-state__title > span,Service unavailable
empty-state,acme,default,text,text,exempt-disabled,,2.56,EXEMPT,FAIL,onyx-empty-state.ui-empty-state--disabled › span [disabled],--ui-empty-state-description-color,#94a3b8,--ui-color-surface,#ffffff,16,400,false,1,--ui-empty-state-description-color → --ui-color-text-muted → --ui-slate-400 → #94a3b8,--ui-color-surface → --ui-white → #ffffff,onyx-empty-state.ui-empty-state.ui-empty-state--disabled > div.ui-empty-state__content > p.ui-empty-state__description > span,Actions are unavailable while the servic
empty-state,acme,default,non-text,box,exempt-disabled,,1.1,EXEMPT,FAIL,button.ui-empty-state__action--primary [disabled] box,--ui-color-disabled-bg,#f1f5f9,--ui-color-surface,#ffffff,,,,1,--ui-color-disabled-bg → --ui-slate-100 → #f1f5f9,--ui-color-surface → --ui-white → #ffffff,onyx-empty-state.ui-empty-state.ui-empty-state--disabled > div.ui-empty-state__actions > button.ui-empty-state__action.ui-empty-state__action--primary,
empty-state,acme,default,text,text,exempt-disabled,,2.34,EXEMPT,FAIL,button.ui-empty-state__action--primary › span [disabled],--ui-color-disabled-text,#94a3b8,--ui-color-disabled-bg,#f1f5f9,16,600,false,1,--ui-color-disabled-text → --ui-slate-400 → #94a3b8,--ui-color-disabled-bg → --ui-slate-100 → #f1f5f9,onyx-empty-state.ui-empty-state.ui-empty-state--disabled > div.ui-empty-state__actions > button.ui-empty-state__action.ui-empty-state__action--primary > span,Try again
empty-state,acme,default,non-text,box,exempt-disabled,,1.1,EXEMPT,FAIL,button.ui-empty-state__action--secondary [disabled] box,--ui-color-disabled-bg,#f1f5f9,--ui-color-surface,#ffffff,,,,1,--ui-color-disabled-bg → --ui-slate-100 → #f1f5f9,--ui-color-surface → --ui-white → #ffffff,onyx-empty-state.ui-empty-state.ui-empty-state--disabled > div.ui-empty-state__actions > button.ui-empty-state__action.ui-empty-state__action--secondary,
empty-state,acme,default,text,text,exempt-disabled,,2.34,EXEMPT,FAIL,button.ui-empty-state__action--secondary › span [disabled],--ui-color-disabled-text,#94a3b8,--ui-color-disabled-bg,#f1f5f9,16,600,false,1,--ui-color-disabled-text → --ui-slate-400 → #94a3b8,--ui-color-disabled-bg → --ui-slate-100 → #f1f5f9,onyx-empty-state.ui-empty-state.ui-empty-state--disabled > div.ui-empty-state__actions > button.ui-empty-state__action.ui-empty-state__action--secondary > span,View status
empty-state,acme,focus,non-text,focus-ring,required,3,4.23,PASS,PASS,button.ui-empty-state__action--primary focus-ring/box-shadow,--ui-focus-ring,#8b5cf6,--ui-color-surface,#ffffff,,,,1,--ui-focus-ring → #8b5cf6,--ui-color-surface → --ui-white → #ffffff,onyx-empty-state.ui-empty-state > div.ui-empty-state__actions > button.ui-empty-state__action.ui-empty-state__action--primary,
empty-state,acme,focus,non-text,focus-ring-vs-control,informational,,1.35,INFO,FAIL,button.ui-empty-state__action--primary focus-ring/vs-control,--ui-focus-ring,#8b5cf6,--ui-empty-state-primary-bg,#7c3aed,,,,1,--ui-focus-ring → #8b5cf6,--ui-empty-state-primary-bg → --ui-color-primary → #7c3aed,onyx-empty-state.ui-empty-state > div.ui-empty-state__actions > button.ui-empty-state__action.ui-empty-state__action--primary,
empty-state,acme,focus,non-text,focus-ring,required,3,4.23,PASS,PASS,button.ui-empty-state__action--secondary focus-ring/box-shadow,--ui-focus-ring,#8b5cf6,--ui-color-surface,#ffffff,,,,1,--ui-focus-ring → #8b5cf6,--ui-color-surface → --ui-white → #ffffff,onyx-empty-state.ui-empty-state > div.ui-empty-state__actions > button.ui-empty-state__action.ui-empty-state__action--secondary,
empty-state,acme,hover,text,text,required,4.5,7.1,PASS,PASS,button.ui-empty-state__action--primary › span,--ui-empty-state-primary-text,#ffffff,--ui-empty-state-primary-bg-hover,#6d28d9,16,600,false,1,--ui-empty-state-primary-text → --ui-color-on-primary → --ui-white → #ffffff,--ui-empty-state-primary-bg-hover → --ui-color-primary-hover → #6d28d9,onyx-empty-state.ui-empty-state > div.ui-empty-state__actions > button.ui-empty-state__action.ui-empty-state__action--primary > span,Create project
empty-state,acme,hover,non-text,box,informational,,7.1,INFO,PASS,button.ui-empty-state__action--primary box,--ui-empty-state-primary-bg-hover,#6d28d9,--ui-color-surface,#ffffff,,,,1,--ui-empty-state-primary-bg-hover → --ui-color-primary-hover → #6d28d9,--ui-color-surface → --ui-white → #ffffff,onyx-empty-state.ui-empty-state > div.ui-empty-state__actions > button.ui-empty-state__action.ui-empty-state__action--primary,
empty-state,acme,hover,text,text,required,4.5,5.24,PASS,PASS,button.ui-empty-state__action--secondary › span,--ui-empty-state-secondary-text,#7c3aed,--ui-empty-state-secondary-bg-hover,#eff6ff,16,600,false,1,--ui-empty-state-secondary-text → --ui-color-primary → #7c3aed,--ui-empty-state-secondary-bg-hover → --ui-color-surface-hover → --ui-blue-50 → #eff6ff,onyx-empty-state.ui-empty-state > div.ui-empty-state__actions > button.ui-empty-state__action.ui-empty-state__action--secondary > span,Import project
empty-state,acme,hover,non-text,border,informational,,5.7,INFO,PASS,button.ui-empty-state__action--secondary border,--ui-empty-state-secondary-border,#7c3aed,--ui-color-surface,#ffffff,,,,1,--ui-empty-state-secondary-border → --ui-color-primary → #7c3aed,--ui-color-surface → --ui-white → #ffffff,onyx-empty-state.ui-empty-state > div.ui-empty-state__actions > button.ui-empty-state__action.ui-empty-state__action--secondary,
empty-state,acme,hover,non-text,border-vs-own-bg,informational,,5.24,INFO,PASS,button.ui-empty-state__action--secondary border/inner,--ui-empty-state-secondary-border,#7c3aed,--ui-empty-state-secondary-bg-hover,#eff6ff,,,,1,--ui-empty-state-secondary-border → --ui-color-primary → #7c3aed,--ui-empty-state-secondary-bg-hover → --ui-color-surface-hover → --ui-blue-50 → #eff6ff,onyx-empty-state.ui-empty-state > div.ui-empty-state__actions > button.ui-empty-state__action.ui-empty-state__action--secondary,
empty-state,acme,hover,non-text,box,informational,,1.09,INFO,FAIL,button.ui-empty-state__action--secondary box,--ui-empty-state-secondary-bg-hover,#eff6ff,--ui-color-surface,#ffffff,,,,1,--ui-empty-state-secondary-bg-hover → --ui-color-surface-hover → --ui-blue-50 → #eff6ff,--ui-color-surface → --ui-white → #ffffff,onyx-empty-state.ui-empty-state > div.ui-empty-state__actions > button.ui-empty-state__action.ui-empty-state__action--secondary,
grid,light,default,text,text,required,4.5,17.85,PASS,PASS,onyx-grid › article,--ui-color-text,#0f172a,--ui-color-surface,#ffffff,15,400,false,5,--ui-color-text → --ui-slate-900 → #0f172a,--ui-color-surface → --ui-white → #ffffff,onyx-grid > div > article,Analytics
grid,light,default,text,text,required,4.5,17.85,PASS,PASS,onyx-grid › footer,--ui-color-text,#0f172a,--ui-color-surface,#ffffff,15,400,false,1,--ui-color-text → --ui-slate-900 → #0f172a,--ui-color-surface → --ui-white → #ffffff,onyx-grid > div > footer,Full row
grid,light,default,text,text,required,4.5,17.85,PASS,PASS,onyx-grid › nav,--ui-color-text,#0f172a,--ui-color-surface,#ffffff,15,400,false,1,--ui-color-text → --ui-slate-900 → #0f172a,--ui-color-surface → --ui-white → #ffffff,onyx-grid > div > nav,Navigation
grid,light,default,text,text,required,4.5,17.85,PASS,PASS,onyx-grid › main,--ui-color-text,#0f172a,--ui-color-surface,#ffffff,15,400,false,1,--ui-color-text → --ui-slate-900 → #0f172a,--ui-color-surface → --ui-white → #ffffff,onyx-grid > div > main,Content
grid,dark,default,text,text,required,4.5,17.06,PASS,PASS,onyx-grid › article,--ui-color-text,#f8fafc,--ui-color-surface,#0f172a,15,400,false,5,--ui-color-text → --ui-slate-50 → #f8fafc,--ui-color-surface → --ui-slate-900 → #0f172a,onyx-grid > div > article,Analytics
grid,dark,default,text,text,required,4.5,17.06,PASS,PASS,onyx-grid › footer,--ui-color-text,#f8fafc,--ui-color-surface,#0f172a,15,400,false,1,--ui-color-text → --ui-slate-50 → #f8fafc,--ui-color-surface → --ui-slate-900 → #0f172a,onyx-grid > div > footer,Full row
grid,dark,default,text,text,required,4.5,17.06,PASS,PASS,onyx-grid › nav,--ui-color-text,#f8fafc,--ui-color-surface,#0f172a,15,400,false,1,--ui-color-text → --ui-slate-50 → #f8fafc,--ui-color-surface → --ui-slate-900 → #0f172a,onyx-grid > div > nav,Navigation
grid,dark,default,text,text,required,4.5,17.06,PASS,PASS,onyx-grid › main,--ui-color-text,#f8fafc,--ui-color-surface,#0f172a,15,400,false,1,--ui-color-text → --ui-slate-50 → #f8fafc,--ui-color-surface → --ui-slate-900 → #0f172a,onyx-grid > div > main,Content
grid,acme,default,text,text,required,4.5,17.85,PASS,PASS,onyx-grid › article,--ui-color-text,#0f172a,--ui-color-surface,#ffffff,15,400,false,5,--ui-color-text → --ui-slate-900 → #0f172a,--ui-color-surface → --ui-white → #ffffff,onyx-grid > div > article,Analytics
grid,acme,default,text,text,required,4.5,17.85,PASS,PASS,onyx-grid › footer,--ui-color-text,#0f172a,--ui-color-surface,#ffffff,15,400,false,1,--ui-color-text → --ui-slate-900 → #0f172a,--ui-color-surface → --ui-white → #ffffff,onyx-grid > div > footer,Full row
grid,acme,default,text,text,required,4.5,17.85,PASS,PASS,onyx-grid › nav,--ui-color-text,#0f172a,--ui-color-surface,#ffffff,15,400,false,1,--ui-color-text → --ui-slate-900 → #0f172a,--ui-color-surface → --ui-white → #ffffff,onyx-grid > div > nav,Navigation
grid,acme,default,text,text,required,4.5,17.85,PASS,PASS,onyx-grid › main,--ui-color-text,#0f172a,--ui-color-surface,#ffffff,15,400,false,1,--ui-color-text → --ui-slate-900 → #0f172a,--ui-color-surface → --ui-white → #ffffff,onyx-grid > div > main,Content
input,light,default,text,text,required,4.5,17.85,PASS,PASS,onyx-input › label.ui-input__label,--ui-input-text,#0f172a,--ui-color-surface,#ffffff,14,600,false,4,--ui-input-text → --ui-color-text → --ui-slate-900 → #0f172a,--ui-color-surface → --ui-white → #ffffff,onyx-input.ui-input > label.ui-input__label,Email
input,light,default,non-text,border,required,3,1.23,FAIL,FAIL,onyx-input › div.ui-input__field border,--ui-input-border,#e2e8f0,--ui-color-surface,#ffffff,,,,4,--ui-input-border → --ui-color-border → --ui-slate-200 → #e2e8f0,--ui-color-surface → --ui-white → #ffffff,onyx-input.ui-input > div.ui-input__field,
input,light,default,text,placeholder,required,4.5,2.56,FAIL,FAIL,onyx-input › input.ui-input__el [empty] ::placeholder,--ui-input-placeholder,#94a3b8,--ui-input-bg,#ffffff,16,400,false,3,--ui-input-placeholder → --ui-color-text-muted → --ui-slate-400 → #94a3b8,--ui-input-bg → --ui-color-surface → --ui-white → #ffffff,onyx-input.ui-input > div.ui-input__field > input.ui-input__el,you@example.com
input,light,default,text,text,required,4.5,17.85,PASS,PASS,onyx-input.ui-input--sm › label.ui-input__label,--ui-input-text,#0f172a,--ui-color-surface,#ffffff,14,600,false,1,--ui-input-text → --ui-color-text → --ui-slate-900 → #0f172a,--ui-color-surface → --ui-white → #ffffff,onyx-input.ui-input.ui-input--sm > label.ui-input__label,Small
input,light,default,non-text,border,required,3,1.23,FAIL,FAIL,onyx-input.ui-input--sm › div.ui-input__field border,--ui-input-border,#e2e8f0,--ui-color-surface,#ffffff,,,,1,--ui-input-border → --ui-color-border → --ui-slate-200 → #e2e8f0,--ui-color-surface → --ui-white → #ffffff,onyx-input.ui-input.ui-input--sm > div.ui-input__field,
input,light,default,text,placeholder,required,4.5,2.56,FAIL,FAIL,onyx-input.ui-input--sm › input.ui-input__el [empty] ::placeholder,--ui-input-placeholder,#94a3b8,--ui-input-bg,#ffffff,16,400,false,1,--ui-input-placeholder → --ui-color-text-muted → --ui-slate-400 → #94a3b8,--ui-input-bg → --ui-color-surface → --ui-white → #ffffff,onyx-input.ui-input.ui-input--sm > div.ui-input__field > input.ui-input__el,sm
input,light,default,text,text,required,4.5,17.85,PASS,PASS,onyx-input.ui-input--lg › label.ui-input__label,--ui-input-text,#0f172a,--ui-color-surface,#ffffff,14,600,false,1,--ui-input-text → --ui-color-text → --ui-slate-900 → #0f172a,--ui-color-surface → --ui-white → #ffffff,onyx-input.ui-input.ui-input--lg > label.ui-input__label,Large
input,light,default,non-text,border,required,3,1.23,FAIL,FAIL,onyx-input.ui-input--lg › div.ui-input__field border,--ui-input-border,#e2e8f0,--ui-color-surface,#ffffff,,,,1,--ui-input-border → --ui-color-border → --ui-slate-200 → #e2e8f0,--ui-color-surface → --ui-white → #ffffff,onyx-input.ui-input.ui-input--lg > div.ui-input__field,
input,light,default,text,placeholder,required,4.5,2.56,FAIL,FAIL,onyx-input.ui-input--lg › input.ui-input__el [empty] ::placeholder,--ui-input-placeholder,#94a3b8,--ui-input-bg,#ffffff,16,400,false,1,--ui-input-placeholder → --ui-color-text-muted → --ui-slate-400 → #94a3b8,--ui-input-bg → --ui-color-surface → --ui-white → #ffffff,onyx-input.ui-input.ui-input--lg > div.ui-input__field > input.ui-input__el,lg
input,light,default,text,text,required,4.5,2.56,FAIL,FAIL,span.ui-input__affix--prefix › span,--ui-input-placeholder,#94a3b8,--ui-input-bg,#ffffff,15,400,false,1,--ui-input-placeholder → --ui-color-text-muted → --ui-slate-400 → #94a3b8,--ui-input-bg → --ui-color-surface → --ui-white → #ffffff,onyx-input.ui-input > div.ui-input__field > span.ui-input__affix.ui-input__affix--prefix > span,$
input,light,default,text,text,required,4.5,2.56,FAIL,FAIL,span.ui-input__affix--suffix › span,--ui-input-placeholder,#94a3b8,--ui-input-bg,#ffffff,15,400,false,1,--ui-input-placeholder → --ui-color-text-muted → --ui-slate-400 → #94a3b8,--ui-input-bg → --ui-color-surface → --ui-white → #ffffff,onyx-input.ui-input > div.ui-input__field > span.ui-input__affix.ui-input__affix--suffix > span,USD
input,light,default,text,text,required,4.5,2.56,FAIL,FAIL,onyx-input › p.ui-input__message,--ui-input-hint,#94a3b8,--ui-color-surface,#ffffff,14,400,false,1,--ui-input-hint → --ui-color-text-muted → --ui-slate-400 → #94a3b8,--ui-color-surface → --ui-white → #ffffff,onyx-input.ui-input > p.ui-input__message,3–20 characters.
input,light,default,text,text,required,4.5,17.85,PASS,PASS,onyx-input.ui-input--invalid › label.ui-input__label,--ui-input-text,#0f172a,--ui-color-surface,#ffffff,14,600,false,2,--ui-input-text → --ui-color-text → --ui-slate-900 → #0f172a,--ui-color-surface → --ui-white → #ffffff,onyx-input.ui-input.ui-input--invalid > label.ui-input__label,Email
input,light,default,non-text,border,required,3,4.83,PASS,PASS,onyx-input.ui-input--invalid › div.ui-input__field border,--ui-input-border-invalid,#dc2626,--ui-color-surface,#ffffff,,,,2,--ui-input-border-invalid → --ui-color-danger → --ui-red-600 → #dc2626,--ui-color-surface → --ui-white → #ffffff,onyx-input.ui-input.ui-input--invalid > div.ui-input__field,
input,light,default,text,text,required,4.5,4.83,PASS,PASS,p.ui-input__message--error,--ui-input-error,#dc2626,--ui-color-surface,#ffffff,14,400,false,1,--ui-input-error → --ui-color-danger → --ui-red-600 → #dc2626,--ui-color-surface → --ui-white → #ffffff,onyx-input.ui-input.ui-input--invalid > p.ui-input__message.ui-input__message--error,Enter a valid email address.
input,light,default,text,text,exempt-disabled,,17.85,EXEMPT,PASS,onyx-input.ui-input--disabled › label.ui-input__label [disabled],--ui-input-text,#0f172a,--ui-color-surface,#ffffff,14,600,false,1,--ui-input-text → --ui-color-text → --ui-slate-900 → #0f172a,--ui-color-surface → --ui-white → #ffffff,onyx-input.ui-input.ui-input--disabled > label.ui-input__label,Disabled
input,light,default,non-text,border,exempt-disabled,,1.23,EXEMPT,FAIL,onyx-input.ui-input--disabled › div.ui-input__field [disabled] border,--ui-input-border,#e2e8f0,--ui-color-surface,#ffffff,,,,1,--ui-input-border → --ui-color-border → --ui-slate-200 → #e2e8f0,--ui-color-surface → --ui-white → #ffffff,onyx-input.ui-input.ui-input--disabled > div.ui-input__field,
input,light,default,non-text,border-vs-own-bg,exempt-disabled,,1.13,EXEMPT,FAIL,onyx-input.ui-input--disabled › div.ui-input__field [disabled] border/inner,--ui-input-border,#e2e8f0,--ui-input-disabled-bg,#f1f5f9,,,,1,--ui-input-border → --ui-color-border → --ui-slate-200 → #e2e8f0,--ui-input-disabled-bg → --ui-color-disabled-bg → --ui-slate-100 → #f1f5f9,onyx-input.ui-input.ui-input--disabled > div.ui-input__field,
input,light,default,non-text,fill,exempt-disabled,,1.1,EXEMPT,FAIL,onyx-input.ui-input--disabled › div.ui-input__field [disabled] fill,--ui-input-disabled-bg,#f1f5f9,--ui-color-surface,#ffffff,,,,1,--ui-input-disabled-bg → --ui-color-disabled-bg → --ui-slate-100 → #f1f5f9,--ui-color-surface → --ui-white → #ffffff,onyx-input.ui-input.ui-input--disabled > div.ui-input__field,
input,light,focus,non-text,focus-ring,required,3,5.17,PASS,PASS,onyx-input › input.ui-input__el [empty] focus-ring/box-shadow on div.ui-input__field,--ui-focus-ring,#2563eb,--ui-color-surface,#ffffff,,,,1,--ui-focus-ring → --ui-color-primary → --ui-blue-500 → #2563eb,--ui-color-surface → --ui-white → #ffffff,onyx-input.ui-input > div.ui-input__field > input.ui-input__el,
input,light,focus,non-text,focus-ring,required,3,5.17,PASS,PASS,onyx-input.ui-input--sm › input.ui-input__el [empty] focus-ring/box-shadow on div.ui-input__field,--ui-focus-ring,#2563eb,--ui-color-surface,#ffffff,,,,1,--ui-focus-ring → --ui-color-primary → --ui-blue-500 → #2563eb,--ui-color-surface → --ui-white → #ffffff,onyx-input.ui-input.ui-input--sm > div.ui-input__field > input.ui-input__el,
input,light,focus,non-text,focus-ring,required,3,5.17,PASS,PASS,onyx-input.ui-input--lg › input.ui-input__el [empty] focus-ring/box-shadow on div.ui-input__field,--ui-focus-ring,#2563eb,--ui-color-surface,#ffffff,,,,1,--ui-focus-ring → --ui-color-primary → --ui-blue-500 → #2563eb,--ui-color-surface → --ui-white → #ffffff,onyx-input.ui-input.ui-input--lg > div.ui-input__field > input.ui-input__el,
input,light,focus,non-text,focus-ring,required,3,5.17,PASS,PASS,onyx-input › input.ui-input__el focus-ring/box-shadow on div.ui-input__field,--ui-focus-ring,#2563eb,--ui-color-surface,#ffffff,,,,1,--ui-focus-ring → --ui-color-primary → --ui-blue-500 → #2563eb,--ui-color-surface → --ui-white → #ffffff,onyx-input.ui-input > div.ui-input__field > input.ui-input__el,
input,light,focus,non-text,focus-ring,required,3,4.83,PASS,PASS,onyx-input.ui-input--invalid › input.ui-input__el [invalid] focus-ring/box-shadow on div.ui-input__field,--ui-input-border-invalid,#dc2626,--ui-color-surface,#ffffff,,,,1,--ui-input-border-invalid → --ui-color-danger → --ui-red-600 → #dc2626,--ui-color-surface → --ui-white → #ffffff,onyx-input.ui-input.ui-input--invalid > div.ui-input__field > input.ui-input__el,
input,dark,default,text,text,required,4.5,17.06,PASS,PASS,onyx-input › label.ui-input__label,--ui-input-text,#f8fafc,--ui-color-surface,#0f172a,14,600,false,4,--ui-input-text → --ui-color-text → --ui-slate-50 → #f8fafc,--ui-color-surface → --ui-slate-900 → #0f172a,onyx-input.ui-input > label.ui-input__label,Email
input,dark,default,non-text,border,required,3,1.72,FAIL,FAIL,onyx-input › div.ui-input__field border,--ui-input-border,#334155,--ui-color-surface,#0f172a,,,,4,--ui-input-border → --ui-color-border → --ui-slate-700 → #334155,--ui-color-surface → --ui-slate-900 → #0f172a,onyx-input.ui-input > div.ui-input__field,
input,dark,default,text,placeholder,required,4.5,6.96,PASS,PASS,onyx-input › input.ui-input__el [empty] ::placeholder,--ui-input-placeholder,#94a3b8,--ui-input-bg,#0f172a,16,400,false,3,--ui-input-placeholder → --ui-color-text-muted → --ui-slate-400 → #94a3b8,--ui-input-bg → --ui-color-surface → --ui-slate-900 → #0f172a,onyx-input.ui-input > div.ui-input__field > input.ui-input__el,you@example.com
input,dark,default,text,text,required,4.5,17.06,PASS,PASS,onyx-input.ui-input--sm › label.ui-input__label,--ui-input-text,#f8fafc,--ui-color-surface,#0f172a,14,600,false,1,--ui-input-text → --ui-color-text → --ui-slate-50 → #f8fafc,--ui-color-surface → --ui-slate-900 → #0f172a,onyx-input.ui-input.ui-input--sm > label.ui-input__label,Small
input,dark,default,non-text,border,required,3,1.72,FAIL,FAIL,onyx-input.ui-input--sm › div.ui-input__field border,--ui-input-border,#334155,--ui-color-surface,#0f172a,,,,1,--ui-input-border → --ui-color-border → --ui-slate-700 → #334155,--ui-color-surface → --ui-slate-900 → #0f172a,onyx-input.ui-input.ui-input--sm > div.ui-input__field,
input,dark,default,text,placeholder,required,4.5,6.96,PASS,PASS,onyx-input.ui-input--sm › input.ui-input__el [empty] ::placeholder,--ui-input-placeholder,#94a3b8,--ui-input-bg,#0f172a,16,400,false,1,--ui-input-placeholder → --ui-color-text-muted → --ui-slate-400 → #94a3b8,--ui-input-bg → --ui-color-surface → --ui-slate-900 → #0f172a,onyx-input.ui-input.ui-input--sm > div.ui-input__field > input.ui-input__el,sm
input,dark,default,text,text,required,4.5,17.06,PASS,PASS,onyx-input.ui-input--lg › label.ui-input__label,--ui-input-text,#f8fafc,--ui-color-surface,#0f172a,14,600,false,1,--ui-input-text → --ui-color-text → --ui-slate-50 → #f8fafc,--ui-color-surface → --ui-slate-900 → #0f172a,onyx-input.ui-input.ui-input--lg > label.ui-input__label,Large
input,dark,default,non-text,border,required,3,1.72,FAIL,FAIL,onyx-input.ui-input--lg › div.ui-input__field border,--ui-input-border,#334155,--ui-color-surface,#0f172a,,,,1,--ui-input-border → --ui-color-border → --ui-slate-700 → #334155,--ui-color-surface → --ui-slate-900 → #0f172a,onyx-input.ui-input.ui-input--lg > div.ui-input__field,
input,dark,default,text,placeholder,required,4.5,6.96,PASS,PASS,onyx-input.ui-input--lg › input.ui-input__el [empty] ::placeholder,--ui-input-placeholder,#94a3b8,--ui-input-bg,#0f172a,16,400,false,1,--ui-input-placeholder → --ui-color-text-muted → --ui-slate-400 → #94a3b8,--ui-input-bg → --ui-color-surface → --ui-slate-900 → #0f172a,onyx-input.ui-input.ui-input--lg > div.ui-input__field > input.ui-input__el,lg
input,dark,default,text,text,required,4.5,6.96,PASS,PASS,span.ui-input__affix--prefix › span,--ui-input-placeholder,#94a3b8,--ui-input-bg,#0f172a,15,400,false,1,--ui-input-placeholder → --ui-color-text-muted → --ui-slate-400 → #94a3b8,--ui-input-bg → --ui-color-surface → --ui-slate-900 → #0f172a,onyx-input.ui-input > div.ui-input__field > span.ui-input__affix.ui-input__affix--prefix > span,$
input,dark,default,text,text,required,4.5,6.96,PASS,PASS,span.ui-input__affix--suffix › span,--ui-input-placeholder,#94a3b8,--ui-input-bg,#0f172a,15,400,false,1,--ui-input-placeholder → --ui-color-text-muted → --ui-slate-400 → #94a3b8,--ui-input-bg → --ui-color-surface → --ui-slate-900 → #0f172a,onyx-input.ui-input > div.ui-input__field > span.ui-input__affix.ui-input__affix--suffix > span,USD
input,dark,default,text,text,required,4.5,6.96,PASS,PASS,onyx-input › p.ui-input__message,--ui-input-hint,#94a3b8,--ui-color-surface,#0f172a,14,400,false,1,--ui-input-hint → --ui-color-text-muted → --ui-slate-400 → #94a3b8,--ui-color-surface → --ui-slate-900 → #0f172a,onyx-input.ui-input > p.ui-input__message,3–20 characters.
input,dark,default,text,text,required,4.5,17.06,PASS,PASS,onyx-input.ui-input--invalid › label.ui-input__label,--ui-input-text,#f8fafc,--ui-color-surface,#0f172a,14,600,false,2,--ui-input-text → --ui-color-text → --ui-slate-50 → #f8fafc,--ui-color-surface → --ui-slate-900 → #0f172a,onyx-input.ui-input.ui-input--invalid > label.ui-input__label,Email
input,dark,default,non-text,border,required,3,6.45,PASS,PASS,onyx-input.ui-input--invalid › div.ui-input__field border,--ui-input-border-invalid,#f87171,--ui-color-surface,#0f172a,,,,2,--ui-input-border-invalid → --ui-color-danger → --ui-red-400 → #f87171,--ui-color-surface → --ui-slate-900 → #0f172a,onyx-input.ui-input.ui-input--invalid > div.ui-input__field,
input,dark,default,text,text,required,4.5,6.45,PASS,PASS,p.ui-input__message--error,--ui-input-error,#f87171,--ui-color-surface,#0f172a,14,400,false,1,--ui-input-error → --ui-color-danger → --ui-red-400 → #f87171,--ui-color-surface → --ui-slate-900 → #0f172a,onyx-input.ui-input.ui-input--invalid > p.ui-input__message.ui-input__message--error,Enter a valid email address.
input,dark,default,text,text,exempt-disabled,,17.06,EXEMPT,PASS,onyx-input.ui-input--disabled › label.ui-input__label [disabled],--ui-input-text,#f8fafc,--ui-color-surface,#0f172a,14,600,false,1,--ui-input-text → --ui-color-text → --ui-slate-50 → #f8fafc,--ui-color-surface → --ui-slate-900 → #0f172a,onyx-input.ui-input.ui-input--disabled > label.ui-input__label,Disabled
input,dark,default,non-text,border,exempt-disabled,,1.72,EXEMPT,FAIL,onyx-input.ui-input--disabled › div.ui-input__field [disabled] border,--ui-input-border,#334155,--ui-color-surface,#0f172a,,,,1,--ui-input-border → --ui-color-border → --ui-slate-700 → #334155,--ui-color-surface → --ui-slate-900 → #0f172a,onyx-input.ui-input.ui-input--disabled > div.ui-input__field,
input,dark,default,non-text,border-vs-own-bg,exempt-disabled,,1.41,EXEMPT,FAIL,onyx-input.ui-input--disabled › div.ui-input__field [disabled] border/inner,--ui-input-border,#334155,--ui-input-disabled-bg,#1e293b,,,,1,--ui-input-border → --ui-color-border → --ui-slate-700 → #334155,--ui-input-disabled-bg → --ui-color-disabled-bg → --ui-slate-800 → #1e293b,onyx-input.ui-input.ui-input--disabled > div.ui-input__field,
input,dark,default,non-text,fill,exempt-disabled,,1.22,EXEMPT,FAIL,onyx-input.ui-input--disabled › div.ui-input__field [disabled] fill,--ui-input-disabled-bg,#1e293b,--ui-color-surface,#0f172a,,,,1,--ui-input-disabled-bg → --ui-color-disabled-bg → --ui-slate-800 → #1e293b,--ui-color-surface → --ui-slate-900 → #0f172a,onyx-input.ui-input.ui-input--disabled > div.ui-input__field,
input,dark,focus,non-text,focus-ring,required,3,9.29,PASS,PASS,onyx-input › input.ui-input__el [empty] focus-ring/box-shadow on div.ui-input__field,--ui-focus-ring,#34d399,--ui-color-surface,#0f172a,,,,1,--ui-focus-ring → --ui-emerald-400 → #34d399,--ui-color-surface → --ui-slate-900 → #0f172a,onyx-input.ui-input > div.ui-input__field > input.ui-input__el,
input,dark,focus,non-text,focus-ring,required,3,9.29,PASS,PASS,onyx-input.ui-input--sm › input.ui-input__el [empty] focus-ring/box-shadow on div.ui-input__field,--ui-focus-ring,#34d399,--ui-color-surface,#0f172a,,,,1,--ui-focus-ring → --ui-emerald-400 → #34d399,--ui-color-surface → --ui-slate-900 → #0f172a,onyx-input.ui-input.ui-input--sm > div.ui-input__field > input.ui-input__el,
input,dark,focus,non-text,focus-ring,required,3,9.29,PASS,PASS,onyx-input.ui-input--lg › input.ui-input__el [empty] focus-ring/box-shadow on div.ui-input__field,--ui-focus-ring,#34d399,--ui-color-surface,#0f172a,,,,1,--ui-focus-ring → --ui-emerald-400 → #34d399,--ui-color-surface → --ui-slate-900 → #0f172a,onyx-input.ui-input.ui-input--lg > div.ui-input__field > input.ui-input__el,
input,dark,focus,non-text,focus-ring,required,3,9.29,PASS,PASS,onyx-input › input.ui-input__el focus-ring/box-shadow on div.ui-input__field,--ui-focus-ring,#34d399,--ui-color-surface,#0f172a,,,,1,--ui-focus-ring → --ui-emerald-400 → #34d399,--ui-color-surface → --ui-slate-900 → #0f172a,onyx-input.ui-input > div.ui-input__field > input.ui-input__el,
input,dark,focus,non-text,focus-ring,required,3,6.45,PASS,PASS,onyx-input.ui-input--invalid › input.ui-input__el [invalid] focus-ring/box-shadow on div.ui-input__field,--ui-input-border-invalid,#f87171,--ui-color-surface,#0f172a,,,,1,--ui-input-border-invalid → --ui-color-danger → --ui-red-400 → #f87171,--ui-color-surface → --ui-slate-900 → #0f172a,onyx-input.ui-input.ui-input--invalid > div.ui-input__field > input.ui-input__el,
input,acme,default,text,text,required,4.5,17.85,PASS,PASS,onyx-input › label.ui-input__label,--ui-input-text,#0f172a,--ui-color-surface,#ffffff,14,600,false,4,--ui-input-text → --ui-color-text → --ui-slate-900 → #0f172a,--ui-color-surface → --ui-white → #ffffff,onyx-input.ui-input > label.ui-input__label,Email
input,acme,default,non-text,border,required,3,1.23,FAIL,FAIL,onyx-input › div.ui-input__field border,--ui-input-border,#e2e8f0,--ui-color-surface,#ffffff,,,,4,--ui-input-border → --ui-color-border → --ui-slate-200 → #e2e8f0,--ui-color-surface → --ui-white → #ffffff,onyx-input.ui-input > div.ui-input__field,
input,acme,default,text,placeholder,required,4.5,2.56,FAIL,FAIL,onyx-input › input.ui-input__el [empty] ::placeholder,--ui-input-placeholder,#94a3b8,--ui-input-bg,#ffffff,16,400,false,3,--ui-input-placeholder → --ui-color-text-muted → --ui-slate-400 → #94a3b8,--ui-input-bg → --ui-color-surface → --ui-white → #ffffff,onyx-input.ui-input > div.ui-input__field > input.ui-input__el,you@example.com
input,acme,default,text,text,required,4.5,17.85,PASS,PASS,onyx-input.ui-input--sm › label.ui-input__label,--ui-input-text,#0f172a,--ui-color-surface,#ffffff,14,600,false,1,--ui-input-text → --ui-color-text → --ui-slate-900 → #0f172a,--ui-color-surface → --ui-white → #ffffff,onyx-input.ui-input.ui-input--sm > label.ui-input__label,Small
input,acme,default,non-text,border,required,3,1.23,FAIL,FAIL,onyx-input.ui-input--sm › div.ui-input__field border,--ui-input-border,#e2e8f0,--ui-color-surface,#ffffff,,,,1,--ui-input-border → --ui-color-border → --ui-slate-200 → #e2e8f0,--ui-color-surface → --ui-white → #ffffff,onyx-input.ui-input.ui-input--sm > div.ui-input__field,
input,acme,default,text,placeholder,required,4.5,2.56,FAIL,FAIL,onyx-input.ui-input--sm › input.ui-input__el [empty] ::placeholder,--ui-input-placeholder,#94a3b8,--ui-input-bg,#ffffff,16,400,false,1,--ui-input-placeholder → --ui-color-text-muted → --ui-slate-400 → #94a3b8,--ui-input-bg → --ui-color-surface → --ui-white → #ffffff,onyx-input.ui-input.ui-input--sm > div.ui-input__field > input.ui-input__el,sm
input,acme,default,text,text,required,4.5,17.85,PASS,PASS,onyx-input.ui-input--lg › label.ui-input__label,--ui-input-text,#0f172a,--ui-color-surface,#ffffff,14,600,false,1,--ui-input-text → --ui-color-text → --ui-slate-900 → #0f172a,--ui-color-surface → --ui-white → #ffffff,onyx-input.ui-input.ui-input--lg > label.ui-input__label,Large
input,acme,default,non-text,border,required,3,1.23,FAIL,FAIL,onyx-input.ui-input--lg › div.ui-input__field border,--ui-input-border,#e2e8f0,--ui-color-surface,#ffffff,,,,1,--ui-input-border → --ui-color-border → --ui-slate-200 → #e2e8f0,--ui-color-surface → --ui-white → #ffffff,onyx-input.ui-input.ui-input--lg > div.ui-input__field,
input,acme,default,text,placeholder,required,4.5,2.56,FAIL,FAIL,onyx-input.ui-input--lg › input.ui-input__el [empty] ::placeholder,--ui-input-placeholder,#94a3b8,--ui-input-bg,#ffffff,16,400,false,1,--ui-input-placeholder → --ui-color-text-muted → --ui-slate-400 → #94a3b8,--ui-input-bg → --ui-color-surface → --ui-white → #ffffff,onyx-input.ui-input.ui-input--lg > div.ui-input__field > input.ui-input__el,lg
input,acme,default,text,text,required,4.5,2.56,FAIL,FAIL,span.ui-input__affix--prefix › span,--ui-input-placeholder,#94a3b8,--ui-input-bg,#ffffff,15,400,false,1,--ui-input-placeholder → --ui-color-text-muted → --ui-slate-400 → #94a3b8,--ui-input-bg → --ui-color-surface → --ui-white → #ffffff,onyx-input.ui-input > div.ui-input__field > span.ui-input__affix.ui-input__affix--prefix > span,$
input,acme,default,text,text,required,4.5,2.56,FAIL,FAIL,span.ui-input__affix--suffix › span,--ui-input-placeholder,#94a3b8,--ui-input-bg,#ffffff,15,400,false,1,--ui-input-placeholder → --ui-color-text-muted → --ui-slate-400 → #94a3b8,--ui-input-bg → --ui-color-surface → --ui-white → #ffffff,onyx-input.ui-input > div.ui-input__field > span.ui-input__affix.ui-input__affix--suffix > span,USD
input,acme,default,text,text,required,4.5,2.56,FAIL,FAIL,onyx-input › p.ui-input__message,--ui-input-hint,#94a3b8,--ui-color-surface,#ffffff,14,400,false,1,--ui-input-hint → --ui-color-text-muted → --ui-slate-400 → #94a3b8,--ui-color-surface → --ui-white → #ffffff,onyx-input.ui-input > p.ui-input__message,3–20 characters.
input,acme,default,text,text,required,4.5,17.85,PASS,PASS,onyx-input.ui-input--invalid › label.ui-input__label,--ui-input-text,#0f172a,--ui-color-surface,#ffffff,14,600,false,2,--ui-input-text → --ui-color-text → --ui-slate-900 → #0f172a,--ui-color-surface → --ui-white → #ffffff,onyx-input.ui-input.ui-input--invalid > label.ui-input__label,Email
input,acme,default,non-text,border,required,3,4.83,PASS,PASS,onyx-input.ui-input--invalid › div.ui-input__field border,--ui-input-border-invalid,#dc2626,--ui-color-surface,#ffffff,,,,2,--ui-input-border-invalid → --ui-color-danger → --ui-red-600 → #dc2626,--ui-color-surface → --ui-white → #ffffff,onyx-input.ui-input.ui-input--invalid > div.ui-input__field,
input,acme,default,text,text,required,4.5,4.83,PASS,PASS,p.ui-input__message--error,--ui-input-error,#dc2626,--ui-color-surface,#ffffff,14,400,false,1,--ui-input-error → --ui-color-danger → --ui-red-600 → #dc2626,--ui-color-surface → --ui-white → #ffffff,onyx-input.ui-input.ui-input--invalid > p.ui-input__message.ui-input__message--error,Enter a valid email address.
input,acme,default,text,text,exempt-disabled,,17.85,EXEMPT,PASS,onyx-input.ui-input--disabled › label.ui-input__label [disabled],--ui-input-text,#0f172a,--ui-color-surface,#ffffff,14,600,false,1,--ui-input-text → --ui-color-text → --ui-slate-900 → #0f172a,--ui-color-surface → --ui-white → #ffffff,onyx-input.ui-input.ui-input--disabled > label.ui-input__label,Disabled
input,acme,default,non-text,border,exempt-disabled,,1.23,EXEMPT,FAIL,onyx-input.ui-input--disabled › div.ui-input__field [disabled] border,--ui-input-border,#e2e8f0,--ui-color-surface,#ffffff,,,,1,--ui-input-border → --ui-color-border → --ui-slate-200 → #e2e8f0,--ui-color-surface → --ui-white → #ffffff,onyx-input.ui-input.ui-input--disabled > div.ui-input__field,
input,acme,default,non-text,border-vs-own-bg,exempt-disabled,,1.13,EXEMPT,FAIL,onyx-input.ui-input--disabled › div.ui-input__field [disabled] border/inner,--ui-input-border,#e2e8f0,--ui-input-disabled-bg,#f1f5f9,,,,1,--ui-input-border → --ui-color-border → --ui-slate-200 → #e2e8f0,--ui-input-disabled-bg → --ui-color-disabled-bg → --ui-slate-100 → #f1f5f9,onyx-input.ui-input.ui-input--disabled > div.ui-input__field,
input,acme,default,non-text,fill,exempt-disabled,,1.1,EXEMPT,FAIL,onyx-input.ui-input--disabled › div.ui-input__field [disabled] fill,--ui-input-disabled-bg,#f1f5f9,--ui-color-surface,#ffffff,,,,1,--ui-input-disabled-bg → --ui-color-disabled-bg → --ui-slate-100 → #f1f5f9,--ui-color-surface → --ui-white → #ffffff,onyx-input.ui-input.ui-input--disabled > div.ui-input__field,
input,acme,focus,non-text,focus-ring,required,3,4.23,PASS,PASS,onyx-input › input.ui-input__el [empty] focus-ring/box-shadow on div.ui-input__field,--ui-focus-ring,#8b5cf6,--ui-color-surface,#ffffff,,,,1,--ui-focus-ring → #8b5cf6,--ui-color-surface → --ui-white → #ffffff,onyx-input.ui-input > div.ui-input__field > input.ui-input__el,
input,acme,focus,non-text,focus-ring,required,3,4.23,PASS,PASS,onyx-input.ui-input--sm › input.ui-input__el [empty] focus-ring/box-shadow on div.ui-input__field,--ui-focus-ring,#8b5cf6,--ui-color-surface,#ffffff,,,,1,--ui-focus-ring → #8b5cf6,--ui-color-surface → --ui-white → #ffffff,onyx-input.ui-input.ui-input--sm > div.ui-input__field > input.ui-input__el,
input,acme,focus,non-text,focus-ring,required,3,4.23,PASS,PASS,onyx-input.ui-input--lg › input.ui-input__el [empty] focus-ring/box-shadow on div.ui-input__field,--ui-focus-ring,#8b5cf6,--ui-color-surface,#ffffff,,,,1,--ui-focus-ring → #8b5cf6,--ui-color-surface → --ui-white → #ffffff,onyx-input.ui-input.ui-input--lg > div.ui-input__field > input.ui-input__el,
input,acme,focus,non-text,focus-ring,required,3,4.23,PASS,PASS,onyx-input › input.ui-input__el focus-ring/box-shadow on div.ui-input__field,--ui-focus-ring,#8b5cf6,--ui-color-surface,#ffffff,,,,1,--ui-focus-ring → #8b5cf6,--ui-color-surface → --ui-white → #ffffff,onyx-input.ui-input > div.ui-input__field > input.ui-input__el,
input,acme,focus,non-text,focus-ring,required,3,4.83,PASS,PASS,onyx-input.ui-input--invalid › input.ui-input__el [invalid] focus-ring/box-shadow on div.ui-input__field,--ui-input-border-invalid,#dc2626,--ui-color-surface,#ffffff,,,,1,--ui-input-border-invalid → --ui-color-danger → --ui-red-600 → #dc2626,--ui-color-surface → --ui-white → #ffffff,onyx-input.ui-input.ui-input--invalid > div.ui-input__field > input.ui-input__el,
menu,light,default,text,text,required,4.5,17.85,PASS,PASS,onyx-menu › button.ui-menu__trigger,--ui-menu-trigger-text,#0f172a,--ui-menu-trigger-bg,#ffffff,16,400,false,1,--ui-menu-trigger-text → --ui-color-text → --ui-slate-900 → #0f172a,--ui-menu-trigger-bg → --ui-color-surface → --ui-white → #ffffff,onyx-menu.ui-menu > button.ui-menu__trigger,Actions
menu,light,default,non-text,border,informational,,1.23,INFO,FAIL,onyx-menu › button.ui-menu__trigger border,--ui-menu-trigger-border,#e2e8f0,--ui-color-surface,#ffffff,,,,1,--ui-menu-trigger-border → --ui-color-border → --ui-slate-200 → #e2e8f0,--ui-color-surface → --ui-white → #ffffff,onyx-menu.ui-menu > button.ui-menu__trigger,
menu,light,open,non-text,border,informational,,1.18,INFO,FAIL,div › div.ui-menu__panel border,--ui-menu-border,#e2e8f0,--docs-page-bg,#f8fafc,,,,1,--ui-menu-border → --ui-color-border → --ui-slate-200 → #e2e8f0,--docs-page-bg,div.cdk-overlay-container > div.cdk-overlay-connected-position-bounding-box > div.cdk-overlay-pane.ui-menu__pane > div.ui-menu__panel,
menu,light,open,non-text,border-vs-own-bg,informational,,1.23,INFO,FAIL,div › div.ui-menu__panel border/inner,--ui-menu-border,#e2e8f0,--ui-menu-bg,#ffffff,,,,1,--ui-menu-border → --ui-color-border → --ui-slate-200 → #e2e8f0,--ui-menu-bg → --ui-color-surface → --ui-white → #ffffff,div.cdk-overlay-container > div.cdk-overlay-connected-position-bounding-box > div.cdk-overlay-pane.ui-menu__pane > div.ui-menu__panel,
menu,light,open,non-text,box,informational,,1.05,INFO,FAIL,div › div.ui-menu__panel box,--ui-menu-bg,#ffffff,--docs-page-bg,#f8fafc,,,,1,--ui-menu-bg → --ui-color-surface → --ui-white → #ffffff,--docs-page-bg,div.cdk-overlay-container > div.cdk-overlay-connected-position-bounding-box > div.cdk-overlay-pane.ui-menu__pane > div.ui-menu__panel,
menu,light,open,text,text,required,4.5,17.85,PASS,PASS,div › button.ui-menu__item,--ui-menu-item-text,#0f172a,--ui-menu-bg,#ffffff,16,400,false,3,--ui-menu-item-text → --ui-color-text → --ui-slate-900 → #0f172a,--ui-menu-bg → --ui-color-surface → --ui-white → #ffffff,div.cdk-overlay-container > div.cdk-overlay-connected-position-bounding-box > div.cdk-overlay-pane.ui-menu__pane > div.ui-menu__panel > button.ui-menu__item,Edit
menu,light,open,text,text,exempt-disabled,,2.56,EXEMPT,FAIL,div › button.ui-menu__item [disabled],--ui-menu-item-disabled-text,#94a3b8,--ui-menu-bg,#ffffff,16,400,false,1,--ui-menu-item-disabled-text → --ui-color-disabled-text → --ui-slate-400 → #94a3b8,--ui-menu-bg → --ui-color-surface → --ui-white → #ffffff,div.cdk-overlay-container > div.cdk-overlay-connected-position-bounding-box > div.cdk-overlay-pane.ui-menu__pane > div.ui-menu__panel > button.ui-menu__item,Delete
menu,light,focus,non-text,focus-ring,required,3,5.17,PASS,PASS,onyx-menu › button.ui-menu__trigger focus-ring/box-shadow,--ui-focus-ring,#2563eb,--ui-color-surface,#ffffff,,,,1,--ui-focus-ring → --ui-color-primary → --ui-blue-500 → #2563eb,--ui-color-surface → --ui-white → #ffffff,onyx-menu.ui-menu > button.ui-menu__trigger,
menu,dark,default,text,text,required,4.5,17.06,PASS,PASS,onyx-menu › button.ui-menu__trigger,--ui-menu-trigger-text,#f8fafc,--ui-menu-trigger-bg,#0f172a,16,400,false,1,--ui-menu-trigger-text → --ui-color-text → --ui-slate-50 → #f8fafc,--ui-menu-trigger-bg → --ui-color-surface → --ui-slate-900 → #0f172a,onyx-menu.ui-menu > button.ui-menu__trigger,Actions
menu,dark,default,non-text,border,informational,,1.72,INFO,FAIL,onyx-menu › button.ui-menu__trigger border,--ui-menu-trigger-border,#334155,--ui-color-surface,#0f172a,,,,1,--ui-menu-trigger-border → --ui-color-border → --ui-slate-700 → #334155,--ui-color-surface → --ui-slate-900 → #0f172a,onyx-menu.ui-menu > button.ui-menu__trigger,
menu,dark,open,non-text,border,informational,,1.95,INFO,FAIL,div › div.ui-menu__panel border,--ui-menu-border,#334155,--docs-page-bg,#020617,,,,1,--ui-menu-border → --ui-color-border → --ui-slate-700 → #334155,--docs-page-bg,div.cdk-overlay-container > div.cdk-overlay-connected-position-bounding-box > div.cdk-overlay-pane.ui-menu__pane > div.ui-menu__panel,
menu,dark,open,non-text,border-vs-own-bg,informational,,1.72,INFO,FAIL,div › div.ui-menu__panel border/inner,--ui-menu-border,#334155,--ui-menu-bg,#0f172a,,,,1,--ui-menu-border → --ui-color-border → --ui-slate-700 → #334155,--ui-menu-bg → --ui-color-surface → --ui-slate-900 → #0f172a,div.cdk-overlay-container > div.cdk-overlay-connected-position-bounding-box > div.cdk-overlay-pane.ui-menu__pane > div.ui-menu__panel,
menu,dark,open,non-text,box,informational,,1.13,INFO,FAIL,div › div.ui-menu__panel box,--ui-menu-bg,#0f172a,--docs-page-bg,#020617,,,,1,--ui-menu-bg → --ui-color-surface → --ui-slate-900 → #0f172a,--docs-page-bg,div.cdk-overlay-container > div.cdk-overlay-connected-position-bounding-box > div.cdk-overlay-pane.ui-menu__pane > div.ui-menu__panel,
menu,dark,open,text,text,required,4.5,17.06,PASS,PASS,div › button.ui-menu__item,--ui-menu-item-text,#f8fafc,--ui-menu-bg,#0f172a,16,400,false,3,--ui-menu-item-text → --ui-color-text → --ui-slate-50 → #f8fafc,--ui-menu-bg → --ui-color-surface → --ui-slate-900 → #0f172a,div.cdk-overlay-container > div.cdk-overlay-connected-position-bounding-box > div.cdk-overlay-pane.ui-menu__pane > div.ui-menu__panel > button.ui-menu__item,Edit
menu,dark,open,text,text,exempt-disabled,,3.75,EXEMPT,PASS,div › button.ui-menu__item [disabled],--ui-menu-item-disabled-text,#64748b,--ui-menu-bg,#0f172a,16,400,false,1,--ui-menu-item-disabled-text → --ui-color-disabled-text → --ui-slate-500 → #64748b,--ui-menu-bg → --ui-color-surface → --ui-slate-900 → #0f172a,div.cdk-overlay-container > div.cdk-overlay-connected-position-bounding-box > div.cdk-overlay-pane.ui-menu__pane > div.ui-menu__panel > button.ui-menu__item,Delete
menu,dark,focus,non-text,focus-ring,required,3,9.29,PASS,PASS,onyx-menu › button.ui-menu__trigger focus-ring/box-shadow,--ui-focus-ring,#34d399,--ui-color-surface,#0f172a,,,,1,--ui-focus-ring → --ui-emerald-400 → #34d399,--ui-color-surface → --ui-slate-900 → #0f172a,onyx-menu.ui-menu > button.ui-menu__trigger,
menu,acme,default,text,text,required,4.5,17.85,PASS,PASS,onyx-menu › button.ui-menu__trigger,--ui-menu-trigger-text,#0f172a,--ui-menu-trigger-bg,#ffffff,16,400,false,1,--ui-menu-trigger-text → --ui-color-text → --ui-slate-900 → #0f172a,--ui-menu-trigger-bg → --ui-color-surface → --ui-white → #ffffff,onyx-menu.ui-menu > button.ui-menu__trigger,Actions
menu,acme,default,non-text,border,informational,,1.23,INFO,FAIL,onyx-menu › button.ui-menu__trigger border,--ui-menu-trigger-border,#e2e8f0,--ui-color-surface,#ffffff,,,,1,--ui-menu-trigger-border → --ui-color-border → --ui-slate-200 → #e2e8f0,--ui-color-surface → --ui-white → #ffffff,onyx-menu.ui-menu > button.ui-menu__trigger,
menu,acme,open,non-text,border,informational,,1.18,INFO,FAIL,div › div.ui-menu__panel border,--ui-menu-border,#e2e8f0,--docs-page-bg,#f8fafc,,,,1,--ui-menu-border → --ui-color-border → --ui-slate-200 → #e2e8f0,--docs-page-bg,div.cdk-overlay-container > div.cdk-overlay-connected-position-bounding-box > div.cdk-overlay-pane.ui-menu__pane > div.ui-menu__panel,
menu,acme,open,non-text,border-vs-own-bg,informational,,1.23,INFO,FAIL,div › div.ui-menu__panel border/inner,--ui-menu-border,#e2e8f0,--ui-menu-bg,#ffffff,,,,1,--ui-menu-border → --ui-color-border → --ui-slate-200 → #e2e8f0,--ui-menu-bg → --ui-color-surface → --ui-white → #ffffff,div.cdk-overlay-container > div.cdk-overlay-connected-position-bounding-box > div.cdk-overlay-pane.ui-menu__pane > div.ui-menu__panel,
menu,acme,open,non-text,box,informational,,1.05,INFO,FAIL,div › div.ui-menu__panel box,--ui-menu-bg,#ffffff,--docs-page-bg,#f8fafc,,,,1,--ui-menu-bg → --ui-color-surface → --ui-white → #ffffff,--docs-page-bg,div.cdk-overlay-container > div.cdk-overlay-connected-position-bounding-box > div.cdk-overlay-pane.ui-menu__pane > div.ui-menu__panel,
menu,acme,open,text,text,required,4.5,17.85,PASS,PASS,div › button.ui-menu__item,--ui-menu-item-text,#0f172a,--ui-menu-bg,#ffffff,16,400,false,3,--ui-menu-item-text → --ui-color-text → --ui-slate-900 → #0f172a,--ui-menu-bg → --ui-color-surface → --ui-white → #ffffff,div.cdk-overlay-container > div.cdk-overlay-connected-position-bounding-box > div.cdk-overlay-pane.ui-menu__pane > div.ui-menu__panel > button.ui-menu__item,Edit
menu,acme,open,text,text,exempt-disabled,,2.56,EXEMPT,FAIL,div › button.ui-menu__item [disabled],--ui-menu-item-disabled-text,#94a3b8,--ui-menu-bg,#ffffff,16,400,false,1,--ui-menu-item-disabled-text → --ui-color-disabled-text → --ui-slate-400 → #94a3b8,--ui-menu-bg → --ui-color-surface → --ui-white → #ffffff,div.cdk-overlay-container > div.cdk-overlay-connected-position-bounding-box > div.cdk-overlay-pane.ui-menu__pane > div.ui-menu__panel > button.ui-menu__item,Delete
menu,acme,focus,non-text,focus-ring,required,3,4.23,PASS,PASS,onyx-menu › button.ui-menu__trigger focus-ring/box-shadow,--ui-focus-ring,#8b5cf6,--ui-color-surface,#ffffff,,,,1,--ui-focus-ring → #8b5cf6,--ui-color-surface → --ui-white → #ffffff,onyx-menu.ui-menu > button.ui-menu__trigger,
popover,light,default,text,text,consumer-owned,,18.26,INFO,PASS,(page) › button,,#000000,(#efefef on button),#efefef,13.3333,400,false,1,,,section.docs-demo > div.docs-demo__card > div.docs-demo__preview > ng-component > button,Actions
popover,light,default,non-text,border,consumer-owned,,21,INFO,PASS,(page) › button border,,#000000,--ui-color-surface,#ffffff,,,,1,,--ui-color-surface → --ui-white → #ffffff,section.docs-demo > div.docs-demo__card > div.docs-demo__preview > ng-component > button,
popover,light,default,non-text,border-vs-own-bg,consumer-owned,,18.26,INFO,PASS,(page) › button border/inner,,#000000,,#efefef,,,,1,,,section.docs-demo > div.docs-demo__card > div.docs-demo__preview > ng-component > button,
popover,light,default,non-text,box,consumer-owned,,1.15,INFO,FAIL,(page) › button box,,#efefef,--ui-color-surface,#ffffff,,,,1,,--ui-color-surface → --ui-white → #ffffff,section.docs-demo > div.docs-demo__card > div.docs-demo__preview > ng-component > button,
popover,light,open,non-text,border,informational,,1.18,INFO,FAIL,onyx-popover › div.ui-popover__panel border,--ui-popover-border,#e2e8f0,--docs-page-bg,#f8fafc,,,,1,--ui-popover-border → --ui-color-border → --ui-slate-200 → #e2e8f0,--docs-page-bg,onyx-popover > div.ui-popover__panel,
popover,light,open,non-text,border-vs-own-bg,informational,,1.23,INFO,FAIL,onyx-popover › div.ui-popover__panel border/inner,--ui-popover-border,#e2e8f0,--ui-popover-bg,#ffffff,,,,1,--ui-popover-border → --ui-color-border → --ui-slate-200 → #e2e8f0,--ui-popover-bg → --ui-color-surface → --ui-white → #ffffff,onyx-popover > div.ui-popover__panel,
popover,light,open,non-text,box,informational,,1.05,INFO,FAIL,onyx-popover › div.ui-popover__panel box,--ui-popover-bg,#ffffff,--docs-page-bg,#f8fafc,,,,1,--ui-popover-bg → --ui-color-surface → --ui-white → #ffffff,--docs-page-bg,onyx-popover > div.ui-popover__panel,
popover,light,open,text,text,required,4.5,17.85,PASS,PASS,onyx-popover › p,--ui-popover-text,#0f172a,--ui-popover-bg,#ffffff,15,400,false,1,--ui-popover-text → --ui-color-text → --ui-slate-900 → #0f172a,--ui-popover-bg → --ui-color-surface → --ui-white → #ffffff,onyx-popover > div.ui-popover__panel > p,Choose an action for this item.
popover,light,open,text,text,required,4.5,18.26,PASS,PASS,onyx-popover › button,,#000000,(#efefef on button),#efefef,13.3333,400,false,2,,,onyx-popover > div.ui-popover__panel > button,Rename
popover,light,open,non-text,border,informational,,21,INFO,PASS,onyx-popover › button border,,#000000,--ui-popover-bg,#ffffff,,,,2,,--ui-popover-bg → --ui-color-surface → --ui-white → #ffffff,onyx-popover > div.ui-popover__panel > button,
popover,light,open,non-text,border-vs-own-bg,informational,,18.26,INFO,PASS,onyx-popover › button border/inner,,#000000,,#efefef,,,,2,,,onyx-popover > div.ui-popover__panel > button,
popover,light,open,non-text,box,informational,,1.15,INFO,FAIL,onyx-popover › button box,,#efefef,--ui-popover-bg,#ffffff,,,,2,,--ui-popover-bg → --ui-color-surface → --ui-white → #ffffff,onyx-popover > div.ui-popover__panel > button,
popover,light,focus,non-text,focus-ring,consumer-owned,,19.03,INFO,PASS,(page) › button focus-ring/outline,,#101010,--ui-color-surface,#ffffff,,,,1,,--ui-color-surface → --ui-white → #ffffff,section.docs-demo > div.docs-demo__card > div.docs-demo__preview > ng-component > button,
popover,light,focus,non-text,focus-ring-vs-control,consumer-owned,,16.55,INFO,PASS,(page) › button focus-ring/vs-control,,#101010,,#efefef,,,,1,,,section.docs-demo > div.docs-demo__card > div.docs-demo__preview > ng-component > button,
popover,dark,default,text,text,consumer-owned,,18.26,INFO,PASS,(page) › button,,#000000,(#efefef on button),#efefef,13.3333,400,false,1,,,section.docs-demo > div.docs-demo__card > div.docs-demo__preview > ng-component > button,Actions
popover,dark,default,non-text,border,consumer-owned,,1.18,INFO,FAIL,(page) › button border,,#000000,--ui-color-surface,#0f172a,,,,1,,--ui-color-surface → --ui-slate-900 → #0f172a,section.docs-demo > div.docs-demo__card > div.docs-demo__preview > ng-component > button,
popover,dark,default,non-text,border-vs-own-bg,consumer-owned,,18.26,INFO,PASS,(page) › button border/inner,,#000000,,#efefef,,,,1,,,section.docs-demo > div.docs-demo__card > div.docs-demo__preview > ng-component > button,
popover,dark,default,non-text,box,consumer-owned,,15.53,INFO,PASS,(page) › button box,,#efefef,--ui-color-surface,#0f172a,,,,1,,--ui-color-surface → --ui-slate-900 → #0f172a,section.docs-demo > div.docs-demo__card > div.docs-demo__preview > ng-component > button,
popover,dark,open,non-text,border,informational,,1.95,INFO,FAIL,onyx-popover › div.ui-popover__panel border,--ui-popover-border,#334155,--docs-page-bg,#020617,,,,1,--ui-popover-border → --ui-color-border → --ui-slate-700 → #334155,--docs-page-bg,onyx-popover > div.ui-popover__panel,
popover,dark,open,non-text,border-vs-own-bg,informational,,1.72,INFO,FAIL,onyx-popover › div.ui-popover__panel border/inner,--ui-popover-border,#334155,--ui-popover-bg,#0f172a,,,,1,--ui-popover-border → --ui-color-border → --ui-slate-700 → #334155,--ui-popover-bg → --ui-color-surface → --ui-slate-900 → #0f172a,onyx-popover > div.ui-popover__panel,
popover,dark,open,non-text,box,informational,,1.13,INFO,FAIL,onyx-popover › div.ui-popover__panel box,--ui-popover-bg,#0f172a,--docs-page-bg,#020617,,,,1,--ui-popover-bg → --ui-color-surface → --ui-slate-900 → #0f172a,--docs-page-bg,onyx-popover > div.ui-popover__panel,
popover,dark,open,text,text,required,4.5,17.06,PASS,PASS,onyx-popover › p,--ui-popover-text,#f8fafc,--ui-popover-bg,#0f172a,15,400,false,1,--ui-popover-text → --ui-color-text → --ui-slate-50 → #f8fafc,--ui-popover-bg → --ui-color-surface → --ui-slate-900 → #0f172a,onyx-popover > div.ui-popover__panel > p,Choose an action for this item.
popover,dark,open,text,text,required,4.5,18.26,PASS,PASS,onyx-popover › button,,#000000,(#efefef on button),#efefef,13.3333,400,false,2,,,onyx-popover > div.ui-popover__panel > button,Rename
popover,dark,open,non-text,border,informational,,1.18,INFO,FAIL,onyx-popover › button border,,#000000,--ui-popover-bg,#0f172a,,,,2,,--ui-popover-bg → --ui-color-surface → --ui-slate-900 → #0f172a,onyx-popover > div.ui-popover__panel > button,
popover,dark,open,non-text,border-vs-own-bg,informational,,18.26,INFO,PASS,onyx-popover › button border/inner,,#000000,,#efefef,,,,2,,,onyx-popover > div.ui-popover__panel > button,
popover,dark,open,non-text,box,informational,,15.53,INFO,PASS,onyx-popover › button box,,#efefef,--ui-popover-bg,#0f172a,,,,2,,--ui-popover-bg → --ui-color-surface → --ui-slate-900 → #0f172a,onyx-popover > div.ui-popover__panel > button,
popover,dark,focus,non-text,focus-ring,consumer-owned,,1.07,INFO,FAIL,(page) › button focus-ring/outline,,#101010,--ui-color-surface,#0f172a,,,,1,,--ui-color-surface → --ui-slate-900 → #0f172a,section.docs-demo > div.docs-demo__card > div.docs-demo__preview > ng-component > button,
popover,dark,focus,non-text,focus-ring-vs-control,consumer-owned,,16.55,INFO,PASS,(page) › button focus-ring/vs-control,,#101010,,#efefef,,,,1,,,section.docs-demo > div.docs-demo__card > div.docs-demo__preview > ng-component > button,
popover,acme,default,text,text,consumer-owned,,18.26,INFO,PASS,(page) › button,,#000000,(#efefef on button),#efefef,13.3333,400,false,1,,,section.docs-demo > div.docs-demo__card > div.docs-demo__preview > ng-component > button,Actions
popover,acme,default,non-text,border,consumer-owned,,21,INFO,PASS,(page) › button border,,#000000,--ui-color-surface,#ffffff,,,,1,,--ui-color-surface → --ui-white → #ffffff,section.docs-demo > div.docs-demo__card > div.docs-demo__preview > ng-component > button,
popover,acme,default,non-text,border-vs-own-bg,consumer-owned,,18.26,INFO,PASS,(page) › button border/inner,,#000000,,#efefef,,,,1,,,section.docs-demo > div.docs-demo__card > div.docs-demo__preview > ng-component > button,
popover,acme,default,non-text,box,consumer-owned,,1.15,INFO,FAIL,(page) › button box,,#efefef,--ui-color-surface,#ffffff,,,,1,,--ui-color-surface → --ui-white → #ffffff,section.docs-demo > div.docs-demo__card > div.docs-demo__preview > ng-component > button,
popover,acme,open,non-text,border,informational,,1.18,INFO,FAIL,onyx-popover › div.ui-popover__panel border,--ui-popover-border,#e2e8f0,--docs-page-bg,#f8fafc,,,,1,--ui-popover-border → --ui-color-border → --ui-slate-200 → #e2e8f0,--docs-page-bg,onyx-popover > div.ui-popover__panel,
popover,acme,open,non-text,border-vs-own-bg,informational,,1.23,INFO,FAIL,onyx-popover › div.ui-popover__panel border/inner,--ui-popover-border,#e2e8f0,--ui-popover-bg,#ffffff,,,,1,--ui-popover-border → --ui-color-border → --ui-slate-200 → #e2e8f0,--ui-popover-bg → --ui-color-surface → --ui-white → #ffffff,onyx-popover > div.ui-popover__panel,
popover,acme,open,non-text,box,informational,,1.05,INFO,FAIL,onyx-popover › div.ui-popover__panel box,--ui-popover-bg,#ffffff,--docs-page-bg,#f8fafc,,,,1,--ui-popover-bg → --ui-color-surface → --ui-white → #ffffff,--docs-page-bg,onyx-popover > div.ui-popover__panel,
popover,acme,open,text,text,required,4.5,17.85,PASS,PASS,onyx-popover › p,--ui-popover-text,#0f172a,--ui-popover-bg,#ffffff,15,400,false,1,--ui-popover-text → --ui-color-text → --ui-slate-900 → #0f172a,--ui-popover-bg → --ui-color-surface → --ui-white → #ffffff,onyx-popover > div.ui-popover__panel > p,Choose an action for this item.
popover,acme,open,text,text,required,4.5,18.26,PASS,PASS,onyx-popover › button,,#000000,(#efefef on button),#efefef,13.3333,400,false,2,,,onyx-popover > div.ui-popover__panel > button,Rename
popover,acme,open,non-text,border,informational,,21,INFO,PASS,onyx-popover › button border,,#000000,--ui-popover-bg,#ffffff,,,,2,,--ui-popover-bg → --ui-color-surface → --ui-white → #ffffff,onyx-popover > div.ui-popover__panel > button,
popover,acme,open,non-text,border-vs-own-bg,informational,,18.26,INFO,PASS,onyx-popover › button border/inner,,#000000,,#efefef,,,,2,,,onyx-popover > div.ui-popover__panel > button,
popover,acme,open,non-text,box,informational,,1.15,INFO,FAIL,onyx-popover › button box,,#efefef,--ui-popover-bg,#ffffff,,,,2,,--ui-popover-bg → --ui-color-surface → --ui-white → #ffffff,onyx-popover > div.ui-popover__panel > button,
popover,acme,focus,non-text,focus-ring,consumer-owned,,19.03,INFO,PASS,(page) › button focus-ring/outline,,#101010,--ui-color-surface,#ffffff,,,,1,,--ui-color-surface → --ui-white → #ffffff,section.docs-demo > div.docs-demo__card > div.docs-demo__preview > ng-component > button,
popover,acme,focus,non-text,focus-ring-vs-control,consumer-owned,,16.55,INFO,PASS,(page) › button focus-ring/vs-control,,#101010,,#efefef,,,,1,,,section.docs-demo > div.docs-demo__card > div.docs-demo__preview > ng-component > button,
progress-bar,light,default,non-text,fill,informational,,1.1,INFO,FAIL,onyx-progress-bar › div.ui-progress__track fill,--ui-progress-track-bg,#f1f5f9,--ui-color-surface,#ffffff,,,,2,--ui-progress-track-bg → --ui-color-neutral-surface → --ui-slate-100 → #f1f5f9,--ui-color-surface → --ui-white → #ffffff,onyx-progress-bar.ui-progress > div.ui-progress__track,
progress-bar,light,default,non-text,fill,required,3,4.72,PASS,PASS,onyx-progress-bar › div.ui-progress__fill fill,--ui-progress-fill-bg,#2563eb,--ui-progress-track-bg,#f1f5f9,,,,2,--ui-progress-fill-bg → --ui-color-primary → --ui-blue-500 → #2563eb,--ui-progress-track-bg → --ui-color-neutral-surface → --ui-slate-100 → #f1f5f9,onyx-progress-bar.ui-progress > div.ui-progress__track > div.ui-progress__fill,
progress-bar,light,default,non-text,fill,informational,,1.1,INFO,FAIL,onyx-progress-bar.ui-progress--indeterminate › div.ui-progress__track fill,--ui-progress-track-bg,#f1f5f9,--ui-color-surface,#ffffff,,,,1,--ui-progress-track-bg → --ui-color-neutral-surface → --ui-slate-100 → #f1f5f9,--ui-color-surface → --ui-white → #ffffff,onyx-progress-bar.ui-progress.ui-progress--indeterminate > div.ui-progress__track,
progress-bar,light,default,non-text,fill,required,3,4.72,PASS,PASS,onyx-progress-bar.ui-progress--indeterminate › div.ui-progress__fill fill,--ui-progress-fill-bg,#2563eb,--ui-progress-track-bg,#f1f5f9,,,,1,--ui-progress-fill-bg → --ui-color-primary → --ui-blue-500 → #2563eb,--ui-progress-track-bg → --ui-color-neutral-surface → --ui-slate-100 → #f1f5f9,onyx-progress-bar.ui-progress.ui-progress--indeterminate > div.ui-progress__track > div.ui-progress__fill,
progress-bar,dark,default,non-text,fill,informational,,1.22,INFO,FAIL,onyx-progress-bar › div.ui-progress__track fill,--ui-progress-track-bg,#1e293b,--ui-color-surface,#0f172a,,,,2,--ui-progress-track-bg → --ui-color-neutral-surface → --ui-slate-800 → #1e293b,--ui-color-surface → --ui-slate-900 → #0f172a,onyx-progress-bar.ui-progress > div.ui-progress__track,
progress-bar,dark,default,non-text,fill,required,3,7.61,PASS,PASS,onyx-progress-bar › div.ui-progress__fill fill,--ui-progress-fill-bg,#34d399,--ui-progress-track-bg,#1e293b,,,,2,--ui-progress-fill-bg → --ui-color-primary → --ui-emerald-400 → #34d399,--ui-progress-track-bg → --ui-color-neutral-surface → --ui-slate-800 → #1e293b,onyx-progress-bar.ui-progress > div.ui-progress__track > div.ui-progress__fill,
progress-bar,dark,default,non-text,fill,informational,,1.22,INFO,FAIL,onyx-progress-bar.ui-progress--indeterminate › div.ui-progress__track fill,--ui-progress-track-bg,#1e293b,--ui-color-surface,#0f172a,,,,1,--ui-progress-track-bg → --ui-color-neutral-surface → --ui-slate-800 → #1e293b,--ui-color-surface → --ui-slate-900 → #0f172a,onyx-progress-bar.ui-progress.ui-progress--indeterminate > div.ui-progress__track,
progress-bar,dark,default,non-text,fill,required,3,7.61,PASS,PASS,onyx-progress-bar.ui-progress--indeterminate › div.ui-progress__fill fill,--ui-progress-fill-bg,#34d399,--ui-progress-track-bg,#1e293b,,,,1,--ui-progress-fill-bg → --ui-color-primary → --ui-emerald-400 → #34d399,--ui-progress-track-bg → --ui-color-neutral-surface → --ui-slate-800 → #1e293b,onyx-progress-bar.ui-progress.ui-progress--indeterminate > div.ui-progress__track > div.ui-progress__fill,
progress-bar,acme,default,non-text,fill,informational,,1.1,INFO,FAIL,onyx-progress-bar › div.ui-progress__track fill,--ui-progress-track-bg,#f1f5f9,--ui-color-surface,#ffffff,,,,2,--ui-progress-track-bg → --ui-color-neutral-surface → --ui-slate-100 → #f1f5f9,--ui-color-surface → --ui-white → #ffffff,onyx-progress-bar.ui-progress > div.ui-progress__track,
progress-bar,acme,default,non-text,fill,required,3,5.2,PASS,PASS,onyx-progress-bar › div.ui-progress__fill fill,--ui-progress-fill-bg,#7c3aed,--ui-progress-track-bg,#f1f5f9,,,,2,--ui-progress-fill-bg → --ui-color-primary → #7c3aed,--ui-progress-track-bg → --ui-color-neutral-surface → --ui-slate-100 → #f1f5f9,onyx-progress-bar.ui-progress > div.ui-progress__track > div.ui-progress__fill,
progress-bar,acme,default,non-text,fill,informational,,1.1,INFO,FAIL,onyx-progress-bar.ui-progress--indeterminate › div.ui-progress__track fill,--ui-progress-track-bg,#f1f5f9,--ui-color-surface,#ffffff,,,,1,--ui-progress-track-bg → --ui-color-neutral-surface → --ui-slate-100 → #f1f5f9,--ui-color-surface → --ui-white → #ffffff,onyx-progress-bar.ui-progress.ui-progress--indeterminate > div.ui-progress__track,
progress-bar,acme,default,non-text,fill,required,3,5.2,PASS,PASS,onyx-progress-bar.ui-progress--indeterminate › div.ui-progress__fill fill,--ui-progress-fill-bg,#7c3aed,--ui-progress-track-bg,#f1f5f9,,,,1,--ui-progress-fill-bg → --ui-color-primary → #7c3aed,--ui-progress-track-bg → --ui-color-neutral-surface → --ui-slate-100 → #f1f5f9,onyx-progress-bar.ui-progress.ui-progress--indeterminate > div.ui-progress__track > div.ui-progress__fill,
radio-group,light,default,text,text,required,4.5,17.85,PASS,PASS,onyx-radio-group › legend.ui-radio-group__legend,--ui-color-text,#0f172a,--ui-color-surface,#ffffff,14,600,false,1,--ui-color-text → --ui-slate-900 → #0f172a,--ui-color-surface → --ui-white → #ffffff,onyx-radio-group.ui-radio-group > fieldset.ui-radio-group__fieldset > legend.ui-radio-group__legend,Size
radio-group,light,default,non-text,accent,required,3,5.17,PASS,PASS,onyx-radio-group › input.ui-radio__el accent-color (UA-drawn checked fill),--ui-radio-bg-checked,#2563eb,--ui-color-surface,#ffffff,,,,3,--ui-radio-bg-checked → --ui-color-primary → --ui-blue-500 → #2563eb,--ui-color-surface → --ui-white → #ffffff,onyx-radio-group.ui-radio-group > fieldset.ui-radio-group__fieldset > label.ui-radio > input.ui-radio__el,
radio-group,light,default,text,text,required,4.5,17.85,PASS,PASS,onyx-radio-group › span.ui-radio__label,--ui-color-text,#0f172a,--ui-color-surface,#ffffff,16,400,false,3,--ui-color-text → --ui-slate-900 → #0f172a,--ui-color-surface → --ui-white → #ffffff,onyx-radio-group.ui-radio-group > fieldset.ui-radio-group__fieldset > label.ui-radio > span.ui-radio__label,Small
radio-group,light,focus,non-text,focus-ring,required,3,5.17,PASS,PASS,onyx-radio-group › input.ui-radio__el focus-ring/box-shadow,--ui-focus-ring,#2563eb,--ui-color-surface,#ffffff,,,,1,--ui-focus-ring → --ui-color-primary → --ui-blue-500 → #2563eb,--ui-color-surface → --ui-white → #ffffff,onyx-radio-group.ui-radio-group > fieldset.ui-radio-group__fieldset > label.ui-radio > input.ui-radio__el,
radio-group,dark,default,text,text,required,4.5,17.06,PASS,PASS,onyx-radio-group › legend.ui-radio-group__legend,--ui-color-text,#f8fafc,--ui-color-surface,#0f172a,14,600,false,1,--ui-color-text → --ui-slate-50 → #f8fafc,--ui-color-surface → --ui-slate-900 → #0f172a,onyx-radio-group.ui-radio-group > fieldset.ui-radio-group__fieldset > legend.ui-radio-group__legend,Size
radio-group,dark,default,non-text,accent,required,3,9.29,PASS,PASS,onyx-radio-group › input.ui-radio__el accent-color (UA-drawn checked fill),--ui-radio-bg-checked,#34d399,--ui-color-surface,#0f172a,,,,3,--ui-radio-bg-checked → --ui-color-primary → --ui-emerald-400 → #34d399,--ui-color-surface → --ui-slate-900 → #0f172a,onyx-radio-group.ui-radio-group > fieldset.ui-radio-group__fieldset > label.ui-radio > input.ui-radio__el,
radio-group,dark,default,text,text,required,4.5,17.06,PASS,PASS,onyx-radio-group › span.ui-radio__label,--ui-color-text,#f8fafc,--ui-color-surface,#0f172a,16,400,false,3,--ui-color-text → --ui-slate-50 → #f8fafc,--ui-color-surface → --ui-slate-900 → #0f172a,onyx-radio-group.ui-radio-group > fieldset.ui-radio-group__fieldset > label.ui-radio > span.ui-radio__label,Small
radio-group,dark,focus,non-text,focus-ring,required,3,9.29,PASS,PASS,onyx-radio-group › input.ui-radio__el focus-ring/box-shadow,--ui-focus-ring,#34d399,--ui-color-surface,#0f172a,,,,1,--ui-focus-ring → --ui-emerald-400 → #34d399,--ui-color-surface → --ui-slate-900 → #0f172a,onyx-radio-group.ui-radio-group > fieldset.ui-radio-group__fieldset > label.ui-radio > input.ui-radio__el,
radio-group,acme,default,text,text,required,4.5,17.85,PASS,PASS,onyx-radio-group › legend.ui-radio-group__legend,--ui-color-text,#0f172a,--ui-color-surface,#ffffff,14,600,false,1,--ui-color-text → --ui-slate-900 → #0f172a,--ui-color-surface → --ui-white → #ffffff,onyx-radio-group.ui-radio-group > fieldset.ui-radio-group__fieldset > legend.ui-radio-group__legend,Size
radio-group,acme,default,non-text,accent,required,3,5.7,PASS,PASS,onyx-radio-group › input.ui-radio__el accent-color (UA-drawn checked fill),--ui-radio-bg-checked,#7c3aed,--ui-color-surface,#ffffff,,,,3,--ui-radio-bg-checked → --ui-color-primary → #7c3aed,--ui-color-surface → --ui-white → #ffffff,onyx-radio-group.ui-radio-group > fieldset.ui-radio-group__fieldset > label.ui-radio > input.ui-radio__el,
radio-group,acme,default,text,text,required,4.5,17.85,PASS,PASS,onyx-radio-group › span.ui-radio__label,--ui-color-text,#0f172a,--ui-color-surface,#ffffff,16,400,false,3,--ui-color-text → --ui-slate-900 → #0f172a,--ui-color-surface → --ui-white → #ffffff,onyx-radio-group.ui-radio-group > fieldset.ui-radio-group__fieldset > label.ui-radio > span.ui-radio__label,Small
radio-group,acme,focus,non-text,focus-ring,required,3,4.23,PASS,PASS,onyx-radio-group › input.ui-radio__el focus-ring/box-shadow,--ui-focus-ring,#8b5cf6,--ui-color-surface,#ffffff,,,,1,--ui-focus-ring → #8b5cf6,--ui-color-surface → --ui-white → #ffffff,onyx-radio-group.ui-radio-group > fieldset.ui-radio-group__fieldset > label.ui-radio > input.ui-radio__el,
select,light,default,non-text,border,required,3,1.23,FAIL,FAIL,onyx-select › button.ui-select__trigger border,--ui-select-border,#e2e8f0,--ui-color-surface,#ffffff,,,,1,--ui-select-border → --ui-color-border → --ui-slate-200 → #e2e8f0,--ui-color-surface → --ui-white → #ffffff,onyx-select.ui-select > button.ui-select__trigger,
select,light,default,text,text,required,4.5,2.56,FAIL,FAIL,span.ui-select__value--placeholder,--ui-select-placeholder,#94a3b8,--ui-select-bg,#ffffff,16,400,false,1,--ui-select-placeholder → --ui-color-text-muted → --ui-slate-400 → #94a3b8,--ui-select-bg → --ui-color-surface → --ui-white → #ffffff,onyx-select.ui-select > button.ui-select__trigger > span.ui-select__value.ui-select__value--placeholder,Select…
select,light,default,non-text,glyph,required,3,2.56,FAIL,FAIL,onyx-select › span.ui-select__arrow glyph,--ui-select-arrow-color,#94a3b8,--ui-select-bg,#ffffff,16,400,false,1,--ui-select-arrow-color → --ui-color-text-muted → --ui-slate-400 → #94a3b8,--ui-select-bg → --ui-color-surface → --ui-white → #ffffff,onyx-select.ui-select > button.ui-select__trigger > span.ui-select__arrow,▾
select,light,open,non-text,border,informational,,1.18,INFO,FAIL,div › ul.ui-select__listbox border,--ui-select-listbox-border,#e2e8f0,--docs-page-bg,#f8fafc,,,,1,--ui-select-listbox-border → --ui-color-border → --ui-slate-200 → #e2e8f0,--docs-page-bg,div.cdk-overlay-container > div.cdk-overlay-connected-position-bounding-box > div.cdk-overlay-pane.ui-select__pane > ul.ui-select__listbox,
select,light,open,non-text,border-vs-own-bg,informational,,1.23,INFO,FAIL,div › ul.ui-select__listbox border/inner,--ui-select-listbox-border,#e2e8f0,--ui-select-listbox-bg,#ffffff,,,,1,--ui-select-listbox-border → --ui-color-border → --ui-slate-200 → #e2e8f0,--ui-select-listbox-bg → --ui-color-surface → --ui-white → #ffffff,div.cdk-overlay-container > div.cdk-overlay-connected-position-bounding-box > div.cdk-overlay-pane.ui-select__pane > ul.ui-select__listbox,
select,light,open,non-text,box,informational,,1.05,INFO,FAIL,div › ul.ui-select__listbox box,--ui-select-listbox-bg,#ffffff,--docs-page-bg,#f8fafc,,,,1,--ui-select-listbox-bg → --ui-color-surface → --ui-white → #ffffff,--docs-page-bg,div.cdk-overlay-container > div.cdk-overlay-connected-position-bounding-box > div.cdk-overlay-pane.ui-select__pane > ul.ui-select__listbox,
select,light,open,text,text,required,4.5,16.4,PASS,PASS,li.ui-select__option--active,--ui-select-text,#0f172a,--ui-select-option-hover-bg,#eff6ff,16,400,false,1,--ui-select-text → --ui-color-text → --ui-slate-900 → #0f172a,--ui-select-option-hover-bg → --ui-color-surface-hover → --ui-blue-50 → #eff6ff,div.cdk-overlay-container > div.cdk-overlay-connected-position-bounding-box > div.cdk-overlay-pane.ui-select__pane > ul.ui-select__listbox > li.ui-select__option.ui-select__option--active,Angular
select,light,open,non-text,box,informational,,1.09,INFO,FAIL,li.ui-select__option--active box,--ui-select-option-hover-bg,#eff6ff,--ui-select-listbox-bg,#ffffff,,,,1,--ui-select-option-hover-bg → --ui-color-surface-hover → --ui-blue-50 → #eff6ff,--ui-select-listbox-bg → --ui-color-surface → --ui-white → #ffffff,div.cdk-overlay-container > div.cdk-overlay-connected-position-bounding-box > div.cdk-overlay-pane.ui-select__pane > ul.ui-select__listbox > li.ui-select__option.ui-select__option--active,
select,light,open,text,text,required,4.5,17.85,PASS,PASS,div › li.ui-select__option,--ui-select-text,#0f172a,--ui-select-listbox-bg,#ffffff,16,400,false,2,--ui-select-text → --ui-color-text → --ui-slate-900 → #0f172a,--ui-select-listbox-bg → --ui-color-surface → --ui-white → #ffffff,div.cdk-overlay-container > div.cdk-overlay-connected-position-bounding-box > div.cdk-overlay-pane.ui-select__pane > ul.ui-select__listbox > li.ui-select__option,RxJS
select,light,open,text,text,exempt-disabled,,2.56,EXEMPT,FAIL,div › li.ui-select__option [disabled],--ui-select-disabled-text,#94a3b8,--ui-select-listbox-bg,#ffffff,16,400,false,1,--ui-select-disabled-text → --ui-color-disabled-text → --ui-slate-400 → #94a3b8,--ui-select-listbox-bg → --ui-color-surface → --ui-white → #ffffff,div.cdk-overlay-container > div.cdk-overlay-connected-position-bounding-box > div.cdk-overlay-pane.ui-select__pane > ul.ui-select__listbox > li.ui-select__option,Nx
select,light,focus,non-text,focus-ring,required,3,5.17,PASS,PASS,onyx-select › button.ui-select__trigger focus-ring/box-shadow,--ui-focus-ring,#2563eb,--ui-color-surface,#ffffff,,,,1,--ui-focus-ring → --ui-color-primary → --ui-blue-500 → #2563eb,--ui-color-surface → --ui-white → #ffffff,onyx-select.ui-select > button.ui-select__trigger,
select,dark,default,non-text,border,required,3,1.72,FAIL,FAIL,onyx-select › button.ui-select__trigger border,--ui-select-border,#334155,--ui-color-surface,#0f172a,,,,1,--ui-select-border → --ui-color-border → --ui-slate-700 → #334155,--ui-color-surface → --ui-slate-900 → #0f172a,onyx-select.ui-select > button.ui-select__trigger,
select,dark,default,text,text,required,4.5,6.96,PASS,PASS,span.ui-select__value--placeholder,--ui-select-placeholder,#94a3b8,--ui-select-bg,#0f172a,16,400,false,1,--ui-select-placeholder → --ui-color-text-muted → --ui-slate-400 → #94a3b8,--ui-select-bg → --ui-color-surface → --ui-slate-900 → #0f172a,onyx-select.ui-select > button.ui-select__trigger > span.ui-select__value.ui-select__value--placeholder,Select…
select,dark,default,non-text,glyph,required,3,6.96,PASS,PASS,onyx-select › span.ui-select__arrow glyph,--ui-select-arrow-color,#94a3b8,--ui-select-bg,#0f172a,16,400,false,1,--ui-select-arrow-color → --ui-color-text-muted → --ui-slate-400 → #94a3b8,--ui-select-bg → --ui-color-surface → --ui-slate-900 → #0f172a,onyx-select.ui-select > button.ui-select__trigger > span.ui-select__arrow,▾
select,dark,open,non-text,border,informational,,1.95,INFO,FAIL,div › ul.ui-select__listbox border,--ui-select-listbox-border,#334155,--docs-page-bg,#020617,,,,1,--ui-select-listbox-border → --ui-color-border → --ui-slate-700 → #334155,--docs-page-bg,div.cdk-overlay-container > div.cdk-overlay-connected-position-bounding-box > div.cdk-overlay-pane.ui-select__pane > ul.ui-select__listbox,
select,dark,open,non-text,border-vs-own-bg,informational,,1.72,INFO,FAIL,div › ul.ui-select__listbox border/inner,--ui-select-listbox-border,#334155,--ui-select-listbox-bg,#0f172a,,,,1,--ui-select-listbox-border → --ui-color-border → --ui-slate-700 → #334155,--ui-select-listbox-bg → --ui-color-surface → --ui-slate-900 → #0f172a,div.cdk-overlay-container > div.cdk-overlay-connected-position-bounding-box > div.cdk-overlay-pane.ui-select__pane > ul.ui-select__listbox,
select,dark,open,non-text,box,informational,,1.13,INFO,FAIL,div › ul.ui-select__listbox box,--ui-select-listbox-bg,#0f172a,--docs-page-bg,#020617,,,,1,--ui-select-listbox-bg → --ui-color-surface → --ui-slate-900 → #0f172a,--docs-page-bg,div.cdk-overlay-container > div.cdk-overlay-connected-position-bounding-box > div.cdk-overlay-pane.ui-select__pane > ul.ui-select__listbox,
select,dark,open,text,text,required,4.5,13.98,PASS,PASS,li.ui-select__option--active,--ui-select-text,#f8fafc,--ui-select-option-hover-bg,#1e293b,16,400,false,1,--ui-select-text → --ui-color-text → --ui-slate-50 → #f8fafc,--ui-select-option-hover-bg → --ui-color-surface-hover → --ui-slate-800 → #1e293b,div.cdk-overlay-container > div.cdk-overlay-connected-position-bounding-box > div.cdk-overlay-pane.ui-select__pane > ul.ui-select__listbox > li.ui-select__option.ui-select__option--active,Angular
select,dark,open,non-text,box,informational,,1.22,INFO,FAIL,li.ui-select__option--active box,--ui-select-option-hover-bg,#1e293b,--ui-select-listbox-bg,#0f172a,,,,1,--ui-select-option-hover-bg → --ui-color-surface-hover → --ui-slate-800 → #1e293b,--ui-select-listbox-bg → --ui-color-surface → --ui-slate-900 → #0f172a,div.cdk-overlay-container > div.cdk-overlay-connected-position-bounding-box > div.cdk-overlay-pane.ui-select__pane > ul.ui-select__listbox > li.ui-select__option.ui-select__option--active,
select,dark,open,text,text,required,4.5,17.06,PASS,PASS,div › li.ui-select__option,--ui-select-text,#f8fafc,--ui-select-listbox-bg,#0f172a,16,400,false,2,--ui-select-text → --ui-color-text → --ui-slate-50 → #f8fafc,--ui-select-listbox-bg → --ui-color-surface → --ui-slate-900 → #0f172a,div.cdk-overlay-container > div.cdk-overlay-connected-position-bounding-box > div.cdk-overlay-pane.ui-select__pane > ul.ui-select__listbox > li.ui-select__option,RxJS
select,dark,open,text,text,exempt-disabled,,3.75,EXEMPT,PASS,div › li.ui-select__option [disabled],--ui-select-disabled-text,#64748b,--ui-select-listbox-bg,#0f172a,16,400,false,1,--ui-select-disabled-text → --ui-color-disabled-text → --ui-slate-500 → #64748b,--ui-select-listbox-bg → --ui-color-surface → --ui-slate-900 → #0f172a,div.cdk-overlay-container > div.cdk-overlay-connected-position-bounding-box > div.cdk-overlay-pane.ui-select__pane > ul.ui-select__listbox > li.ui-select__option,Nx
select,dark,focus,non-text,focus-ring,required,3,9.29,PASS,PASS,onyx-select › button.ui-select__trigger focus-ring/box-shadow,--ui-focus-ring,#34d399,--ui-color-surface,#0f172a,,,,1,--ui-focus-ring → --ui-emerald-400 → #34d399,--ui-color-surface → --ui-slate-900 → #0f172a,onyx-select.ui-select > button.ui-select__trigger,
select,acme,default,non-text,border,required,3,1.23,FAIL,FAIL,onyx-select › button.ui-select__trigger border,--ui-select-border,#e2e8f0,--ui-color-surface,#ffffff,,,,1,--ui-select-border → --ui-color-border → --ui-slate-200 → #e2e8f0,--ui-color-surface → --ui-white → #ffffff,onyx-select.ui-select > button.ui-select__trigger,
select,acme,default,text,text,required,4.5,2.56,FAIL,FAIL,span.ui-select__value--placeholder,--ui-select-placeholder,#94a3b8,--ui-select-bg,#ffffff,16,400,false,1,--ui-select-placeholder → --ui-color-text-muted → --ui-slate-400 → #94a3b8,--ui-select-bg → --ui-color-surface → --ui-white → #ffffff,onyx-select.ui-select > button.ui-select__trigger > span.ui-select__value.ui-select__value--placeholder,Select…
select,acme,default,non-text,glyph,required,3,2.56,FAIL,FAIL,onyx-select › span.ui-select__arrow glyph,--ui-select-arrow-color,#94a3b8,--ui-select-bg,#ffffff,16,400,false,1,--ui-select-arrow-color → --ui-color-text-muted → --ui-slate-400 → #94a3b8,--ui-select-bg → --ui-color-surface → --ui-white → #ffffff,onyx-select.ui-select > button.ui-select__trigger > span.ui-select__arrow,▾
select,acme,open,non-text,border,informational,,1.18,INFO,FAIL,div › ul.ui-select__listbox border,--ui-select-listbox-border,#e2e8f0,--docs-page-bg,#f8fafc,,,,1,--ui-select-listbox-border → --ui-color-border → --ui-slate-200 → #e2e8f0,--docs-page-bg,div.cdk-overlay-container > div.cdk-overlay-connected-position-bounding-box > div.cdk-overlay-pane.ui-select__pane > ul.ui-select__listbox,
select,acme,open,non-text,border-vs-own-bg,informational,,1.23,INFO,FAIL,div › ul.ui-select__listbox border/inner,--ui-select-listbox-border,#e2e8f0,--ui-select-listbox-bg,#ffffff,,,,1,--ui-select-listbox-border → --ui-color-border → --ui-slate-200 → #e2e8f0,--ui-select-listbox-bg → --ui-color-surface → --ui-white → #ffffff,div.cdk-overlay-container > div.cdk-overlay-connected-position-bounding-box > div.cdk-overlay-pane.ui-select__pane > ul.ui-select__listbox,
select,acme,open,non-text,box,informational,,1.05,INFO,FAIL,div › ul.ui-select__listbox box,--ui-select-listbox-bg,#ffffff,--docs-page-bg,#f8fafc,,,,1,--ui-select-listbox-bg → --ui-color-surface → --ui-white → #ffffff,--docs-page-bg,div.cdk-overlay-container > div.cdk-overlay-connected-position-bounding-box > div.cdk-overlay-pane.ui-select__pane > ul.ui-select__listbox,
select,acme,open,text,text,required,4.5,16.4,PASS,PASS,li.ui-select__option--active,--ui-select-text,#0f172a,--ui-select-option-hover-bg,#eff6ff,16,400,false,1,--ui-select-text → --ui-color-text → --ui-slate-900 → #0f172a,--ui-select-option-hover-bg → --ui-color-surface-hover → --ui-blue-50 → #eff6ff,div.cdk-overlay-container > div.cdk-overlay-connected-position-bounding-box > div.cdk-overlay-pane.ui-select__pane > ul.ui-select__listbox > li.ui-select__option.ui-select__option--active,Angular
select,acme,open,non-text,box,informational,,1.09,INFO,FAIL,li.ui-select__option--active box,--ui-select-option-hover-bg,#eff6ff,--ui-select-listbox-bg,#ffffff,,,,1,--ui-select-option-hover-bg → --ui-color-surface-hover → --ui-blue-50 → #eff6ff,--ui-select-listbox-bg → --ui-color-surface → --ui-white → #ffffff,div.cdk-overlay-container > div.cdk-overlay-connected-position-bounding-box > div.cdk-overlay-pane.ui-select__pane > ul.ui-select__listbox > li.ui-select__option.ui-select__option--active,
select,acme,open,text,text,required,4.5,17.85,PASS,PASS,div › li.ui-select__option,--ui-select-text,#0f172a,--ui-select-listbox-bg,#ffffff,16,400,false,2,--ui-select-text → --ui-color-text → --ui-slate-900 → #0f172a,--ui-select-listbox-bg → --ui-color-surface → --ui-white → #ffffff,div.cdk-overlay-container > div.cdk-overlay-connected-position-bounding-box > div.cdk-overlay-pane.ui-select__pane > ul.ui-select__listbox > li.ui-select__option,RxJS
select,acme,open,text,text,exempt-disabled,,2.56,EXEMPT,FAIL,div › li.ui-select__option [disabled],--ui-select-disabled-text,#94a3b8,--ui-select-listbox-bg,#ffffff,16,400,false,1,--ui-select-disabled-text → --ui-color-disabled-text → --ui-slate-400 → #94a3b8,--ui-select-listbox-bg → --ui-color-surface → --ui-white → #ffffff,div.cdk-overlay-container > div.cdk-overlay-connected-position-bounding-box > div.cdk-overlay-pane.ui-select__pane > ul.ui-select__listbox > li.ui-select__option,Nx
select,acme,focus,non-text,focus-ring,required,3,4.23,PASS,PASS,onyx-select › button.ui-select__trigger focus-ring/box-shadow,--ui-focus-ring,#8b5cf6,--ui-color-surface,#ffffff,,,,1,--ui-focus-ring → #8b5cf6,--ui-color-surface → --ui-white → #ffffff,onyx-select.ui-select > button.ui-select__trigger,
skeleton,light,default,non-text,fill,consumer-owned,,1.05,INFO,FAIL,(page) › div fill,--ui-color-surface,#ffffff,--docs-page-bg,#f8fafc,,,,1,--ui-color-surface → --ui-white → #ffffff,--docs-page-bg,div.docs-demo__preview,
skeleton,light,default,non-text,fill,exempt-decorative,,1.23,EXEMPT,FAIL,onyx-skeleton.ui-skeleton--text › span.ui-skeleton__line fill,--ui-skeleton-bg,#e2e8f0,--ui-color-surface,#ffffff,,,,3,--ui-skeleton-bg → --ui-slate-200 → #e2e8f0,--ui-color-surface → --ui-white → #ffffff,onyx-skeleton.ui-skeleton--text > span.ui-skeleton__line,
skeleton,light,default,non-text,fill,exempt-decorative,,1.23,EXEMPT,FAIL,onyx-skeleton.ui-skeleton--circle › span.ui-skeleton__block fill,--ui-skeleton-bg,#e2e8f0,--ui-color-surface,#ffffff,,,,1,--ui-skeleton-bg → --ui-slate-200 → #e2e8f0,--ui-color-surface → --ui-white → #ffffff,onyx-skeleton.ui-skeleton--circle > span.ui-skeleton__block,
skeleton,light,default,non-text,fill,exempt-decorative,,1.23,EXEMPT,FAIL,onyx-skeleton.ui-skeleton--rect › span.ui-skeleton__block fill,--ui-skeleton-bg,#e2e8f0,--ui-color-surface,#ffffff,,,,1,--ui-skeleton-bg → --ui-slate-200 → #e2e8f0,--ui-color-surface → --ui-white → #ffffff,onyx-skeleton.ui-skeleton--rect > span.ui-skeleton__block,
skeleton,dark,default,non-text,fill,consumer-owned,,1.13,INFO,FAIL,(page) › div fill,--ui-color-surface,#0f172a,--docs-page-bg,#020617,,,,1,--ui-color-surface → --ui-slate-900 → #0f172a,--docs-page-bg,div.docs-demo__preview,
skeleton,dark,default,non-text,fill,exempt-decorative,,14.48,EXEMPT,PASS,onyx-skeleton.ui-skeleton--text › span.ui-skeleton__line fill,--ui-skeleton-bg,#e2e8f0,--ui-color-surface,#0f172a,,,,3,--ui-skeleton-bg → --ui-slate-200 → #e2e8f0,--ui-color-surface → --ui-slate-900 → #0f172a,onyx-skeleton.ui-skeleton--text > span.ui-skeleton__line,
skeleton,dark,default,non-text,fill,exempt-decorative,,14.48,EXEMPT,PASS,onyx-skeleton.ui-skeleton--circle › span.ui-skeleton__block fill,--ui-skeleton-bg,#e2e8f0,--ui-color-surface,#0f172a,,,,1,--ui-skeleton-bg → --ui-slate-200 → #e2e8f0,--ui-color-surface → --ui-slate-900 → #0f172a,onyx-skeleton.ui-skeleton--circle > span.ui-skeleton__block,
skeleton,dark,default,non-text,fill,exempt-decorative,,14.48,EXEMPT,PASS,onyx-skeleton.ui-skeleton--rect › span.ui-skeleton__block fill,--ui-skeleton-bg,#e2e8f0,--ui-color-surface,#0f172a,,,,1,--ui-skeleton-bg → --ui-slate-200 → #e2e8f0,--ui-color-surface → --ui-slate-900 → #0f172a,onyx-skeleton.ui-skeleton--rect > span.ui-skeleton__block,
skeleton,acme,default,non-text,fill,consumer-owned,,1.05,INFO,FAIL,(page) › div fill,--ui-color-surface,#ffffff,--docs-page-bg,#f8fafc,,,,1,--ui-color-surface → --ui-white → #ffffff,--docs-page-bg,div.docs-demo__preview,
skeleton,acme,default,non-text,fill,exempt-decorative,,1.23,EXEMPT,FAIL,onyx-skeleton.ui-skeleton--text › span.ui-skeleton__line fill,--ui-skeleton-bg,#e2e8f0,--ui-color-surface,#ffffff,,,,3,--ui-skeleton-bg → --ui-slate-200 → #e2e8f0,--ui-color-surface → --ui-white → #ffffff,onyx-skeleton.ui-skeleton--text > span.ui-skeleton__line,
skeleton,acme,default,non-text,fill,exempt-decorative,,1.23,EXEMPT,FAIL,onyx-skeleton.ui-skeleton--circle › span.ui-skeleton__block fill,--ui-skeleton-bg,#e2e8f0,--ui-color-surface,#ffffff,,,,1,--ui-skeleton-bg → --ui-slate-200 → #e2e8f0,--ui-color-surface → --ui-white → #ffffff,onyx-skeleton.ui-skeleton--circle > span.ui-skeleton__block,
skeleton,acme,default,non-text,fill,exempt-decorative,,1.23,EXEMPT,FAIL,onyx-skeleton.ui-skeleton--rect › span.ui-skeleton__block fill,--ui-skeleton-bg,#e2e8f0,--ui-color-surface,#ffffff,,,,1,--ui-skeleton-bg → --ui-slate-200 → #e2e8f0,--ui-color-surface → --ui-white → #ffffff,onyx-skeleton.ui-skeleton--rect > span.ui-skeleton__block,
slider,light,default,text,text,required,4.5,17.85,PASS,PASS,onyx-slider › label.ui-slider__label,--ui-color-text,#0f172a,--ui-color-surface,#ffffff,16,400,false,1,--ui-color-text → --ui-slate-900 → #0f172a,--ui-color-surface → --ui-white → #ffffff,onyx-slider.ui-slider > label.ui-slider__label,Volume
slider,light,default,non-text,thumb,required,3,1,FAIL,FAIL,onyx-slider › input.ui-slider__el ::-webkit-slider-thumb background-color,--ui-switch-thumb-color,#ffffff,--ui-color-surface,#ffffff,,,,1,--ui-switch-thumb-color → --ui-white → #ffffff,--ui-color-surface → --ui-white → #ffffff,onyx-slider.ui-slider > div.ui-slider__frame > input.ui-slider__el,
slider,light,default,non-text,thumb-box-shadow,required,3,17.85,PASS,PASS,onyx-slider › input.ui-slider__el ::-webkit-slider-thumb box-shadow,--ui-switch-padding,#0f172a,--ui-color-surface,#ffffff,,,,1,--ui-switch-padding → --ui-border-width-thick → 2px,--ui-color-surface → --ui-white → #ffffff,onyx-slider.ui-slider > div.ui-slider__frame > input.ui-slider__el,
slider,light,default,non-text,thumb-box-shadow,required,3,1.1,FAIL,FAIL,onyx-slider › input.ui-slider__el ::-webkit-slider-thumb box-shadow,--ui-progress-track-bg,#f1f5f9,--ui-color-surface,#ffffff,,,,1,--ui-progress-track-bg → --ui-color-neutral-surface → --ui-slate-100 → #f1f5f9,--ui-color-surface → --ui-white → #ffffff,onyx-slider.ui-slider > div.ui-slider__frame > input.ui-slider__el,
slider,light,default,text,text,required,4.5,17.85,PASS,PASS,onyx-slider › output.ui-slider__value,--ui-color-text,#0f172a,--ui-color-surface,#ffffff,16,400,false,1,--ui-color-text → --ui-slate-900 → #0f172a,--ui-color-surface → --ui-white → #ffffff,onyx-slider.ui-slider > div.ui-slider__frame > output.ui-slider__value,0
slider,light,default,text,text,exempt-disabled,,2.56,EXEMPT,FAIL,onyx-slider.ui-slider--disabled › label.ui-slider__label [disabled],--ui-switch-disabled-text,#94a3b8,--ui-color-surface,#ffffff,16,400,false,1,--ui-switch-disabled-text → --ui-color-disabled-text → --ui-slate-400 → #94a3b8,--ui-color-surface → --ui-white → #ffffff,onyx-slider.ui-slider.ui-slider--disabled > label.ui-slider__label,Volume
slider,light,default,non-text,thumb,exempt-disabled,,1,EXEMPT,FAIL,onyx-slider.ui-slider--disabled › input.ui-slider__el [disabled] ::-webkit-slider-thumb background-color,--ui-switch-thumb-color,#ffffff,--ui-color-surface,#ffffff,,,,1,--ui-switch-thumb-color → --ui-white → #ffffff,--ui-color-surface → --ui-white → #ffffff,onyx-slider.ui-slider.ui-slider--disabled > div.ui-slider__frame > input.ui-slider__el,
slider,light,default,non-text,thumb-box-shadow,exempt-disabled,,17.85,EXEMPT,PASS,onyx-slider.ui-slider--disabled › input.ui-slider__el [disabled] ::-webkit-slider-thumb box-shadow,--ui-switch-padding,#0f172a,--ui-color-surface,#ffffff,,,,1,--ui-switch-padding → --ui-border-width-thick → 2px,--ui-color-surface → --ui-white → #ffffff,onyx-slider.ui-slider.ui-slider--disabled > div.ui-slider__frame > input.ui-slider__el,
slider,light,default,non-text,thumb-box-shadow,exempt-disabled,,1.1,EXEMPT,FAIL,onyx-slider.ui-slider--disabled › input.ui-slider__el [disabled] ::-webkit-slider-thumb box-shadow,--ui-progress-track-bg,#f1f5f9,--ui-color-surface,#ffffff,,,,1,--ui-progress-track-bg → --ui-color-neutral-surface → --ui-slate-100 → #f1f5f9,--ui-color-surface → --ui-white → #ffffff,onyx-slider.ui-slider.ui-slider--disabled > div.ui-slider__frame > input.ui-slider__el,
slider,light,default,text,text,exempt-disabled,,2.56,EXEMPT,FAIL,onyx-slider.ui-slider--disabled › output.ui-slider__value [disabled],--ui-switch-disabled-text,#94a3b8,--ui-color-surface,#ffffff,16,400,false,1,--ui-switch-disabled-text → --ui-color-disabled-text → --ui-slate-400 → #94a3b8,--ui-color-surface → --ui-white → #ffffff,onyx-slider.ui-slider.ui-slider--disabled > div.ui-slider__frame > output.ui-slider__value,0
slider,light,focus,non-text,focus-ring,required,3,5.17,PASS,PASS,onyx-slider › input.ui-slider__el focus-ring/box-shadow,--ui-focus-ring,#2563eb,--ui-color-surface,#ffffff,,,,1,--ui-focus-ring → --ui-color-primary → --ui-blue-500 → #2563eb,--ui-color-surface → --ui-white → #ffffff,onyx-slider.ui-slider > div.ui-slider__frame > input.ui-slider__el,
slider,dark,default,text,text,required,4.5,17.06,PASS,PASS,onyx-slider › label.ui-slider__label,--ui-color-text,#f8fafc,--ui-color-surface,#0f172a,16,400,false,1,--ui-color-text → --ui-slate-50 → #f8fafc,--ui-color-surface → --ui-slate-900 → #0f172a,onyx-slider.ui-slider > label.ui-slider__label,Volume
slider,dark,default,non-text,thumb,required,3,17.85,PASS,PASS,onyx-slider › input.ui-slider__el ::-webkit-slider-thumb background-color,--ui-switch-thumb-color,#ffffff,--ui-color-surface,#0f172a,,,,1,--ui-switch-thumb-color → --ui-white → #ffffff,--ui-color-surface → --ui-slate-900 → #0f172a,onyx-slider.ui-slider > div.ui-slider__frame > input.ui-slider__el,
slider,dark,default,non-text,thumb-box-shadow,required,3,17.06,PASS,PASS,onyx-slider › input.ui-slider__el ::-webkit-slider-thumb box-shadow,--ui-switch-padding,#f8fafc,--ui-color-surface,#0f172a,,,,1,--ui-switch-padding → --ui-border-width-thick → 2px,--ui-color-surface → --ui-slate-900 → #0f172a,onyx-slider.ui-slider > div.ui-slider__frame > input.ui-slider__el,
slider,dark,default,non-text,thumb-box-shadow,required,3,1.22,FAIL,FAIL,onyx-slider › input.ui-slider__el ::-webkit-slider-thumb box-shadow,--ui-progress-track-bg,#1e293b,--ui-color-surface,#0f172a,,,,1,--ui-progress-track-bg → --ui-color-neutral-surface → --ui-slate-800 → #1e293b,--ui-color-surface → --ui-slate-900 → #0f172a,onyx-slider.ui-slider > div.ui-slider__frame > input.ui-slider__el,
slider,dark,default,text,text,required,4.5,17.06,PASS,PASS,onyx-slider › output.ui-slider__value,--ui-color-text,#f8fafc,--ui-color-surface,#0f172a,16,400,false,1,--ui-color-text → --ui-slate-50 → #f8fafc,--ui-color-surface → --ui-slate-900 → #0f172a,onyx-slider.ui-slider > div.ui-slider__frame > output.ui-slider__value,0
slider,dark,default,text,text,exempt-disabled,,3.75,EXEMPT,PASS,onyx-slider.ui-slider--disabled › label.ui-slider__label [disabled],--ui-switch-disabled-text,#64748b,--ui-color-surface,#0f172a,16,400,false,1,--ui-switch-disabled-text → --ui-color-disabled-text → --ui-slate-500 → #64748b,--ui-color-surface → --ui-slate-900 → #0f172a,onyx-slider.ui-slider.ui-slider--disabled > label.ui-slider__label,Volume
slider,dark,default,non-text,thumb,exempt-disabled,,17.85,EXEMPT,PASS,onyx-slider.ui-slider--disabled › input.ui-slider__el [disabled] ::-webkit-slider-thumb background-color,--ui-switch-thumb-color,#ffffff,--ui-color-surface,#0f172a,,,,1,--ui-switch-thumb-color → --ui-white → #ffffff,--ui-color-surface → --ui-slate-900 → #0f172a,onyx-slider.ui-slider.ui-slider--disabled > div.ui-slider__frame > input.ui-slider__el,
slider,dark,default,non-text,thumb-box-shadow,exempt-disabled,,17.06,EXEMPT,PASS,onyx-slider.ui-slider--disabled › input.ui-slider__el [disabled] ::-webkit-slider-thumb box-shadow,--ui-switch-padding,#f8fafc,--ui-color-surface,#0f172a,,,,1,--ui-switch-padding → --ui-border-width-thick → 2px,--ui-color-surface → --ui-slate-900 → #0f172a,onyx-slider.ui-slider.ui-slider--disabled > div.ui-slider__frame > input.ui-slider__el,
slider,dark,default,non-text,thumb-box-shadow,exempt-disabled,,1.22,EXEMPT,FAIL,onyx-slider.ui-slider--disabled › input.ui-slider__el [disabled] ::-webkit-slider-thumb box-shadow,--ui-progress-track-bg,#1e293b,--ui-color-surface,#0f172a,,,,1,--ui-progress-track-bg → --ui-color-neutral-surface → --ui-slate-800 → #1e293b,--ui-color-surface → --ui-slate-900 → #0f172a,onyx-slider.ui-slider.ui-slider--disabled > div.ui-slider__frame > input.ui-slider__el,
slider,dark,default,text,text,exempt-disabled,,3.75,EXEMPT,PASS,onyx-slider.ui-slider--disabled › output.ui-slider__value [disabled],--ui-switch-disabled-text,#64748b,--ui-color-surface,#0f172a,16,400,false,1,--ui-switch-disabled-text → --ui-color-disabled-text → --ui-slate-500 → #64748b,--ui-color-surface → --ui-slate-900 → #0f172a,onyx-slider.ui-slider.ui-slider--disabled > div.ui-slider__frame > output.ui-slider__value,0
slider,dark,focus,non-text,focus-ring,required,3,9.29,PASS,PASS,onyx-slider › input.ui-slider__el focus-ring/box-shadow,--ui-focus-ring,#34d399,--ui-color-surface,#0f172a,,,,1,--ui-focus-ring → --ui-emerald-400 → #34d399,--ui-color-surface → --ui-slate-900 → #0f172a,onyx-slider.ui-slider > div.ui-slider__frame > input.ui-slider__el,
slider,acme,default,text,text,required,4.5,17.85,PASS,PASS,onyx-slider › label.ui-slider__label,--ui-color-text,#0f172a,--ui-color-surface,#ffffff,16,400,false,1,--ui-color-text → --ui-slate-900 → #0f172a,--ui-color-surface → --ui-white → #ffffff,onyx-slider.ui-slider > label.ui-slider__label,Volume
slider,acme,default,non-text,thumb,required,3,1,FAIL,FAIL,onyx-slider › input.ui-slider__el ::-webkit-slider-thumb background-color,--ui-switch-thumb-color,#ffffff,--ui-color-surface,#ffffff,,,,1,--ui-switch-thumb-color → --ui-white → #ffffff,--ui-color-surface → --ui-white → #ffffff,onyx-slider.ui-slider > div.ui-slider__frame > input.ui-slider__el,
slider,acme,default,non-text,thumb-box-shadow,required,3,17.85,PASS,PASS,onyx-slider › input.ui-slider__el ::-webkit-slider-thumb box-shadow,--ui-switch-padding,#0f172a,--ui-color-surface,#ffffff,,,,1,--ui-switch-padding → --ui-border-width-thick → 2px,--ui-color-surface → --ui-white → #ffffff,onyx-slider.ui-slider > div.ui-slider__frame > input.ui-slider__el,
slider,acme,default,non-text,thumb-box-shadow,required,3,1.1,FAIL,FAIL,onyx-slider › input.ui-slider__el ::-webkit-slider-thumb box-shadow,--ui-progress-track-bg,#f1f5f9,--ui-color-surface,#ffffff,,,,1,--ui-progress-track-bg → --ui-color-neutral-surface → --ui-slate-100 → #f1f5f9,--ui-color-surface → --ui-white → #ffffff,onyx-slider.ui-slider > div.ui-slider__frame > input.ui-slider__el,
slider,acme,default,text,text,required,4.5,17.85,PASS,PASS,onyx-slider › output.ui-slider__value,--ui-color-text,#0f172a,--ui-color-surface,#ffffff,16,400,false,1,--ui-color-text → --ui-slate-900 → #0f172a,--ui-color-surface → --ui-white → #ffffff,onyx-slider.ui-slider > div.ui-slider__frame > output.ui-slider__value,0
slider,acme,default,text,text,exempt-disabled,,2.56,EXEMPT,FAIL,onyx-slider.ui-slider--disabled › label.ui-slider__label [disabled],--ui-switch-disabled-text,#94a3b8,--ui-color-surface,#ffffff,16,400,false,1,--ui-switch-disabled-text → --ui-color-disabled-text → --ui-slate-400 → #94a3b8,--ui-color-surface → --ui-white → #ffffff,onyx-slider.ui-slider.ui-slider--disabled > label.ui-slider__label,Volume
slider,acme,default,non-text,thumb,exempt-disabled,,1,EXEMPT,FAIL,onyx-slider.ui-slider--disabled › input.ui-slider__el [disabled] ::-webkit-slider-thumb background-color,--ui-switch-thumb-color,#ffffff,--ui-color-surface,#ffffff,,,,1,--ui-switch-thumb-color → --ui-white → #ffffff,--ui-color-surface → --ui-white → #ffffff,onyx-slider.ui-slider.ui-slider--disabled > div.ui-slider__frame > input.ui-slider__el,
slider,acme,default,non-text,thumb-box-shadow,exempt-disabled,,17.85,EXEMPT,PASS,onyx-slider.ui-slider--disabled › input.ui-slider__el [disabled] ::-webkit-slider-thumb box-shadow,--ui-switch-padding,#0f172a,--ui-color-surface,#ffffff,,,,1,--ui-switch-padding → --ui-border-width-thick → 2px,--ui-color-surface → --ui-white → #ffffff,onyx-slider.ui-slider.ui-slider--disabled > div.ui-slider__frame > input.ui-slider__el,
slider,acme,default,non-text,thumb-box-shadow,exempt-disabled,,1.1,EXEMPT,FAIL,onyx-slider.ui-slider--disabled › input.ui-slider__el [disabled] ::-webkit-slider-thumb box-shadow,--ui-progress-track-bg,#f1f5f9,--ui-color-surface,#ffffff,,,,1,--ui-progress-track-bg → --ui-color-neutral-surface → --ui-slate-100 → #f1f5f9,--ui-color-surface → --ui-white → #ffffff,onyx-slider.ui-slider.ui-slider--disabled > div.ui-slider__frame > input.ui-slider__el,
slider,acme,default,text,text,exempt-disabled,,2.56,EXEMPT,FAIL,onyx-slider.ui-slider--disabled › output.ui-slider__value [disabled],--ui-switch-disabled-text,#94a3b8,--ui-color-surface,#ffffff,16,400,false,1,--ui-switch-disabled-text → --ui-color-disabled-text → --ui-slate-400 → #94a3b8,--ui-color-surface → --ui-white → #ffffff,onyx-slider.ui-slider.ui-slider--disabled > div.ui-slider__frame > output.ui-slider__value,0
slider,acme,focus,non-text,focus-ring,required,3,4.23,PASS,PASS,onyx-slider › input.ui-slider__el focus-ring/box-shadow,--ui-focus-ring,#8b5cf6,--ui-color-surface,#ffffff,,,,1,--ui-focus-ring → #8b5cf6,--ui-color-surface → --ui-white → #ffffff,onyx-slider.ui-slider > div.ui-slider__frame > input.ui-slider__el,
spinner,light,default,non-text,border-t,informational,,5.17,INFO,PASS,onyx-spinner.ui-spinner--sm › span.ui-spinner__ring border-t,--ui-spinner-color,#2563eb,--ui-color-surface,#ffffff,,,,1,--ui-spinner-color → --ui-color-primary → --ui-blue-500 → #2563eb,--ui-color-surface → --ui-white → #ffffff,onyx-spinner.ui-spinner.ui-spinner--sm > span.ui-spinner__ring,
spinner,light,default,non-text,border-rbl,informational,,1.23,INFO,FAIL,onyx-spinner.ui-spinner--sm › span.ui-spinner__ring border-rbl,,#e2e8f0,--ui-color-surface,#ffffff,,,,1,,--ui-color-surface → --ui-white → #ffffff,onyx-spinner.ui-spinner.ui-spinner--sm > span.ui-spinner__ring,
spinner,light,default,non-text,border-t,informational,,5.17,INFO,PASS,onyx-spinner › span.ui-spinner__ring border-t,--ui-spinner-color,#2563eb,--ui-color-surface,#ffffff,,,,1,--ui-spinner-color → --ui-color-primary → --ui-blue-500 → #2563eb,--ui-color-surface → --ui-white → #ffffff,onyx-spinner.ui-spinner > span.ui-spinner__ring,
spinner,light,default,non-text,border-rbl,informational,,1.23,INFO,FAIL,onyx-spinner › span.ui-spinner__ring border-rbl,,#e2e8f0,--ui-color-surface,#ffffff,,,,1,,--ui-color-surface → --ui-white → #ffffff,onyx-spinner.ui-spinner > span.ui-spinner__ring,
spinner,light,default,non-text,border-t,informational,,5.17,INFO,PASS,onyx-spinner.ui-spinner--lg › span.ui-spinner__ring border-t,--ui-spinner-color,#2563eb,--ui-color-surface,#ffffff,,,,1,--ui-spinner-color → --ui-color-primary → --ui-blue-500 → #2563eb,--ui-color-surface → --ui-white → #ffffff,onyx-spinner.ui-spinner.ui-spinner--lg > span.ui-spinner__ring,
spinner,light,default,non-text,border-rbl,informational,,1.23,INFO,FAIL,onyx-spinner.ui-spinner--lg › span.ui-spinner__ring border-rbl,,#e2e8f0,--ui-color-surface,#ffffff,,,,1,,--ui-color-surface → --ui-white → #ffffff,onyx-spinner.ui-spinner.ui-spinner--lg > span.ui-spinner__ring,
spinner,dark,default,non-text,border-t,informational,,9.29,INFO,PASS,onyx-spinner.ui-spinner--sm › span.ui-spinner__ring border-t,--ui-spinner-color,#34d399,--ui-color-surface,#0f172a,,,,1,--ui-spinner-color → --ui-color-primary → --ui-emerald-400 → #34d399,--ui-color-surface → --ui-slate-900 → #0f172a,onyx-spinner.ui-spinner.ui-spinner--sm > span.ui-spinner__ring,
spinner,dark,default,non-text,border-rbl,informational,,1.72,INFO,FAIL,onyx-spinner.ui-spinner--sm › span.ui-spinner__ring border-rbl,,#334155,--ui-color-surface,#0f172a,,,,1,,--ui-color-surface → --ui-slate-900 → #0f172a,onyx-spinner.ui-spinner.ui-spinner--sm > span.ui-spinner__ring,
spinner,dark,default,non-text,border-t,informational,,9.29,INFO,PASS,onyx-spinner › span.ui-spinner__ring border-t,--ui-spinner-color,#34d399,--ui-color-surface,#0f172a,,,,1,--ui-spinner-color → --ui-color-primary → --ui-emerald-400 → #34d399,--ui-color-surface → --ui-slate-900 → #0f172a,onyx-spinner.ui-spinner > span.ui-spinner__ring,
spinner,dark,default,non-text,border-rbl,informational,,1.72,INFO,FAIL,onyx-spinner › span.ui-spinner__ring border-rbl,,#334155,--ui-color-surface,#0f172a,,,,1,,--ui-color-surface → --ui-slate-900 → #0f172a,onyx-spinner.ui-spinner > span.ui-spinner__ring,
spinner,dark,default,non-text,border-t,informational,,9.29,INFO,PASS,onyx-spinner.ui-spinner--lg › span.ui-spinner__ring border-t,--ui-spinner-color,#34d399,--ui-color-surface,#0f172a,,,,1,--ui-spinner-color → --ui-color-primary → --ui-emerald-400 → #34d399,--ui-color-surface → --ui-slate-900 → #0f172a,onyx-spinner.ui-spinner.ui-spinner--lg > span.ui-spinner__ring,
spinner,dark,default,non-text,border-rbl,informational,,1.72,INFO,FAIL,onyx-spinner.ui-spinner--lg › span.ui-spinner__ring border-rbl,,#334155,--ui-color-surface,#0f172a,,,,1,,--ui-color-surface → --ui-slate-900 → #0f172a,onyx-spinner.ui-spinner.ui-spinner--lg > span.ui-spinner__ring,
spinner,acme,default,non-text,border-t,informational,,5.7,INFO,PASS,onyx-spinner.ui-spinner--sm › span.ui-spinner__ring border-t,--ui-spinner-color,#7c3aed,--ui-color-surface,#ffffff,,,,1,--ui-spinner-color → --ui-color-primary → #7c3aed,--ui-color-surface → --ui-white → #ffffff,onyx-spinner.ui-spinner.ui-spinner--sm > span.ui-spinner__ring,
spinner,acme,default,non-text,border-rbl,informational,,1.23,INFO,FAIL,onyx-spinner.ui-spinner--sm › span.ui-spinner__ring border-rbl,,#e2e8f0,--ui-color-surface,#ffffff,,,,1,,--ui-color-surface → --ui-white → #ffffff,onyx-spinner.ui-spinner.ui-spinner--sm > span.ui-spinner__ring,
spinner,acme,default,non-text,border-t,informational,,5.7,INFO,PASS,onyx-spinner › span.ui-spinner__ring border-t,--ui-spinner-color,#7c3aed,--ui-color-surface,#ffffff,,,,1,--ui-spinner-color → --ui-color-primary → #7c3aed,--ui-color-surface → --ui-white → #ffffff,onyx-spinner.ui-spinner > span.ui-spinner__ring,
spinner,acme,default,non-text,border-rbl,informational,,1.23,INFO,FAIL,onyx-spinner › span.ui-spinner__ring border-rbl,,#e2e8f0,--ui-color-surface,#ffffff,,,,1,,--ui-color-surface → --ui-white → #ffffff,onyx-spinner.ui-spinner > span.ui-spinner__ring,
spinner,acme,default,non-text,border-t,informational,,5.7,INFO,PASS,onyx-spinner.ui-spinner--lg › span.ui-spinner__ring border-t,--ui-spinner-color,#7c3aed,--ui-color-surface,#ffffff,,,,1,--ui-spinner-color → --ui-color-primary → #7c3aed,--ui-color-surface → --ui-white → #ffffff,onyx-spinner.ui-spinner.ui-spinner--lg > span.ui-spinner__ring,
spinner,acme,default,non-text,border-rbl,informational,,1.23,INFO,FAIL,onyx-spinner.ui-spinner--lg › span.ui-spinner__ring border-rbl,,#e2e8f0,--ui-color-surface,#ffffff,,,,1,,--ui-color-surface → --ui-white → #ffffff,onyx-spinner.ui-spinner.ui-spinner--lg > span.ui-spinner__ring,
stack,light,default,non-text,box,informational,,5.17,INFO,PASS,onyx-button.ui-button--primary › button.ui-button__el box,--ui-button-bg,#2563eb,--ui-color-surface,#ffffff,,,,5,--ui-button-bg → --ui-color-primary → --ui-blue-500 → #2563eb,--ui-color-surface → --ui-white → #ffffff,onyx-button.ui-button.ui-button--primary > button.ui-button__el,
stack,light,default,text,text,required,4.5,5.17,PASS,PASS,onyx-button.ui-button--primary › span.ui-button__label,--ui-button-text,#ffffff,--ui-button-bg,#2563eb,16,600,false,5,--ui-button-text → --ui-color-on-primary → --ui-white → #ffffff,--ui-button-bg → --ui-color-primary → --ui-blue-500 → #2563eb,onyx-button.ui-button.ui-button--primary > button.ui-button__el > span.ui-button__label,Save
stack,light,default,non-text,border,informational,,5.17,INFO,PASS,onyx-button.ui-button--secondary › button.ui-button__el border,--ui-color-primary,#2563eb,--ui-color-surface,#ffffff,,,,1,--ui-color-primary → --ui-blue-500 → #2563eb,--ui-color-surface → --ui-white → #ffffff,onyx-button.ui-button.ui-button--secondary > button.ui-button__el,
stack,light,default,text,text,required,4.5,5.17,PASS,PASS,onyx-button.ui-button--secondary › span.ui-button__label,--ui-color-primary,#2563eb,--ui-color-surface,#ffffff,16,600,false,1,--ui-color-primary → --ui-blue-500 → #2563eb,--ui-color-surface → --ui-white → #ffffff,onyx-button.ui-button.ui-button--secondary > button.ui-button__el > span.ui-button__label,Preview
stack,light,default,text,text,required,4.5,5.17,PASS,PASS,onyx-button.ui-button--text › span.ui-button__label,--ui-color-primary,#2563eb,--ui-color-surface,#ffffff,16,600,false,1,--ui-color-primary → --ui-blue-500 → #2563eb,--ui-color-surface → --ui-white → #ffffff,onyx-button.ui-button.ui-button--text > button.ui-button__el > span.ui-button__label,Cancel
stack,light,focus,non-text,focus-ring,required,3,5.17,PASS,PASS,onyx-button.ui-button--primary › button.ui-button__el focus-ring/box-shadow,--ui-focus-ring,#2563eb,--ui-color-surface,#ffffff,,,,1,--ui-focus-ring → --ui-color-primary → --ui-blue-500 → #2563eb,--ui-color-surface → --ui-white → #ffffff,onyx-button.ui-button.ui-button--primary > button.ui-button__el,
stack,light,focus,non-text,focus-ring-vs-control,informational,,1,INFO,FAIL,onyx-button.ui-button--primary › button.ui-button__el focus-ring/vs-control,--ui-focus-ring,#2563eb,--ui-button-bg,#2563eb,,,,1,--ui-focus-ring → --ui-color-primary → --ui-blue-500 → #2563eb,--ui-button-bg → --ui-color-primary → --ui-blue-500 → #2563eb,onyx-button.ui-button.ui-button--primary > button.ui-button__el,
stack,light,focus,non-text,focus-ring,required,3,5.17,PASS,PASS,onyx-button.ui-button--secondary › button.ui-button__el focus-ring/box-shadow,--ui-focus-ring,#2563eb,--ui-color-surface,#ffffff,,,,1,--ui-focus-ring → --ui-color-primary → --ui-blue-500 → #2563eb,--ui-color-surface → --ui-white → #ffffff,onyx-button.ui-button.ui-button--secondary > button.ui-button__el,
stack,light,focus,non-text,focus-ring,required,3,5.17,PASS,PASS,onyx-button.ui-button--text › button.ui-button__el focus-ring/box-shadow,--ui-focus-ring,#2563eb,--ui-color-surface,#ffffff,,,,1,--ui-focus-ring → --ui-color-primary → --ui-blue-500 → #2563eb,--ui-color-surface → --ui-white → #ffffff,onyx-button.ui-button.ui-button--text > button.ui-button__el,
stack,light,hover,text,text,required,4.5,6.7,PASS,PASS,onyx-button.ui-button--primary › span.ui-button__label,--ui-button-text,#ffffff,--ui-button-bg-hover,#1d4ed8,16,600,false,1,--ui-button-text → --ui-color-on-primary → --ui-white → #ffffff,--ui-button-bg-hover → --ui-color-primary-hover → --ui-blue-600 → #1d4ed8,onyx-button.ui-button.ui-button--primary > button.ui-button__el > span.ui-button__label,Save
stack,light,hover,non-text,box,informational,,6.7,INFO,PASS,onyx-button.ui-button--primary › button.ui-button__el box,--ui-button-bg-hover,#1d4ed8,--ui-color-surface,#ffffff,,,,1,--ui-button-bg-hover → --ui-color-primary-hover → --ui-blue-600 → #1d4ed8,--ui-color-surface → --ui-white → #ffffff,onyx-button.ui-button.ui-button--primary > button.ui-button__el,
stack,light,hover,text,text,required,4.5,4.75,PASS,PASS,onyx-button.ui-button--secondary › span.ui-button__label,--ui-color-primary,#2563eb,--ui-color-surface-hover,#eff6ff,16,600,false,1,--ui-color-primary → --ui-blue-500 → #2563eb,--ui-color-surface-hover → --ui-blue-50 → #eff6ff,onyx-button.ui-button.ui-button--secondary > button.ui-button__el > span.ui-button__label,Preview
stack,light,hover,non-text,border,informational,,5.17,INFO,PASS,onyx-button.ui-button--secondary › button.ui-button__el border,--ui-color-primary,#2563eb,--ui-color-surface,#ffffff,,,,1,--ui-color-primary → --ui-blue-500 → #2563eb,--ui-color-surface → --ui-white → #ffffff,onyx-button.ui-button.ui-button--secondary > button.ui-button__el,
stack,light,hover,non-text,border-vs-own-bg,informational,,4.75,INFO,PASS,onyx-button.ui-button--secondary › button.ui-button__el border/inner,--ui-color-primary,#2563eb,--ui-color-surface-hover,#eff6ff,,,,1,--ui-color-primary → --ui-blue-500 → #2563eb,--ui-color-surface-hover → --ui-blue-50 → #eff6ff,onyx-button.ui-button.ui-button--secondary > button.ui-button__el,
stack,light,hover,non-text,box,informational,,1.09,INFO,FAIL,onyx-button.ui-button--secondary › button.ui-button__el box,--ui-color-surface-hover,#eff6ff,--ui-color-surface,#ffffff,,,,1,--ui-color-surface-hover → --ui-blue-50 → #eff6ff,--ui-color-surface → --ui-white → #ffffff,onyx-button.ui-button.ui-button--secondary > button.ui-button__el,
stack,light,hover,text,text,required,4.5,4.75,PASS,PASS,onyx-button.ui-button--text › span.ui-button__label,--ui-color-primary,#2563eb,--ui-color-surface-hover,#eff6ff,16,600,false,1,--ui-color-primary → --ui-blue-500 → #2563eb,--ui-color-surface-hover → --ui-blue-50 → #eff6ff,onyx-button.ui-button.ui-button--text > button.ui-button__el > span.ui-button__label,Cancel
stack,light,hover,non-text,box,informational,,1.09,INFO,FAIL,onyx-button.ui-button--text › button.ui-button__el box,--ui-color-surface-hover,#eff6ff,--ui-color-surface,#ffffff,,,,1,--ui-color-surface-hover → --ui-blue-50 → #eff6ff,--ui-color-surface → --ui-white → #ffffff,onyx-button.ui-button.ui-button--text > button.ui-button__el,
stack,dark,default,non-text,box,informational,,9.29,INFO,PASS,onyx-button.ui-button--primary › button.ui-button__el box,--ui-button-bg,#34d399,--ui-color-surface,#0f172a,,,,5,--ui-button-bg → --ui-color-primary → --ui-emerald-400 → #34d399,--ui-color-surface → --ui-slate-900 → #0f172a,onyx-button.ui-button.ui-button--primary > button.ui-button__el,
stack,dark,default,text,text,required,4.5,10.49,PASS,PASS,onyx-button.ui-button--primary › span.ui-button__label,--ui-button-text,#020617,--ui-button-bg,#34d399,16,600,false,5,--ui-button-text → --ui-color-on-primary → --ui-slate-950 → #020617,--ui-button-bg → --ui-color-primary → --ui-emerald-400 → #34d399,onyx-button.ui-button.ui-button--primary > button.ui-button__el > span.ui-button__label,Save
stack,dark,default,non-text,border,informational,,9.29,INFO,PASS,onyx-button.ui-button--secondary › button.ui-button__el border,--ui-color-primary,#34d399,--ui-color-surface,#0f172a,,,,1,--ui-color-primary → --ui-emerald-400 → #34d399,--ui-color-surface → --ui-slate-900 → #0f172a,onyx-button.ui-button.ui-button--secondary > button.ui-button__el,
stack,dark,default,text,text,required,4.5,9.29,PASS,PASS,onyx-button.ui-button--secondary › span.ui-button__label,--ui-color-primary,#34d399,--ui-color-surface,#0f172a,16,600,false,1,--ui-color-primary → --ui-emerald-400 → #34d399,--ui-color-surface → --ui-slate-900 → #0f172a,onyx-button.ui-button.ui-button--secondary > button.ui-button__el > span.ui-button__label,Preview
stack,dark,default,text,text,required,4.5,9.29,PASS,PASS,onyx-button.ui-button--text › span.ui-button__label,--ui-color-primary,#34d399,--ui-color-surface,#0f172a,16,600,false,1,--ui-color-primary → --ui-emerald-400 → #34d399,--ui-color-surface → --ui-slate-900 → #0f172a,onyx-button.ui-button.ui-button--text > button.ui-button__el > span.ui-button__label,Cancel
stack,dark,focus,non-text,focus-ring,required,3,9.29,PASS,PASS,onyx-button.ui-button--primary › button.ui-button__el focus-ring/box-shadow,--ui-focus-ring,#34d399,--ui-color-surface,#0f172a,,,,1,--ui-focus-ring → --ui-emerald-400 → #34d399,--ui-color-surface → --ui-slate-900 → #0f172a,onyx-button.ui-button.ui-button--primary > button.ui-button__el,
stack,dark,focus,non-text,focus-ring-vs-control,informational,,1,INFO,FAIL,onyx-button.ui-button--primary › button.ui-button__el focus-ring/vs-control,--ui-focus-ring,#34d399,--ui-button-bg,#34d399,,,,1,--ui-focus-ring → --ui-emerald-400 → #34d399,--ui-button-bg → --ui-color-primary → --ui-emerald-400 → #34d399,onyx-button.ui-button.ui-button--primary > button.ui-button__el,
stack,dark,focus,non-text,focus-ring,required,3,9.29,PASS,PASS,onyx-button.ui-button--secondary › button.ui-button__el focus-ring/box-shadow,--ui-focus-ring,#34d399,--ui-color-surface,#0f172a,,,,1,--ui-focus-ring → --ui-emerald-400 → #34d399,--ui-color-surface → --ui-slate-900 → #0f172a,onyx-button.ui-button.ui-button--secondary > button.ui-button__el,
stack,dark,focus,non-text,focus-ring,required,3,9.29,PASS,PASS,onyx-button.ui-button--text › button.ui-button__el focus-ring/box-shadow,--ui-focus-ring,#34d399,--ui-color-surface,#0f172a,,,,1,--ui-focus-ring → --ui-emerald-400 → #34d399,--ui-color-surface → --ui-slate-900 → #0f172a,onyx-button.ui-button.ui-button--text > button.ui-button__el,
stack,dark,hover,text,text,required,4.5,13.23,PASS,PASS,onyx-button.ui-button--primary › span.ui-button__label,--ui-button-text,#020617,--ui-button-bg-hover,#6ee7b7,16,600,false,1,--ui-button-text → --ui-color-on-primary → --ui-slate-950 → #020617,--ui-button-bg-hover → --ui-color-primary-hover → --ui-emerald-300 → #6ee7b7,onyx-button.ui-button.ui-button--primary > button.ui-button__el > span.ui-button__label,Save
stack,dark,hover,non-text,box,informational,,11.71,INFO,PASS,onyx-button.ui-button--primary › button.ui-button__el box,--ui-button-bg-hover,#6ee7b7,--ui-color-surface,#0f172a,,,,1,--ui-button-bg-hover → --ui-color-primary-hover → --ui-emerald-300 → #6ee7b7,--ui-color-surface → --ui-slate-900 → #0f172a,onyx-button.ui-button.ui-button--primary > button.ui-button__el,
stack,dark,hover,text,text,required,4.5,7.61,PASS,PASS,onyx-button.ui-button--secondary › span.ui-button__label,--ui-color-primary,#34d399,--ui-color-surface-hover,#1e293b,16,600,false,1,--ui-color-primary → --ui-emerald-400 → #34d399,--ui-color-surface-hover → --ui-slate-800 → #1e293b,onyx-button.ui-button.ui-button--secondary > button.ui-button__el > span.ui-button__label,Preview
stack,dark,hover,non-text,border,informational,,9.29,INFO,PASS,onyx-button.ui-button--secondary › button.ui-button__el border,--ui-color-primary,#34d399,--ui-color-surface,#0f172a,,,,1,--ui-color-primary → --ui-emerald-400 → #34d399,--ui-color-surface → --ui-slate-900 → #0f172a,onyx-button.ui-button.ui-button--secondary > button.ui-button__el,
stack,dark,hover,non-text,border-vs-own-bg,informational,,7.61,INFO,PASS,onyx-button.ui-button--secondary › button.ui-button__el border/inner,--ui-color-primary,#34d399,--ui-color-surface-hover,#1e293b,,,,1,--ui-color-primary → --ui-emerald-400 → #34d399,--ui-color-surface-hover → --ui-slate-800 → #1e293b,onyx-button.ui-button.ui-button--secondary > button.ui-button__el,
stack,dark,hover,non-text,box,informational,,1.22,INFO,FAIL,onyx-button.ui-button--secondary › button.ui-button__el box,--ui-color-surface-hover,#1e293b,--ui-color-surface,#0f172a,,,,1,--ui-color-surface-hover → --ui-slate-800 → #1e293b,--ui-color-surface → --ui-slate-900 → #0f172a,onyx-button.ui-button.ui-button--secondary > button.ui-button__el,
stack,dark,hover,text,text,required,4.5,7.61,PASS,PASS,onyx-button.ui-button--text › span.ui-button__label,--ui-color-primary,#34d399,--ui-color-surface-hover,#1e293b,16,600,false,1,--ui-color-primary → --ui-emerald-400 → #34d399,--ui-color-surface-hover → --ui-slate-800 → #1e293b,onyx-button.ui-button.ui-button--text > button.ui-button__el > span.ui-button__label,Cancel
stack,dark,hover,non-text,box,informational,,1.22,INFO,FAIL,onyx-button.ui-button--text › button.ui-button__el box,--ui-color-surface-hover,#1e293b,--ui-color-surface,#0f172a,,,,1,--ui-color-surface-hover → --ui-slate-800 → #1e293b,--ui-color-surface → --ui-slate-900 → #0f172a,onyx-button.ui-button.ui-button--text > button.ui-button__el,
stack,acme,default,non-text,box,informational,,5.7,INFO,PASS,onyx-button.ui-button--primary › button.ui-button__el box,--ui-button-bg,#7c3aed,--ui-color-surface,#ffffff,,,,5,--ui-button-bg → --ui-color-primary → #7c3aed,--ui-color-surface → --ui-white → #ffffff,onyx-button.ui-button.ui-button--primary > button.ui-button__el,
stack,acme,default,text,text,required,4.5,5.7,PASS,PASS,onyx-button.ui-button--primary › span.ui-button__label,--ui-button-text,#ffffff,--ui-button-bg,#7c3aed,16,600,false,5,--ui-button-text → --ui-color-on-primary → --ui-white → #ffffff,--ui-button-bg → --ui-color-primary → #7c3aed,onyx-button.ui-button.ui-button--primary > button.ui-button__el > span.ui-button__label,Save
stack,acme,default,non-text,border,informational,,5.7,INFO,PASS,onyx-button.ui-button--secondary › button.ui-button__el border,--ui-color-primary,#7c3aed,--ui-color-surface,#ffffff,,,,1,--ui-color-primary → #7c3aed,--ui-color-surface → --ui-white → #ffffff,onyx-button.ui-button.ui-button--secondary > button.ui-button__el,
stack,acme,default,text,text,required,4.5,5.7,PASS,PASS,onyx-button.ui-button--secondary › span.ui-button__label,--ui-color-primary,#7c3aed,--ui-color-surface,#ffffff,16,600,false,1,--ui-color-primary → #7c3aed,--ui-color-surface → --ui-white → #ffffff,onyx-button.ui-button.ui-button--secondary > button.ui-button__el > span.ui-button__label,Preview
stack,acme,default,text,text,required,4.5,5.7,PASS,PASS,onyx-button.ui-button--text › span.ui-button__label,--ui-color-primary,#7c3aed,--ui-color-surface,#ffffff,16,600,false,1,--ui-color-primary → #7c3aed,--ui-color-surface → --ui-white → #ffffff,onyx-button.ui-button.ui-button--text > button.ui-button__el > span.ui-button__label,Cancel
stack,acme,focus,non-text,focus-ring,required,3,4.23,PASS,PASS,onyx-button.ui-button--primary › button.ui-button__el focus-ring/box-shadow,--ui-focus-ring,#8b5cf6,--ui-color-surface,#ffffff,,,,1,--ui-focus-ring → #8b5cf6,--ui-color-surface → --ui-white → #ffffff,onyx-button.ui-button.ui-button--primary > button.ui-button__el,
stack,acme,focus,non-text,focus-ring-vs-control,informational,,1.35,INFO,FAIL,onyx-button.ui-button--primary › button.ui-button__el focus-ring/vs-control,--ui-focus-ring,#8b5cf6,--ui-button-bg,#7c3aed,,,,1,--ui-focus-ring → #8b5cf6,--ui-button-bg → --ui-color-primary → #7c3aed,onyx-button.ui-button.ui-button--primary > button.ui-button__el,
stack,acme,focus,non-text,focus-ring,required,3,4.23,PASS,PASS,onyx-button.ui-button--secondary › button.ui-button__el focus-ring/box-shadow,--ui-focus-ring,#8b5cf6,--ui-color-surface,#ffffff,,,,1,--ui-focus-ring → #8b5cf6,--ui-color-surface → --ui-white → #ffffff,onyx-button.ui-button.ui-button--secondary > button.ui-button__el,
stack,acme,focus,non-text,focus-ring,required,3,4.23,PASS,PASS,onyx-button.ui-button--text › button.ui-button__el focus-ring/box-shadow,--ui-focus-ring,#8b5cf6,--ui-color-surface,#ffffff,,,,1,--ui-focus-ring → #8b5cf6,--ui-color-surface → --ui-white → #ffffff,onyx-button.ui-button.ui-button--text > button.ui-button__el,
stack,acme,hover,text,text,required,4.5,7.1,PASS,PASS,onyx-button.ui-button--primary › span.ui-button__label,--ui-button-text,#ffffff,--ui-button-bg-hover,#6d28d9,16,600,false,1,--ui-button-text → --ui-color-on-primary → --ui-white → #ffffff,--ui-button-bg-hover → --ui-color-primary-hover → #6d28d9,onyx-button.ui-button.ui-button--primary > button.ui-button__el > span.ui-button__label,Save
stack,acme,hover,non-text,box,informational,,7.1,INFO,PASS,onyx-button.ui-button--primary › button.ui-button__el box,--ui-button-bg-hover,#6d28d9,--ui-color-surface,#ffffff,,,,1,--ui-button-bg-hover → --ui-color-primary-hover → #6d28d9,--ui-color-surface → --ui-white → #ffffff,onyx-button.ui-button.ui-button--primary > button.ui-button__el,
stack,acme,hover,text,text,required,4.5,5.24,PASS,PASS,onyx-button.ui-button--secondary › span.ui-button__label,--ui-color-primary,#7c3aed,--ui-color-surface-hover,#eff6ff,16,600,false,1,--ui-color-primary → #7c3aed,--ui-color-surface-hover → --ui-blue-50 → #eff6ff,onyx-button.ui-button.ui-button--secondary > button.ui-button__el > span.ui-button__label,Preview
stack,acme,hover,non-text,border,informational,,5.7,INFO,PASS,onyx-button.ui-button--secondary › button.ui-button__el border,--ui-color-primary,#7c3aed,--ui-color-surface,#ffffff,,,,1,--ui-color-primary → #7c3aed,--ui-color-surface → --ui-white → #ffffff,onyx-button.ui-button.ui-button--secondary > button.ui-button__el,
stack,acme,hover,non-text,border-vs-own-bg,informational,,5.24,INFO,PASS,onyx-button.ui-button--secondary › button.ui-button__el border/inner,--ui-color-primary,#7c3aed,--ui-color-surface-hover,#eff6ff,,,,1,--ui-color-primary → #7c3aed,--ui-color-surface-hover → --ui-blue-50 → #eff6ff,onyx-button.ui-button.ui-button--secondary > button.ui-button__el,
stack,acme,hover,non-text,box,informational,,1.09,INFO,FAIL,onyx-button.ui-button--secondary › button.ui-button__el box,--ui-color-surface-hover,#eff6ff,--ui-color-surface,#ffffff,,,,1,--ui-color-surface-hover → --ui-blue-50 → #eff6ff,--ui-color-surface → --ui-white → #ffffff,onyx-button.ui-button.ui-button--secondary > button.ui-button__el,
stack,acme,hover,text,text,required,4.5,5.24,PASS,PASS,onyx-button.ui-button--text › span.ui-button__label,--ui-color-primary,#7c3aed,--ui-color-surface-hover,#eff6ff,16,600,false,1,--ui-color-primary → #7c3aed,--ui-color-surface-hover → --ui-blue-50 → #eff6ff,onyx-button.ui-button.ui-button--text > button.ui-button__el > span.ui-button__label,Cancel
stack,acme,hover,non-text,box,informational,,1.09,INFO,FAIL,onyx-button.ui-button--text › button.ui-button__el box,--ui-color-surface-hover,#eff6ff,--ui-color-surface,#ffffff,,,,1,--ui-color-surface-hover → --ui-blue-50 → #eff6ff,--ui-color-surface → --ui-white → #ffffff,onyx-button.ui-button.ui-button--text > button.ui-button__el,
switch,light,default,non-text,fill,required,3,1.23,FAIL,FAIL,onyx-switch › span.ui-switch__track fill,--ui-switch-track-bg,#e2e8f0,--ui-color-surface,#ffffff,,,,1,--ui-switch-track-bg → --ui-color-border → --ui-slate-200 → #e2e8f0,--ui-color-surface → --ui-white → #ffffff,onyx-switch.ui-switch > label.ui-switch__wrap > span.ui-switch__control > span.ui-switch__track,
switch,light,default,non-text,fill,required,3,1.23,FAIL,FAIL,onyx-switch › span.ui-switch__track ::after fill,--ui-switch-thumb-color,#ffffff,--ui-switch-track-bg,#e2e8f0,,,,1,--ui-switch-thumb-color → --ui-white → #ffffff,--ui-switch-track-bg → --ui-color-border → --ui-slate-200 → #e2e8f0,onyx-switch.ui-switch > label.ui-switch__wrap > span.ui-switch__control > span.ui-switch__track,
switch,light,default,text,text,required,4.5,17.85,PASS,PASS,onyx-switch › span.ui-switch__label,--ui-color-text,#0f172a,--ui-color-surface,#ffffff,16,400,false,1,--ui-color-text → --ui-slate-900 → #0f172a,--ui-color-surface → --ui-white → #ffffff,onyx-switch.ui-switch > label.ui-switch__wrap > span.ui-switch__label,Enable notifications
switch,light,default,non-text,fill,exempt-disabled,,1.1,EXEMPT,FAIL,onyx-switch.ui-switch--disabled › span.ui-switch__track [disabled] fill,--ui-color-disabled-bg,#f1f5f9,--ui-color-surface,#ffffff,,,,1,--ui-color-disabled-bg → --ui-slate-100 → #f1f5f9,--ui-color-surface → --ui-white → #ffffff,onyx-switch.ui-switch.ui-switch--disabled > label.ui-switch__wrap > span.ui-switch__control > span.ui-switch__track,
switch,light,default,non-text,fill,exempt-disabled,,1.1,EXEMPT,FAIL,onyx-switch.ui-switch--disabled › span.ui-switch__track [disabled] ::after fill,--ui-switch-thumb-color,#ffffff,--ui-color-disabled-bg,#f1f5f9,,,,1,--ui-switch-thumb-color → --ui-white → #ffffff,--ui-color-disabled-bg → --ui-slate-100 → #f1f5f9,onyx-switch.ui-switch.ui-switch--disabled > label.ui-switch__wrap > span.ui-switch__control > span.ui-switch__track,
switch,light,default,text,text,exempt-disabled,,2.56,EXEMPT,FAIL,onyx-switch.ui-switch--disabled › span.ui-switch__label [disabled],--ui-switch-disabled-text,#94a3b8,--ui-color-surface,#ffffff,16,400,false,1,--ui-switch-disabled-text → --ui-color-disabled-text → --ui-slate-400 → #94a3b8,--ui-color-surface → --ui-white → #ffffff,onyx-switch.ui-switch.ui-switch--disabled > label.ui-switch__wrap > span.ui-switch__label,Disabled
switch,dark,default,non-text,fill,required,3,1.72,FAIL,FAIL,onyx-switch › span.ui-switch__track fill,--ui-switch-track-bg,#334155,--ui-color-surface,#0f172a,,,,1,--ui-switch-track-bg → --ui-color-border → --ui-slate-700 → #334155,--ui-color-surface → --ui-slate-900 → #0f172a,onyx-switch.ui-switch > label.ui-switch__wrap > span.ui-switch__control > span.ui-switch__track,
switch,dark,default,non-text,fill,required,3,10.35,PASS,PASS,onyx-switch › span.ui-switch__track ::after fill,--ui-switch-thumb-color,#ffffff,--ui-switch-track-bg,#334155,,,,1,--ui-switch-thumb-color → --ui-white → #ffffff,--ui-switch-track-bg → --ui-color-border → --ui-slate-700 → #334155,onyx-switch.ui-switch > label.ui-switch__wrap > span.ui-switch__control > span.ui-switch__track,
switch,dark,default,text,text,required,4.5,17.06,PASS,PASS,onyx-switch › span.ui-switch__label,--ui-color-text,#f8fafc,--ui-color-surface,#0f172a,16,400,false,1,--ui-color-text → --ui-slate-50 → #f8fafc,--ui-color-surface → --ui-slate-900 → #0f172a,onyx-switch.ui-switch > label.ui-switch__wrap > span.ui-switch__label,Enable notifications
switch,dark,default,non-text,fill,exempt-disabled,,1.22,EXEMPT,FAIL,onyx-switch.ui-switch--disabled › span.ui-switch__track [disabled] fill,--ui-color-disabled-bg,#1e293b,--ui-color-surface,#0f172a,,,,1,--ui-color-disabled-bg → --ui-slate-800 → #1e293b,--ui-color-surface → --ui-slate-900 → #0f172a,onyx-switch.ui-switch.ui-switch--disabled > label.ui-switch__wrap > span.ui-switch__control > span.ui-switch__track,
switch,dark,default,non-text,fill,exempt-disabled,,14.63,EXEMPT,PASS,onyx-switch.ui-switch--disabled › span.ui-switch__track [disabled] ::after fill,--ui-switch-thumb-color,#ffffff,--ui-color-disabled-bg,#1e293b,,,,1,--ui-switch-thumb-color → --ui-white → #ffffff,--ui-color-disabled-bg → --ui-slate-800 → #1e293b,onyx-switch.ui-switch.ui-switch--disabled > label.ui-switch__wrap > span.ui-switch__control > span.ui-switch__track,
switch,dark,default,text,text,exempt-disabled,,3.75,EXEMPT,PASS,onyx-switch.ui-switch--disabled › span.ui-switch__label [disabled],--ui-switch-disabled-text,#64748b,--ui-color-surface,#0f172a,16,400,false,1,--ui-switch-disabled-text → --ui-color-disabled-text → --ui-slate-500 → #64748b,--ui-color-surface → --ui-slate-900 → #0f172a,onyx-switch.ui-switch.ui-switch--disabled > label.ui-switch__wrap > span.ui-switch__label,Disabled
switch,acme,default,non-text,fill,required,3,1.23,FAIL,FAIL,onyx-switch › span.ui-switch__track fill,--ui-switch-track-bg,#e2e8f0,--ui-color-surface,#ffffff,,,,1,--ui-switch-track-bg → --ui-color-border → --ui-slate-200 → #e2e8f0,--ui-color-surface → --ui-white → #ffffff,onyx-switch.ui-switch > label.ui-switch__wrap > span.ui-switch__control > span.ui-switch__track,
switch,acme,default,non-text,fill,required,3,1.23,FAIL,FAIL,onyx-switch › span.ui-switch__track ::after fill,--ui-switch-thumb-color,#ffffff,--ui-switch-track-bg,#e2e8f0,,,,1,--ui-switch-thumb-color → --ui-white → #ffffff,--ui-switch-track-bg → --ui-color-border → --ui-slate-200 → #e2e8f0,onyx-switch.ui-switch > label.ui-switch__wrap > span.ui-switch__control > span.ui-switch__track,
switch,acme,default,text,text,required,4.5,17.85,PASS,PASS,onyx-switch › span.ui-switch__label,--ui-color-text,#0f172a,--ui-color-surface,#ffffff,16,400,false,1,--ui-color-text → --ui-slate-900 → #0f172a,--ui-color-surface → --ui-white → #ffffff,onyx-switch.ui-switch > label.ui-switch__wrap > span.ui-switch__label,Enable notifications
switch,acme,default,non-text,fill,exempt-disabled,,1.1,EXEMPT,FAIL,onyx-switch.ui-switch--disabled › span.ui-switch__track [disabled] fill,--ui-color-disabled-bg,#f1f5f9,--ui-color-surface,#ffffff,,,,1,--ui-color-disabled-bg → --ui-slate-100 → #f1f5f9,--ui-color-surface → --ui-white → #ffffff,onyx-switch.ui-switch.ui-switch--disabled > label.ui-switch__wrap > span.ui-switch__control > span.ui-switch__track,
switch,acme,default,non-text,fill,exempt-disabled,,1.1,EXEMPT,FAIL,onyx-switch.ui-switch--disabled › span.ui-switch__track [disabled] ::after fill,--ui-switch-thumb-color,#ffffff,--ui-color-disabled-bg,#f1f5f9,,,,1,--ui-switch-thumb-color → --ui-white → #ffffff,--ui-color-disabled-bg → --ui-slate-100 → #f1f5f9,onyx-switch.ui-switch.ui-switch--disabled > label.ui-switch__wrap > span.ui-switch__control > span.ui-switch__track,
switch,acme,default,text,text,exempt-disabled,,2.56,EXEMPT,FAIL,onyx-switch.ui-switch--disabled › span.ui-switch__label [disabled],--ui-switch-disabled-text,#94a3b8,--ui-color-surface,#ffffff,16,400,false,1,--ui-switch-disabled-text → --ui-color-disabled-text → --ui-slate-400 → #94a3b8,--ui-color-surface → --ui-white → #ffffff,onyx-switch.ui-switch.ui-switch--disabled > label.ui-switch__wrap > span.ui-switch__label,Disabled
tabs,light,default,non-text,border-b,informational,,1.23,INFO,FAIL,onyx-tabs › div.ui-tabs__list border-b,--ui-tabs-border,#e2e8f0,--ui-color-surface,#ffffff,,,,1,--ui-tabs-border → --ui-color-border → --ui-slate-200 → #e2e8f0,--ui-color-surface → --ui-white → #ffffff,onyx-tabs.ui-tabs > div.ui-tabs__list,
tabs,light,default,text,text,required,4.5,17.85,PASS,PASS,button.ui-tabs__tab--active [selected],--ui-tabs-text-active,#0f172a,--ui-color-surface,#ffffff,16,600,false,1,--ui-tabs-text-active → --ui-color-text → --ui-slate-900 → #0f172a,--ui-color-surface → --ui-white → #ffffff,onyx-tabs.ui-tabs > div.ui-tabs__list > button.ui-tabs__tab.ui-tabs__tab--active,Profile
tabs,light,default,non-text,border-b,required,3,5.17,PASS,PASS,button.ui-tabs__tab--active [selected] border-b,--ui-tabs-indicator-color,#2563eb,--ui-color-surface,#ffffff,,,,1,--ui-tabs-indicator-color → --ui-color-primary → --ui-blue-500 → #2563eb,--ui-color-surface → --ui-white → #ffffff,onyx-tabs.ui-tabs > div.ui-tabs__list > button.ui-tabs__tab.ui-tabs__tab--active,
tabs,light,default,text,text,required,4.5,2.56,FAIL,FAIL,onyx-tabs › button.ui-tabs__tab,--ui-tabs-text,#94a3b8,--ui-color-surface,#ffffff,16,600,false,1,--ui-tabs-text → --ui-color-text-muted → --ui-slate-400 → #94a3b8,--ui-color-surface → --ui-white → #ffffff,onyx-tabs.ui-tabs > div.ui-tabs__list > button.ui-tabs__tab,Security
tabs,light,default,text,text,exempt-disabled,,2.56,EXEMPT,FAIL,onyx-tabs › button.ui-tabs__tab [disabled],--ui-tabs-text-disabled,#94a3b8,--ui-color-surface,#ffffff,16,600,false,1,--ui-tabs-text-disabled → --ui-color-disabled-text → --ui-slate-400 → #94a3b8,--ui-color-surface → --ui-white → #ffffff,onyx-tabs.ui-tabs > div.ui-tabs__list > button.ui-tabs__tab,Billing
tabs,light,default,text,text,required,4.5,17.85,PASS,PASS,onyx-tabs › div,--ui-color-text,#0f172a,--ui-color-surface,#ffffff,15,400,false,1,--ui-color-text → --ui-slate-900 → #0f172a,--ui-color-surface → --ui-white → #ffffff,onyx-tab > div,Your public profile details.
tabs,light,focus,non-text,focus-ring,required,3,5.17,PASS,PASS,button.ui-tabs__tab--active [selected] focus-ring/box-shadow,--ui-focus-ring,#2563eb,--ui-color-surface,#ffffff,,,,1,--ui-focus-ring → --ui-color-primary → --ui-blue-500 → #2563eb,--ui-color-surface → --ui-white → #ffffff,onyx-tabs.ui-tabs > div.ui-tabs__list > button.ui-tabs__tab.ui-tabs__tab--active,
tabs,light,focus,non-text,focus-ring,required,3,5.17,PASS,PASS,onyx-tabs › button.ui-tabs__tab focus-ring/box-shadow,--ui-focus-ring,#2563eb,--ui-color-surface,#ffffff,,,,1,--ui-focus-ring → --ui-color-primary → --ui-blue-500 → #2563eb,--ui-color-surface → --ui-white → #ffffff,onyx-tabs.ui-tabs > div.ui-tabs__list > button.ui-tabs__tab,
tabs,light,hover,text,text,required,4.5,17.85,PASS,PASS,button.ui-tabs__tab--active [selected],--ui-tabs-text-active,#0f172a,--ui-color-surface,#ffffff,16,600,false,1,--ui-tabs-text-active → --ui-color-text → --ui-slate-900 → #0f172a,--ui-color-surface → --ui-white → #ffffff,onyx-tabs.ui-tabs > div.ui-tabs__list > button.ui-tabs__tab.ui-tabs__tab--active,Profile
tabs,light,hover,non-text,border-b,required,3,5.17,PASS,PASS,button.ui-tabs__tab--active [selected] border-b,--ui-tabs-indicator-color,#2563eb,--ui-color-surface,#ffffff,,,,1,--ui-tabs-indicator-color → --ui-color-primary → --ui-blue-500 → #2563eb,--ui-color-surface → --ui-white → #ffffff,onyx-tabs.ui-tabs > div.ui-tabs__list > button.ui-tabs__tab.ui-tabs__tab--active,
tabs,light,hover,text,text,required,4.5,17.85,PASS,PASS,onyx-tabs › button.ui-tabs__tab,--ui-tabs-text-active,#0f172a,--ui-color-surface,#ffffff,16,600,false,1,--ui-tabs-text-active → --ui-color-text → --ui-slate-900 → #0f172a,--ui-color-surface → --ui-white → #ffffff,onyx-tabs.ui-tabs > div.ui-tabs__list > button.ui-tabs__tab,Security
tabs,dark,default,non-text,border-b,informational,,1.72,INFO,FAIL,onyx-tabs › div.ui-tabs__list border-b,--ui-tabs-border,#334155,--ui-color-surface,#0f172a,,,,1,--ui-tabs-border → --ui-color-border → --ui-slate-700 → #334155,--ui-color-surface → --ui-slate-900 → #0f172a,onyx-tabs.ui-tabs > div.ui-tabs__list,
tabs,dark,default,text,text,required,4.5,17.06,PASS,PASS,button.ui-tabs__tab--active [selected],--ui-tabs-text-active,#f8fafc,--ui-color-surface,#0f172a,16,600,false,1,--ui-tabs-text-active → --ui-color-text → --ui-slate-50 → #f8fafc,--ui-color-surface → --ui-slate-900 → #0f172a,onyx-tabs.ui-tabs > div.ui-tabs__list > button.ui-tabs__tab.ui-tabs__tab--active,Profile
tabs,dark,default,non-text,border-b,required,3,9.29,PASS,PASS,button.ui-tabs__tab--active [selected] border-b,--ui-tabs-indicator-color,#34d399,--ui-color-surface,#0f172a,,,,1,--ui-tabs-indicator-color → --ui-color-primary → --ui-emerald-400 → #34d399,--ui-color-surface → --ui-slate-900 → #0f172a,onyx-tabs.ui-tabs > div.ui-tabs__list > button.ui-tabs__tab.ui-tabs__tab--active,
tabs,dark,default,text,text,required,4.5,3.75,FAIL,PASS,onyx-tabs › button.ui-tabs__tab,--ui-tabs-text,#64748b,--ui-color-surface,#0f172a,16,600,false,1,--ui-tabs-text → --ui-slate-500 → #64748b,--ui-color-surface → --ui-slate-900 → #0f172a,onyx-tabs.ui-tabs > div.ui-tabs__list > button.ui-tabs__tab,Security
tabs,dark,default,text,text,exempt-disabled,,3.75,EXEMPT,PASS,onyx-tabs › button.ui-tabs__tab [disabled],--ui-tabs-text-disabled,#64748b,--ui-color-surface,#0f172a,16,600,false,1,--ui-tabs-text-disabled → --ui-color-disabled-text → --ui-slate-500 → #64748b,--ui-color-surface → --ui-slate-900 → #0f172a,onyx-tabs.ui-tabs > div.ui-tabs__list > button.ui-tabs__tab,Billing
tabs,dark,default,text,text,required,4.5,17.06,PASS,PASS,onyx-tabs › div,--ui-color-text,#f8fafc,--ui-color-surface,#0f172a,15,400,false,1,--ui-color-text → --ui-slate-50 → #f8fafc,--ui-color-surface → --ui-slate-900 → #0f172a,onyx-tab > div,Your public profile details.
tabs,dark,focus,non-text,focus-ring,required,3,9.29,PASS,PASS,button.ui-tabs__tab--active [selected] focus-ring/box-shadow,--ui-focus-ring,#34d399,--ui-color-surface,#0f172a,,,,1,--ui-focus-ring → --ui-emerald-400 → #34d399,--ui-color-surface → --ui-slate-900 → #0f172a,onyx-tabs.ui-tabs > div.ui-tabs__list > button.ui-tabs__tab.ui-tabs__tab--active,
tabs,dark,focus,non-text,focus-ring,required,3,9.29,PASS,PASS,onyx-tabs › button.ui-tabs__tab focus-ring/box-shadow,--ui-focus-ring,#34d399,--ui-color-surface,#0f172a,,,,1,--ui-focus-ring → --ui-emerald-400 → #34d399,--ui-color-surface → --ui-slate-900 → #0f172a,onyx-tabs.ui-tabs > div.ui-tabs__list > button.ui-tabs__tab,
tabs,dark,hover,text,text,required,4.5,17.06,PASS,PASS,button.ui-tabs__tab--active [selected],--ui-tabs-text-active,#f8fafc,--ui-color-surface,#0f172a,16,600,false,1,--ui-tabs-text-active → --ui-color-text → --ui-slate-50 → #f8fafc,--ui-color-surface → --ui-slate-900 → #0f172a,onyx-tabs.ui-tabs > div.ui-tabs__list > button.ui-tabs__tab.ui-tabs__tab--active,Profile
tabs,dark,hover,non-text,border-b,required,3,9.29,PASS,PASS,button.ui-tabs__tab--active [selected] border-b,--ui-tabs-indicator-color,#34d399,--ui-color-surface,#0f172a,,,,1,--ui-tabs-indicator-color → --ui-color-primary → --ui-emerald-400 → #34d399,--ui-color-surface → --ui-slate-900 → #0f172a,onyx-tabs.ui-tabs > div.ui-tabs__list > button.ui-tabs__tab.ui-tabs__tab--active,
tabs,dark,hover,text,text,required,4.5,17.06,PASS,PASS,onyx-tabs › button.ui-tabs__tab,--ui-tabs-text-active,#f8fafc,--ui-color-surface,#0f172a,16,600,false,1,--ui-tabs-text-active → --ui-color-text → --ui-slate-50 → #f8fafc,--ui-color-surface → --ui-slate-900 → #0f172a,onyx-tabs.ui-tabs > div.ui-tabs__list > button.ui-tabs__tab,Security
tabs,acme,default,non-text,border-b,informational,,1.23,INFO,FAIL,onyx-tabs › div.ui-tabs__list border-b,--ui-tabs-border,#e2e8f0,--ui-color-surface,#ffffff,,,,1,--ui-tabs-border → --ui-color-border → --ui-slate-200 → #e2e8f0,--ui-color-surface → --ui-white → #ffffff,onyx-tabs.ui-tabs > div.ui-tabs__list,
tabs,acme,default,text,text,required,4.5,17.85,PASS,PASS,button.ui-tabs__tab--active [selected],--ui-tabs-text-active,#0f172a,--ui-color-surface,#ffffff,16,600,false,1,--ui-tabs-text-active → --ui-color-text → --ui-slate-900 → #0f172a,--ui-color-surface → --ui-white → #ffffff,onyx-tabs.ui-tabs > div.ui-tabs__list > button.ui-tabs__tab.ui-tabs__tab--active,Profile
tabs,acme,default,non-text,border-b,required,3,5.7,PASS,PASS,button.ui-tabs__tab--active [selected] border-b,--ui-tabs-indicator-color,#7c3aed,--ui-color-surface,#ffffff,,,,1,--ui-tabs-indicator-color → --ui-color-primary → #7c3aed,--ui-color-surface → --ui-white → #ffffff,onyx-tabs.ui-tabs > div.ui-tabs__list > button.ui-tabs__tab.ui-tabs__tab--active,
tabs,acme,default,text,text,required,4.5,2.56,FAIL,FAIL,onyx-tabs › button.ui-tabs__tab,--ui-tabs-text,#94a3b8,--ui-color-surface,#ffffff,16,600,false,1,--ui-tabs-text → --ui-color-text-muted → --ui-slate-400 → #94a3b8,--ui-color-surface → --ui-white → #ffffff,onyx-tabs.ui-tabs > div.ui-tabs__list > button.ui-tabs__tab,Security
tabs,acme,default,text,text,exempt-disabled,,2.56,EXEMPT,FAIL,onyx-tabs › button.ui-tabs__tab [disabled],--ui-tabs-text-disabled,#94a3b8,--ui-color-surface,#ffffff,16,600,false,1,--ui-tabs-text-disabled → --ui-color-disabled-text → --ui-slate-400 → #94a3b8,--ui-color-surface → --ui-white → #ffffff,onyx-tabs.ui-tabs > div.ui-tabs__list > button.ui-tabs__tab,Billing
tabs,acme,default,text,text,required,4.5,17.85,PASS,PASS,onyx-tabs › div,--ui-color-text,#0f172a,--ui-color-surface,#ffffff,15,400,false,1,--ui-color-text → --ui-slate-900 → #0f172a,--ui-color-surface → --ui-white → #ffffff,onyx-tab > div,Your public profile details.
tabs,acme,focus,non-text,focus-ring,required,3,4.23,PASS,PASS,button.ui-tabs__tab--active [selected] focus-ring/box-shadow,--ui-focus-ring,#8b5cf6,--ui-color-surface,#ffffff,,,,1,--ui-focus-ring → #8b5cf6,--ui-color-surface → --ui-white → #ffffff,onyx-tabs.ui-tabs > div.ui-tabs__list > button.ui-tabs__tab.ui-tabs__tab--active,
tabs,acme,focus,non-text,focus-ring,required,3,4.23,PASS,PASS,onyx-tabs › button.ui-tabs__tab focus-ring/box-shadow,--ui-focus-ring,#8b5cf6,--ui-color-surface,#ffffff,,,,1,--ui-focus-ring → #8b5cf6,--ui-color-surface → --ui-white → #ffffff,onyx-tabs.ui-tabs > div.ui-tabs__list > button.ui-tabs__tab,
tabs,acme,hover,text,text,required,4.5,17.85,PASS,PASS,button.ui-tabs__tab--active [selected],--ui-tabs-text-active,#0f172a,--ui-color-surface,#ffffff,16,600,false,1,--ui-tabs-text-active → --ui-color-text → --ui-slate-900 → #0f172a,--ui-color-surface → --ui-white → #ffffff,onyx-tabs.ui-tabs > div.ui-tabs__list > button.ui-tabs__tab.ui-tabs__tab--active,Profile
tabs,acme,hover,non-text,border-b,required,3,5.7,PASS,PASS,button.ui-tabs__tab--active [selected] border-b,--ui-tabs-indicator-color,#7c3aed,--ui-color-surface,#ffffff,,,,1,--ui-tabs-indicator-color → --ui-color-primary → #7c3aed,--ui-color-surface → --ui-white → #ffffff,onyx-tabs.ui-tabs > div.ui-tabs__list > button.ui-tabs__tab.ui-tabs__tab--active,
tabs,acme,hover,text,text,required,4.5,17.85,PASS,PASS,onyx-tabs › button.ui-tabs__tab,--ui-tabs-text-active,#0f172a,--ui-color-surface,#ffffff,16,600,false,1,--ui-tabs-text-active → --ui-color-text → --ui-slate-900 → #0f172a,--ui-color-surface → --ui-white → #ffffff,onyx-tabs.ui-tabs > div.ui-tabs__list > button.ui-tabs__tab,Security
tag,light,default,non-text,box,informational,,1.1,INFO,FAIL,onyx-tag.ui-tag--neutral box,--ui-tag-neutral-bg,#f1f5f9,--ui-color-surface,#ffffff,,,,1,--ui-tag-neutral-bg → --ui-color-neutral-surface → --ui-slate-100 → #f1f5f9,--ui-color-surface → --ui-white → #ffffff,onyx-tag.ui-tag.ui-tag--neutral,
tag,light,default,text,text,required,4.5,9.45,PASS,PASS,onyx-tag.ui-tag--neutral › span.ui-tag__label,--ui-tag-neutral-text,#334155,--ui-tag-neutral-bg,#f1f5f9,14,600,false,1,--ui-tag-neutral-text → --ui-color-neutral → --ui-slate-700 → #334155,--ui-tag-neutral-bg → --ui-color-neutral-surface → --ui-slate-100 → #f1f5f9,onyx-tag.ui-tag.ui-tag--neutral > span.ui-tag__label,Neutral
tag,light,default,non-text,box,informational,,1.09,INFO,FAIL,onyx-tag.ui-tag--info box,--ui-tag-info-bg,#eff6ff,--ui-color-surface,#ffffff,,,,2,--ui-tag-info-bg → --ui-color-info-surface → --ui-blue-50 → #eff6ff,--ui-color-surface → --ui-white → #ffffff,onyx-tag.ui-tag.ui-tag--info,
tag,light,default,text,text,required,4.5,8.01,PASS,PASS,onyx-tag.ui-tag--info › span.ui-tag__label,--ui-tag-info-text,#1e40af,--ui-tag-info-bg,#eff6ff,14,600,false,2,--ui-tag-info-text → --ui-color-info → --ui-blue-700 → #1e40af,--ui-tag-info-bg → --ui-color-info-surface → --ui-blue-50 → #eff6ff,onyx-tag.ui-tag.ui-tag--info > span.ui-tag__label,Info
tag,light,default,non-text,box,informational,,1.05,INFO,FAIL,onyx-tag.ui-tag--success box,--ui-tag-success-bg,#f0fdf4,--ui-color-surface,#ffffff,,,,2,--ui-tag-success-bg → --ui-color-success-surface → --ui-green-50 → #f0fdf4,--ui-color-surface → --ui-white → #ffffff,onyx-tag.ui-tag.ui-tag--success,
tag,light,default,text,text,required,4.5,4.79,PASS,PASS,onyx-tag.ui-tag--success › span.ui-tag__label,--ui-tag-success-text,#15803d,--ui-tag-success-bg,#f0fdf4,14,600,false,2,--ui-tag-success-text → --ui-color-success → --ui-green-700 → #15803d,--ui-tag-success-bg → --ui-color-success-surface → --ui-green-50 → #f0fdf4,onyx-tag.ui-tag.ui-tag--success > span.ui-tag__label,Success
tag,light,default,non-text,box,informational,,1.04,INFO,FAIL,onyx-tag.ui-tag--warning box,--ui-tag-warning-bg,#fffbeb,--ui-color-surface,#ffffff,,,,1,--ui-tag-warning-bg → --ui-color-warning-surface → --ui-amber-50 → #fffbeb,--ui-color-surface → --ui-white → #ffffff,onyx-tag.ui-tag.ui-tag--warning,
tag,light,default,text,text,required,4.5,4.84,PASS,PASS,onyx-tag.ui-tag--warning › span.ui-tag__label,--ui-tag-warning-text,#b45309,--ui-tag-warning-bg,#fffbeb,14,600,false,1,--ui-tag-warning-text → --ui-color-warning → --ui-amber-700 → #b45309,--ui-tag-warning-bg → --ui-color-warning-surface → --ui-amber-50 → #fffbeb,onyx-tag.ui-tag.ui-tag--warning > span.ui-tag__label,Warning
tag,light,default,non-text,box,informational,,1.09,INFO,FAIL,onyx-tag.ui-tag--danger box,--ui-tag-danger-bg,#fef2f2,--ui-color-surface,#ffffff,,,,1,--ui-tag-danger-bg → --ui-color-danger-surface → --ui-red-50 → #fef2f2,--ui-color-surface → --ui-white → #ffffff,onyx-tag.ui-tag.ui-tag--danger,
tag,light,default,text,text,required,4.5,4.41,FAIL,PASS,onyx-tag.ui-tag--danger › span.ui-tag__label,--ui-tag-danger-text,#dc2626,--ui-tag-danger-bg,#fef2f2,14,600,false,1,--ui-tag-danger-text → --ui-color-danger → --ui-red-600 → #dc2626,--ui-tag-danger-bg → --ui-color-danger-surface → --ui-red-50 → #fef2f2,onyx-tag.ui-tag.ui-tag--danger > span.ui-tag__label,Danger
tag,light,default,text,text,required,4.5,8.01,PASS,PASS,onyx-tag.ui-tag--info › span,--ui-tag-info-text,#1e40af,--ui-tag-info-bg,#eff6ff,16,400,false,1,--ui-tag-info-text → --ui-color-info → --ui-blue-700 → #1e40af,--ui-tag-info-bg → --ui-color-info-surface → --ui-blue-50 → #eff6ff,onyx-tag.ui-tag.ui-tag--info > button.ui-tag__remove > span,×
tag,light,default,text,text,required,4.5,4.79,PASS,PASS,onyx-tag.ui-tag--success › span,--ui-tag-success-text,#15803d,--ui-tag-success-bg,#f0fdf4,16,400,false,1,--ui-tag-success-text → --ui-color-success → --ui-green-700 → #15803d,--ui-tag-success-bg → --ui-color-success-surface → --ui-green-50 → #f0fdf4,onyx-tag.ui-tag.ui-tag--success > button.ui-tag__remove > span,×
tag,light,focus,non-text,focus-ring,required,3,4.75,PASS,PASS,onyx-tag.ui-tag--info › button.ui-tag__remove focus-ring/box-shadow,--ui-focus-ring,#2563eb,--ui-tag-info-bg,#eff6ff,,,,1,--ui-focus-ring → --ui-color-primary → --ui-blue-500 → #2563eb,--ui-tag-info-bg → --ui-color-info-surface → --ui-blue-50 → #eff6ff,onyx-tag.ui-tag.ui-tag--info > button.ui-tag__remove,
tag,light,focus,non-text,focus-ring,required,3,4.94,PASS,PASS,onyx-tag.ui-tag--success › button.ui-tag__remove focus-ring/box-shadow,--ui-focus-ring,#2563eb,--ui-tag-success-bg,#f0fdf4,,,,1,--ui-focus-ring → --ui-color-primary → --ui-blue-500 → #2563eb,--ui-tag-success-bg → --ui-color-success-surface → --ui-green-50 → #f0fdf4,onyx-tag.ui-tag.ui-tag--success > button.ui-tag__remove,
tag,dark,default,non-text,box,informational,,1.22,INFO,FAIL,onyx-tag.ui-tag--neutral box,--ui-tag-neutral-bg,#1e293b,--ui-color-surface,#0f172a,,,,1,--ui-tag-neutral-bg → --ui-color-neutral-surface → --ui-slate-800 → #1e293b,--ui-color-surface → --ui-slate-900 → #0f172a,onyx-tag.ui-tag.ui-tag--neutral,
tag,dark,default,text,text,required,4.5,13.98,PASS,PASS,onyx-tag.ui-tag--neutral › span.ui-tag__label,--ui-tag-neutral-text,#f8fafc,--ui-tag-neutral-bg,#1e293b,14,600,false,1,--ui-tag-neutral-text → --ui-color-neutral → --ui-slate-50 → #f8fafc,--ui-tag-neutral-bg → --ui-color-neutral-surface → --ui-slate-800 → #1e293b,onyx-tag.ui-tag.ui-tag--neutral > span.ui-tag__label,Neutral
tag,dark,default,non-text,box,informational,,1.22,INFO,FAIL,onyx-tag.ui-tag--info box,--ui-tag-info-bg,#1e293b,--ui-color-surface,#0f172a,,,,2,--ui-tag-info-bg → --ui-color-info-surface → --ui-slate-800 → #1e293b,--ui-color-surface → --ui-slate-900 → #0f172a,onyx-tag.ui-tag.ui-tag--info,
tag,dark,default,text,text,required,4.5,3.98,FAIL,PASS,onyx-tag.ui-tag--info › span.ui-tag__label,--ui-tag-info-text,#3b82f6,--ui-tag-info-bg,#1e293b,14,600,false,2,--ui-tag-info-text → --ui-color-info → --ui-blue-400 → #3b82f6,--ui-tag-info-bg → --ui-color-info-surface → --ui-slate-800 → #1e293b,onyx-tag.ui-tag.ui-tag--info > span.ui-tag__label,Info
tag,dark,default,non-text,box,informational,,1.22,INFO,FAIL,onyx-tag.ui-tag--success box,--ui-tag-success-bg,#1e293b,--ui-color-surface,#0f172a,,,,2,--ui-tag-success-bg → --ui-color-success-surface → --ui-slate-800 → #1e293b,--ui-color-surface → --ui-slate-900 → #0f172a,onyx-tag.ui-tag.ui-tag--success,
tag,dark,default,text,text,required,4.5,8.4,PASS,PASS,onyx-tag.ui-tag--success › span.ui-tag__label,--ui-tag-success-text,#4ade80,--ui-tag-success-bg,#1e293b,14,600,false,2,--ui-tag-success-text → --ui-color-success → --ui-green-400 → #4ade80,--ui-tag-success-bg → --ui-color-success-surface → --ui-slate-800 → #1e293b,onyx-tag.ui-tag.ui-tag--success > span.ui-tag__label,Success
tag,dark,default,non-text,box,informational,,1.22,INFO,FAIL,onyx-tag.ui-tag--warning box,--ui-tag-warning-bg,#1e293b,--ui-color-surface,#0f172a,,,,1,--ui-tag-warning-bg → --ui-color-warning-surface → --ui-slate-800 → #1e293b,--ui-color-surface → --ui-slate-900 → #0f172a,onyx-tag.ui-tag.ui-tag--warning,
tag,dark,default,text,text,required,4.5,8.76,PASS,PASS,onyx-tag.ui-tag--warning › span.ui-tag__label,--ui-tag-warning-text,#fbbf24,--ui-tag-warning-bg,#1e293b,14,600,false,1,--ui-tag-warning-text → --ui-color-warning → --ui-amber-400 → #fbbf24,--ui-tag-warning-bg → --ui-color-warning-surface → --ui-slate-800 → #1e293b,onyx-tag.ui-tag.ui-tag--warning > span.ui-tag__label,Warning
tag,dark,default,non-text,box,informational,,1.22,INFO,FAIL,onyx-tag.ui-tag--danger box,--ui-tag-danger-bg,#1e293b,--ui-color-surface,#0f172a,,,,1,--ui-tag-danger-bg → --ui-color-danger-surface → --ui-slate-800 → #1e293b,--ui-color-surface → --ui-slate-900 → #0f172a,onyx-tag.ui-tag.ui-tag--danger,
tag,dark,default,text,text,required,4.5,5.29,PASS,PASS,onyx-tag.ui-tag--danger › span.ui-tag__label,--ui-tag-danger-text,#f87171,--ui-tag-danger-bg,#1e293b,14,600,false,1,--ui-tag-danger-text → --ui-color-danger → --ui-red-400 → #f87171,--ui-tag-danger-bg → --ui-color-danger-surface → --ui-slate-800 → #1e293b,onyx-tag.ui-tag.ui-tag--danger > span.ui-tag__label,Danger
tag,dark,default,text,text,required,4.5,3.98,FAIL,PASS,onyx-tag.ui-tag--info › span,--ui-tag-info-text,#3b82f6,--ui-tag-info-bg,#1e293b,16,400,false,1,--ui-tag-info-text → --ui-color-info → --ui-blue-400 → #3b82f6,--ui-tag-info-bg → --ui-color-info-surface → --ui-slate-800 → #1e293b,onyx-tag.ui-tag.ui-tag--info > button.ui-tag__remove > span,×
tag,dark,default,text,text,required,4.5,8.4,PASS,PASS,onyx-tag.ui-tag--success › span,--ui-tag-success-text,#4ade80,--ui-tag-success-bg,#1e293b,16,400,false,1,--ui-tag-success-text → --ui-color-success → --ui-green-400 → #4ade80,--ui-tag-success-bg → --ui-color-success-surface → --ui-slate-800 → #1e293b,onyx-tag.ui-tag.ui-tag--success > button.ui-tag__remove > span,×
tag,dark,focus,non-text,focus-ring,required,3,7.61,PASS,PASS,onyx-tag.ui-tag--info › button.ui-tag__remove focus-ring/box-shadow,--ui-focus-ring,#34d399,--ui-tag-info-bg,#1e293b,,,,1,--ui-focus-ring → --ui-emerald-400 → #34d399,--ui-tag-info-bg → --ui-color-info-surface → --ui-slate-800 → #1e293b,onyx-tag.ui-tag.ui-tag--info > button.ui-tag__remove,
tag,dark,focus,non-text,focus-ring,required,3,7.61,PASS,PASS,onyx-tag.ui-tag--success › button.ui-tag__remove focus-ring/box-shadow,--ui-focus-ring,#34d399,--ui-tag-success-bg,#1e293b,,,,1,--ui-focus-ring → --ui-emerald-400 → #34d399,--ui-tag-success-bg → --ui-color-success-surface → --ui-slate-800 → #1e293b,onyx-tag.ui-tag.ui-tag--success > button.ui-tag__remove,
tag,acme,default,non-text,box,informational,,1.1,INFO,FAIL,onyx-tag.ui-tag--neutral box,--ui-tag-neutral-bg,#f1f5f9,--ui-color-surface,#ffffff,,,,1,--ui-tag-neutral-bg → --ui-color-neutral-surface → --ui-slate-100 → #f1f5f9,--ui-color-surface → --ui-white → #ffffff,onyx-tag.ui-tag.ui-tag--neutral,
tag,acme,default,text,text,required,4.5,9.45,PASS,PASS,onyx-tag.ui-tag--neutral › span.ui-tag__label,--ui-tag-neutral-text,#334155,--ui-tag-neutral-bg,#f1f5f9,14,600,false,1,--ui-tag-neutral-text → --ui-color-neutral → --ui-slate-700 → #334155,--ui-tag-neutral-bg → --ui-color-neutral-surface → --ui-slate-100 → #f1f5f9,onyx-tag.ui-tag.ui-tag--neutral > span.ui-tag__label,Neutral
tag,acme,default,non-text,box,informational,,1.09,INFO,FAIL,onyx-tag.ui-tag--info box,--ui-tag-info-bg,#eff6ff,--ui-color-surface,#ffffff,,,,2,--ui-tag-info-bg → --ui-color-info-surface → --ui-blue-50 → #eff6ff,--ui-color-surface → --ui-white → #ffffff,onyx-tag.ui-tag.ui-tag--info,
tag,acme,default,text,text,required,4.5,8.01,PASS,PASS,onyx-tag.ui-tag--info › span.ui-tag__label,--ui-tag-info-text,#1e40af,--ui-tag-info-bg,#eff6ff,14,600,false,2,--ui-tag-info-text → --ui-color-info → --ui-blue-700 → #1e40af,--ui-tag-info-bg → --ui-color-info-surface → --ui-blue-50 → #eff6ff,onyx-tag.ui-tag.ui-tag--info > span.ui-tag__label,Info
tag,acme,default,non-text,box,informational,,1.05,INFO,FAIL,onyx-tag.ui-tag--success box,--ui-tag-success-bg,#f0fdf4,--ui-color-surface,#ffffff,,,,2,--ui-tag-success-bg → --ui-color-success-surface → --ui-green-50 → #f0fdf4,--ui-color-surface → --ui-white → #ffffff,onyx-tag.ui-tag.ui-tag--success,
tag,acme,default,text,text,required,4.5,4.79,PASS,PASS,onyx-tag.ui-tag--success › span.ui-tag__label,--ui-tag-success-text,#15803d,--ui-tag-success-bg,#f0fdf4,14,600,false,2,--ui-tag-success-text → --ui-color-success → --ui-green-700 → #15803d,--ui-tag-success-bg → --ui-color-success-surface → --ui-green-50 → #f0fdf4,onyx-tag.ui-tag.ui-tag--success > span.ui-tag__label,Success
tag,acme,default,non-text,box,informational,,1.04,INFO,FAIL,onyx-tag.ui-tag--warning box,--ui-tag-warning-bg,#fffbeb,--ui-color-surface,#ffffff,,,,1,--ui-tag-warning-bg → --ui-color-warning-surface → --ui-amber-50 → #fffbeb,--ui-color-surface → --ui-white → #ffffff,onyx-tag.ui-tag.ui-tag--warning,
tag,acme,default,text,text,required,4.5,4.84,PASS,PASS,onyx-tag.ui-tag--warning › span.ui-tag__label,--ui-tag-warning-text,#b45309,--ui-tag-warning-bg,#fffbeb,14,600,false,1,--ui-tag-warning-text → --ui-color-warning → --ui-amber-700 → #b45309,--ui-tag-warning-bg → --ui-color-warning-surface → --ui-amber-50 → #fffbeb,onyx-tag.ui-tag.ui-tag--warning > span.ui-tag__label,Warning
tag,acme,default,non-text,box,informational,,1.09,INFO,FAIL,onyx-tag.ui-tag--danger box,--ui-tag-danger-bg,#fef2f2,--ui-color-surface,#ffffff,,,,1,--ui-tag-danger-bg → --ui-color-danger-surface → --ui-red-50 → #fef2f2,--ui-color-surface → --ui-white → #ffffff,onyx-tag.ui-tag.ui-tag--danger,
tag,acme,default,text,text,required,4.5,4.41,FAIL,PASS,onyx-tag.ui-tag--danger › span.ui-tag__label,--ui-tag-danger-text,#dc2626,--ui-tag-danger-bg,#fef2f2,14,600,false,1,--ui-tag-danger-text → --ui-color-danger → --ui-red-600 → #dc2626,--ui-tag-danger-bg → --ui-color-danger-surface → --ui-red-50 → #fef2f2,onyx-tag.ui-tag.ui-tag--danger > span.ui-tag__label,Danger
tag,acme,default,text,text,required,4.5,8.01,PASS,PASS,onyx-tag.ui-tag--info › span,--ui-tag-info-text,#1e40af,--ui-tag-info-bg,#eff6ff,16,400,false,1,--ui-tag-info-text → --ui-color-info → --ui-blue-700 → #1e40af,--ui-tag-info-bg → --ui-color-info-surface → --ui-blue-50 → #eff6ff,onyx-tag.ui-tag.ui-tag--info > button.ui-tag__remove > span,×
tag,acme,default,text,text,required,4.5,4.79,PASS,PASS,onyx-tag.ui-tag--success › span,--ui-tag-success-text,#15803d,--ui-tag-success-bg,#f0fdf4,16,400,false,1,--ui-tag-success-text → --ui-color-success → --ui-green-700 → #15803d,--ui-tag-success-bg → --ui-color-success-surface → --ui-green-50 → #f0fdf4,onyx-tag.ui-tag.ui-tag--success > button.ui-tag__remove > span,×
tag,acme,focus,non-text,focus-ring,required,3,3.89,PASS,PASS,onyx-tag.ui-tag--info › button.ui-tag__remove focus-ring/box-shadow,--ui-focus-ring,#8b5cf6,--ui-tag-info-bg,#eff6ff,,,,1,--ui-focus-ring → #8b5cf6,--ui-tag-info-bg → --ui-color-info-surface → --ui-blue-50 → #eff6ff,onyx-tag.ui-tag.ui-tag--info > button.ui-tag__remove,
tag,acme,focus,non-text,focus-ring,required,3,4.05,PASS,PASS,onyx-tag.ui-tag--success › button.ui-tag__remove focus-ring/box-shadow,--ui-focus-ring,#8b5cf6,--ui-tag-success-bg,#f0fdf4,,,,1,--ui-focus-ring → #8b5cf6,--ui-tag-success-bg → --ui-color-success-surface → --ui-green-50 → #f0fdf4,onyx-tag.ui-tag.ui-tag--success > button.ui-tag__remove,
textarea,light,default,text,text,required,4.5,17.85,PASS,PASS,onyx-textarea.ui-textarea--autogrow › label.ui-textarea__label,--ui-textarea-text,#0f172a,--ui-color-surface,#ffffff,14,600,false,2,--ui-textarea-text → --ui-color-text → --ui-slate-900 → #0f172a,--ui-color-surface → --ui-white → #ffffff,onyx-textarea.ui-textarea.ui-textarea--autogrow > label.ui-textarea__label,Bio
textarea,light,default,text,placeholder,required,4.5,2.56,FAIL,FAIL,onyx-textarea.ui-textarea--autogrow › textarea.ui-textarea__el [empty] ::placeholder,--ui-textarea-placeholder,#94a3b8,--ui-textarea-bg,#ffffff,16,400,false,2,--ui-textarea-placeholder → --ui-color-text-muted → --ui-slate-400 → #94a3b8,--ui-textarea-bg → --ui-color-surface → --ui-white → #ffffff,onyx-textarea.ui-textarea.ui-textarea--autogrow > textarea.ui-textarea__el,Tell us about yourself…
textarea,light,default,non-text,border,required,3,1.23,FAIL,FAIL,onyx-textarea.ui-textarea--autogrow › textarea.ui-textarea__el [empty] border,--ui-textarea-border,#e2e8f0,--ui-color-surface,#ffffff,,,,2,--ui-textarea-border → --ui-color-border → --ui-slate-200 → #e2e8f0,--ui-color-surface → --ui-white → #ffffff,onyx-textarea.ui-textarea.ui-textarea--autogrow > textarea.ui-textarea__el,
textarea,light,default,text,text,required,4.5,2.56,FAIL,FAIL,onyx-textarea.ui-textarea--autogrow › span.ui-textarea__counter,--ui-textarea-counter-text,#94a3b8,--ui-color-surface,#ffffff,14,400,false,1,--ui-textarea-counter-text → --ui-color-text-muted → --ui-slate-400 → #94a3b8,--ui-color-surface → --ui-white → #ffffff,onyx-textarea.ui-textarea.ui-textarea--autogrow > span.ui-textarea__counter,0 / 120
textarea,light,default,text,text,required,4.5,17.85,PASS,PASS,onyx-textarea.ui-textarea--invalid.ui-textarea--autogrow › label.ui-textarea__label,--ui-textarea-text,#0f172a,--ui-color-surface,#ffffff,14,600,false,1,--ui-textarea-text → --ui-color-text → --ui-slate-900 → #0f172a,--ui-color-surface → --ui-white → #ffffff,onyx-textarea.ui-textarea.ui-textarea--invalid > label.ui-textarea__label,Invalid
textarea,light,default,non-text,border,required,3,4.83,PASS,PASS,onyx-textarea.ui-textarea--invalid.ui-textarea--autogrow › textarea.ui-textarea__el [invalid] border,--ui-textarea-border-invalid,#dc2626,--ui-color-surface,#ffffff,,,,1,--ui-textarea-border-invalid → --ui-color-danger → --ui-red-600 → #dc2626,--ui-color-surface → --ui-white → #ffffff,onyx-textarea.ui-textarea.ui-textarea--invalid > textarea.ui-textarea__el,
textarea,light,default,text,text,exempt-disabled,,17.85,EXEMPT,PASS,onyx-textarea.ui-textarea--disabled.ui-textarea--autogrow › label.ui-textarea__label [disabled],--ui-textarea-text,#0f172a,--ui-color-surface,#ffffff,14,600,false,1,--ui-textarea-text → --ui-color-text → --ui-slate-900 → #0f172a,--ui-color-surface → --ui-white → #ffffff,onyx-textarea.ui-textarea.ui-textarea--disabled > label.ui-textarea__label,Disabled
textarea,light,default,non-text,border,exempt-disabled,,1.23,EXEMPT,FAIL,onyx-textarea.ui-textarea--disabled.ui-textarea--autogrow › textarea.ui-textarea__el [disabled] border,--ui-textarea-border,#e2e8f0,--ui-color-surface,#ffffff,,,,1,--ui-textarea-border → --ui-color-border → --ui-slate-200 → #e2e8f0,--ui-color-surface → --ui-white → #ffffff,onyx-textarea.ui-textarea.ui-textarea--disabled > textarea.ui-textarea__el,
textarea,light,default,non-text,border-vs-own-bg,exempt-disabled,,1.13,EXEMPT,FAIL,onyx-textarea.ui-textarea--disabled.ui-textarea--autogrow › textarea.ui-textarea__el [disabled] border/inner,--ui-textarea-border,#e2e8f0,--ui-textarea-disabled-bg,#f1f5f9,,,,1,--ui-textarea-border → --ui-color-border → --ui-slate-200 → #e2e8f0,--ui-textarea-disabled-bg → --ui-color-disabled-bg → --ui-slate-100 → #f1f5f9,onyx-textarea.ui-textarea.ui-textarea--disabled > textarea.ui-textarea__el,
textarea,light,default,non-text,fill,exempt-disabled,,1.1,EXEMPT,FAIL,onyx-textarea.ui-textarea--disabled.ui-textarea--autogrow › textarea.ui-textarea__el [disabled] fill,--ui-textarea-disabled-bg,#f1f5f9,--ui-color-surface,#ffffff,,,,1,--ui-textarea-disabled-bg → --ui-color-disabled-bg → --ui-slate-100 → #f1f5f9,--ui-color-surface → --ui-white → #ffffff,onyx-textarea.ui-textarea.ui-textarea--disabled > textarea.ui-textarea__el,
textarea,light,focus,non-text,focus-ring,required,3,5.17,PASS,PASS,onyx-textarea.ui-textarea--autogrow › textarea.ui-textarea__el [empty] focus-ring/box-shadow,--ui-focus-ring,#2563eb,--ui-color-surface,#ffffff,,,,1,--ui-focus-ring → --ui-color-primary → --ui-blue-500 → #2563eb,--ui-color-surface → --ui-white → #ffffff,onyx-textarea.ui-textarea.ui-textarea--autogrow > textarea.ui-textarea__el,
textarea,light,focus,non-text,focus-ring,required,3,4.83,PASS,PASS,onyx-textarea.ui-textarea--invalid.ui-textarea--autogrow › textarea.ui-textarea__el [invalid] focus-ring/box-shadow,--ui-textarea-border-invalid,#dc2626,--ui-color-surface,#ffffff,,,,1,--ui-textarea-border-invalid → --ui-color-danger → --ui-red-600 → #dc2626,--ui-color-surface → --ui-white → #ffffff,onyx-textarea.ui-textarea.ui-textarea--invalid > textarea.ui-textarea__el,
textarea,dark,default,text,text,required,4.5,17.06,PASS,PASS,onyx-textarea.ui-textarea--autogrow › label.ui-textarea__label,--ui-textarea-text,#f8fafc,--ui-color-surface,#0f172a,14,600,false,2,--ui-textarea-text → --ui-color-text → --ui-slate-50 → #f8fafc,--ui-color-surface → --ui-slate-900 → #0f172a,onyx-textarea.ui-textarea.ui-textarea--autogrow > label.ui-textarea__label,Bio
textarea,dark,default,text,placeholder,required,4.5,6.96,PASS,PASS,onyx-textarea.ui-textarea--autogrow › textarea.ui-textarea__el [empty] ::placeholder,--ui-textarea-placeholder,#94a3b8,--ui-textarea-bg,#0f172a,16,400,false,2,--ui-textarea-placeholder → --ui-color-text-muted → --ui-slate-400 → #94a3b8,--ui-textarea-bg → --ui-color-surface → --ui-slate-900 → #0f172a,onyx-textarea.ui-textarea.ui-textarea--autogrow > textarea.ui-textarea__el,Tell us about yourself…
textarea,dark,default,non-text,border,required,3,1.72,FAIL,FAIL,onyx-textarea.ui-textarea--autogrow › textarea.ui-textarea__el [empty] border,--ui-textarea-border,#334155,--ui-color-surface,#0f172a,,,,2,--ui-textarea-border → --ui-color-border → --ui-slate-700 → #334155,--ui-color-surface → --ui-slate-900 → #0f172a,onyx-textarea.ui-textarea.ui-textarea--autogrow > textarea.ui-textarea__el,
textarea,dark,default,text,text,required,4.5,6.96,PASS,PASS,onyx-textarea.ui-textarea--autogrow › span.ui-textarea__counter,--ui-textarea-counter-text,#94a3b8,--ui-color-surface,#0f172a,14,400,false,1,--ui-textarea-counter-text → --ui-color-text-muted → --ui-slate-400 → #94a3b8,--ui-color-surface → --ui-slate-900 → #0f172a,onyx-textarea.ui-textarea.ui-textarea--autogrow > span.ui-textarea__counter,0 / 120
textarea,dark,default,text,text,required,4.5,17.06,PASS,PASS,onyx-textarea.ui-textarea--invalid.ui-textarea--autogrow › label.ui-textarea__label,--ui-textarea-text,#f8fafc,--ui-color-surface,#0f172a,14,600,false,1,--ui-textarea-text → --ui-color-text → --ui-slate-50 → #f8fafc,--ui-color-surface → --ui-slate-900 → #0f172a,onyx-textarea.ui-textarea.ui-textarea--invalid > label.ui-textarea__label,Invalid
textarea,dark,default,non-text,border,required,3,6.45,PASS,PASS,onyx-textarea.ui-textarea--invalid.ui-textarea--autogrow › textarea.ui-textarea__el [invalid] border,--ui-textarea-border-invalid,#f87171,--ui-color-surface,#0f172a,,,,1,--ui-textarea-border-invalid → --ui-color-danger → --ui-red-400 → #f87171,--ui-color-surface → --ui-slate-900 → #0f172a,onyx-textarea.ui-textarea.ui-textarea--invalid > textarea.ui-textarea__el,
textarea,dark,default,text,text,exempt-disabled,,17.06,EXEMPT,PASS,onyx-textarea.ui-textarea--disabled.ui-textarea--autogrow › label.ui-textarea__label [disabled],--ui-textarea-text,#f8fafc,--ui-color-surface,#0f172a,14,600,false,1,--ui-textarea-text → --ui-color-text → --ui-slate-50 → #f8fafc,--ui-color-surface → --ui-slate-900 → #0f172a,onyx-textarea.ui-textarea.ui-textarea--disabled > label.ui-textarea__label,Disabled
textarea,dark,default,non-text,border,exempt-disabled,,1.72,EXEMPT,FAIL,onyx-textarea.ui-textarea--disabled.ui-textarea--autogrow › textarea.ui-textarea__el [disabled] border,--ui-textarea-border,#334155,--ui-color-surface,#0f172a,,,,1,--ui-textarea-border → --ui-color-border → --ui-slate-700 → #334155,--ui-color-surface → --ui-slate-900 → #0f172a,onyx-textarea.ui-textarea.ui-textarea--disabled > textarea.ui-textarea__el,
textarea,dark,default,non-text,border-vs-own-bg,exempt-disabled,,1.41,EXEMPT,FAIL,onyx-textarea.ui-textarea--disabled.ui-textarea--autogrow › textarea.ui-textarea__el [disabled] border/inner,--ui-textarea-border,#334155,--ui-textarea-disabled-bg,#1e293b,,,,1,--ui-textarea-border → --ui-color-border → --ui-slate-700 → #334155,--ui-textarea-disabled-bg → --ui-color-disabled-bg → --ui-slate-800 → #1e293b,onyx-textarea.ui-textarea.ui-textarea--disabled > textarea.ui-textarea__el,
textarea,dark,default,non-text,fill,exempt-disabled,,1.22,EXEMPT,FAIL,onyx-textarea.ui-textarea--disabled.ui-textarea--autogrow › textarea.ui-textarea__el [disabled] fill,--ui-textarea-disabled-bg,#1e293b,--ui-color-surface,#0f172a,,,,1,--ui-textarea-disabled-bg → --ui-color-disabled-bg → --ui-slate-800 → #1e293b,--ui-color-surface → --ui-slate-900 → #0f172a,onyx-textarea.ui-textarea.ui-textarea--disabled > textarea.ui-textarea__el,
textarea,dark,focus,non-text,focus-ring,required,3,9.29,PASS,PASS,onyx-textarea.ui-textarea--autogrow › textarea.ui-textarea__el [empty] focus-ring/box-shadow,--ui-focus-ring,#34d399,--ui-color-surface,#0f172a,,,,1,--ui-focus-ring → --ui-emerald-400 → #34d399,--ui-color-surface → --ui-slate-900 → #0f172a,onyx-textarea.ui-textarea.ui-textarea--autogrow > textarea.ui-textarea__el,
textarea,dark,focus,non-text,focus-ring,required,3,6.45,PASS,PASS,onyx-textarea.ui-textarea--invalid.ui-textarea--autogrow › textarea.ui-textarea__el [invalid] focus-ring/box-shadow,--ui-textarea-border-invalid,#f87171,--ui-color-surface,#0f172a,,,,1,--ui-textarea-border-invalid → --ui-color-danger → --ui-red-400 → #f87171,--ui-color-surface → --ui-slate-900 → #0f172a,onyx-textarea.ui-textarea.ui-textarea--invalid > textarea.ui-textarea__el,
textarea,acme,default,text,text,required,4.5,17.85,PASS,PASS,onyx-textarea.ui-textarea--autogrow › label.ui-textarea__label,--ui-textarea-text,#0f172a,--ui-color-surface,#ffffff,14,600,false,2,--ui-textarea-text → --ui-color-text → --ui-slate-900 → #0f172a,--ui-color-surface → --ui-white → #ffffff,onyx-textarea.ui-textarea.ui-textarea--autogrow > label.ui-textarea__label,Bio
textarea,acme,default,text,placeholder,required,4.5,2.56,FAIL,FAIL,onyx-textarea.ui-textarea--autogrow › textarea.ui-textarea__el [empty] ::placeholder,--ui-textarea-placeholder,#94a3b8,--ui-textarea-bg,#ffffff,16,400,false,2,--ui-textarea-placeholder → --ui-color-text-muted → --ui-slate-400 → #94a3b8,--ui-textarea-bg → --ui-color-surface → --ui-white → #ffffff,onyx-textarea.ui-textarea.ui-textarea--autogrow > textarea.ui-textarea__el,Tell us about yourself…
textarea,acme,default,non-text,border,required,3,1.23,FAIL,FAIL,onyx-textarea.ui-textarea--autogrow › textarea.ui-textarea__el [empty] border,--ui-textarea-border,#e2e8f0,--ui-color-surface,#ffffff,,,,2,--ui-textarea-border → --ui-color-border → --ui-slate-200 → #e2e8f0,--ui-color-surface → --ui-white → #ffffff,onyx-textarea.ui-textarea.ui-textarea--autogrow > textarea.ui-textarea__el,
textarea,acme,default,text,text,required,4.5,2.56,FAIL,FAIL,onyx-textarea.ui-textarea--autogrow › span.ui-textarea__counter,--ui-textarea-counter-text,#94a3b8,--ui-color-surface,#ffffff,14,400,false,1,--ui-textarea-counter-text → --ui-color-text-muted → --ui-slate-400 → #94a3b8,--ui-color-surface → --ui-white → #ffffff,onyx-textarea.ui-textarea.ui-textarea--autogrow > span.ui-textarea__counter,0 / 120
textarea,acme,default,text,text,required,4.5,17.85,PASS,PASS,onyx-textarea.ui-textarea--invalid.ui-textarea--autogrow › label.ui-textarea__label,--ui-textarea-text,#0f172a,--ui-color-surface,#ffffff,14,600,false,1,--ui-textarea-text → --ui-color-text → --ui-slate-900 → #0f172a,--ui-color-surface → --ui-white → #ffffff,onyx-textarea.ui-textarea.ui-textarea--invalid > label.ui-textarea__label,Invalid
textarea,acme,default,non-text,border,required,3,4.83,PASS,PASS,onyx-textarea.ui-textarea--invalid.ui-textarea--autogrow › textarea.ui-textarea__el [invalid] border,--ui-textarea-border-invalid,#dc2626,--ui-color-surface,#ffffff,,,,1,--ui-textarea-border-invalid → --ui-color-danger → --ui-red-600 → #dc2626,--ui-color-surface → --ui-white → #ffffff,onyx-textarea.ui-textarea.ui-textarea--invalid > textarea.ui-textarea__el,
textarea,acme,default,text,text,exempt-disabled,,17.85,EXEMPT,PASS,onyx-textarea.ui-textarea--disabled.ui-textarea--autogrow › label.ui-textarea__label [disabled],--ui-textarea-text,#0f172a,--ui-color-surface,#ffffff,14,600,false,1,--ui-textarea-text → --ui-color-text → --ui-slate-900 → #0f172a,--ui-color-surface → --ui-white → #ffffff,onyx-textarea.ui-textarea.ui-textarea--disabled > label.ui-textarea__label,Disabled
textarea,acme,default,non-text,border,exempt-disabled,,1.23,EXEMPT,FAIL,onyx-textarea.ui-textarea--disabled.ui-textarea--autogrow › textarea.ui-textarea__el [disabled] border,--ui-textarea-border,#e2e8f0,--ui-color-surface,#ffffff,,,,1,--ui-textarea-border → --ui-color-border → --ui-slate-200 → #e2e8f0,--ui-color-surface → --ui-white → #ffffff,onyx-textarea.ui-textarea.ui-textarea--disabled > textarea.ui-textarea__el,
textarea,acme,default,non-text,border-vs-own-bg,exempt-disabled,,1.13,EXEMPT,FAIL,onyx-textarea.ui-textarea--disabled.ui-textarea--autogrow › textarea.ui-textarea__el [disabled] border/inner,--ui-textarea-border,#e2e8f0,--ui-textarea-disabled-bg,#f1f5f9,,,,1,--ui-textarea-border → --ui-color-border → --ui-slate-200 → #e2e8f0,--ui-textarea-disabled-bg → --ui-color-disabled-bg → --ui-slate-100 → #f1f5f9,onyx-textarea.ui-textarea.ui-textarea--disabled > textarea.ui-textarea__el,
textarea,acme,default,non-text,fill,exempt-disabled,,1.1,EXEMPT,FAIL,onyx-textarea.ui-textarea--disabled.ui-textarea--autogrow › textarea.ui-textarea__el [disabled] fill,--ui-textarea-disabled-bg,#f1f5f9,--ui-color-surface,#ffffff,,,,1,--ui-textarea-disabled-bg → --ui-color-disabled-bg → --ui-slate-100 → #f1f5f9,--ui-color-surface → --ui-white → #ffffff,onyx-textarea.ui-textarea.ui-textarea--disabled > textarea.ui-textarea__el,
textarea,acme,focus,non-text,focus-ring,required,3,4.23,PASS,PASS,onyx-textarea.ui-textarea--autogrow › textarea.ui-textarea__el [empty] focus-ring/box-shadow,--ui-focus-ring,#8b5cf6,--ui-color-surface,#ffffff,,,,1,--ui-focus-ring → #8b5cf6,--ui-color-surface → --ui-white → #ffffff,onyx-textarea.ui-textarea.ui-textarea--autogrow > textarea.ui-textarea__el,
textarea,acme,focus,non-text,focus-ring,required,3,4.83,PASS,PASS,onyx-textarea.ui-textarea--invalid.ui-textarea--autogrow › textarea.ui-textarea__el [invalid] focus-ring/box-shadow,--ui-textarea-border-invalid,#dc2626,--ui-color-surface,#ffffff,,,,1,--ui-textarea-border-invalid → --ui-color-danger → --ui-red-600 → #dc2626,--ui-color-surface → --ui-white → #ffffff,onyx-textarea.ui-textarea.ui-textarea--invalid > textarea.ui-textarea__el,
tooltip,light,default,text,text,consumer-owned,,18.26,INFO,PASS,(page) › button,,#000000,(#efefef on button),#efefef,13.3333,400,false,2,,,section.docs-demo > div.docs-demo__card > div.docs-demo__preview > ng-component > button,Save
tooltip,light,default,non-text,border,consumer-owned,,21,INFO,PASS,(page) › button border,,#000000,--ui-color-surface,#ffffff,,,,2,,--ui-color-surface → --ui-white → #ffffff,section.docs-demo > div.docs-demo__card > div.docs-demo__preview > ng-component > button,
tooltip,light,default,non-text,border-vs-own-bg,consumer-owned,,18.26,INFO,PASS,(page) › button border/inner,,#000000,,#efefef,,,,2,,,section.docs-demo > div.docs-demo__card > div.docs-demo__preview > ng-component > button,
tooltip,light,default,non-text,box,consumer-owned,,1.15,INFO,FAIL,(page) › button box,,#efefef,--ui-color-surface,#ffffff,,,,2,,--ui-color-surface → --ui-white → #ffffff,section.docs-demo > div.docs-demo__card > div.docs-demo__preview > ng-component > button,
tooltip,light,open,text,text,required,4.5,17.85,PASS,PASS,onyx-tooltip,--ui-tooltip-text,#ffffff,--ui-tooltip-bg,#0f172a,14,400,false,1,--ui-tooltip-text → --ui-color-surface → --ui-white → #ffffff,--ui-tooltip-bg → --ui-color-text → --ui-slate-900 → #0f172a,onyx-tooltip.ui-tooltip,Saves your changes
tooltip,light,open,non-text,box,informational,,17.06,INFO,PASS,onyx-tooltip box,--ui-tooltip-bg,#0f172a,--docs-page-bg,#f8fafc,,,,1,--ui-tooltip-bg → --ui-color-text → --ui-slate-900 → #0f172a,--docs-page-bg,onyx-tooltip.ui-tooltip,
tooltip,light,focus,non-text,focus-ring,consumer-owned,,19.03,INFO,PASS,(page) › button focus-ring/outline,,#101010,--ui-color-surface,#ffffff,,,,1,,--ui-color-surface → --ui-white → #ffffff,section.docs-demo > div.docs-demo__card > div.docs-demo__preview > ng-component > button,
tooltip,light,focus,non-text,focus-ring-vs-control,consumer-owned,,16.55,INFO,PASS,(page) › button focus-ring/vs-control,,#101010,,#efefef,,,,1,,,section.docs-demo > div.docs-demo__card > div.docs-demo__preview > ng-component > button,
tooltip,dark,default,text,text,consumer-owned,,18.26,INFO,PASS,(page) › button,,#000000,(#efefef on button),#efefef,13.3333,400,false,2,,,section.docs-demo > div.docs-demo__card > div.docs-demo__preview > ng-component > button,Save
tooltip,dark,default,non-text,border,consumer-owned,,1.18,INFO,FAIL,(page) › button border,,#000000,--ui-color-surface,#0f172a,,,,2,,--ui-color-surface → --ui-slate-900 → #0f172a,section.docs-demo > div.docs-demo__card > div.docs-demo__preview > ng-component > button,
tooltip,dark,default,non-text,border-vs-own-bg,consumer-owned,,18.26,INFO,PASS,(page) › button border/inner,,#000000,,#efefef,,,,2,,,section.docs-demo > div.docs-demo__card > div.docs-demo__preview > ng-component > button,
tooltip,dark,default,non-text,box,consumer-owned,,15.53,INFO,PASS,(page) › button box,,#efefef,--ui-color-surface,#0f172a,,,,2,,--ui-color-surface → --ui-slate-900 → #0f172a,section.docs-demo > div.docs-demo__card > div.docs-demo__preview > ng-component > button,
tooltip,dark,open,text,text,required,4.5,17.06,PASS,PASS,onyx-tooltip,--ui-tooltip-text,#0f172a,--ui-tooltip-bg,#f8fafc,14,400,false,1,--ui-tooltip-text → --ui-color-surface → --ui-slate-900 → #0f172a,--ui-tooltip-bg → --ui-color-text → --ui-slate-50 → #f8fafc,onyx-tooltip.ui-tooltip,Saves your changes
tooltip,dark,open,non-text,box,informational,,19.28,INFO,PASS,onyx-tooltip box,--ui-tooltip-bg,#f8fafc,--docs-page-bg,#020617,,,,1,--ui-tooltip-bg → --ui-color-text → --ui-slate-50 → #f8fafc,--docs-page-bg,onyx-tooltip.ui-tooltip,
tooltip,dark,focus,non-text,focus-ring,consumer-owned,,1.07,INFO,FAIL,(page) › button focus-ring/outline,,#101010,--ui-color-surface,#0f172a,,,,1,,--ui-color-surface → --ui-slate-900 → #0f172a,section.docs-demo > div.docs-demo__card > div.docs-demo__preview > ng-component > button,
tooltip,dark,focus,non-text,focus-ring-vs-control,consumer-owned,,16.55,INFO,PASS,(page) › button focus-ring/vs-control,,#101010,,#efefef,,,,1,,,section.docs-demo > div.docs-demo__card > div.docs-demo__preview > ng-component > button,
tooltip,acme,default,text,text,consumer-owned,,18.26,INFO,PASS,(page) › button,,#000000,(#efefef on button),#efefef,13.3333,400,false,2,,,section.docs-demo > div.docs-demo__card > div.docs-demo__preview > ng-component > button,Save
tooltip,acme,default,non-text,border,consumer-owned,,21,INFO,PASS,(page) › button border,,#000000,--ui-color-surface,#ffffff,,,,2,,--ui-color-surface → --ui-white → #ffffff,section.docs-demo > div.docs-demo__card > div.docs-demo__preview > ng-component > button,
tooltip,acme,default,non-text,border-vs-own-bg,consumer-owned,,18.26,INFO,PASS,(page) › button border/inner,,#000000,,#efefef,,,,2,,,section.docs-demo > div.docs-demo__card > div.docs-demo__preview > ng-component > button,
tooltip,acme,default,non-text,box,consumer-owned,,1.15,INFO,FAIL,(page) › button box,,#efefef,--ui-color-surface,#ffffff,,,,2,,--ui-color-surface → --ui-white → #ffffff,section.docs-demo > div.docs-demo__card > div.docs-demo__preview > ng-component > button,
tooltip,acme,open,text,text,required,4.5,17.85,PASS,PASS,onyx-tooltip,--ui-tooltip-text,#ffffff,--ui-tooltip-bg,#0f172a,14,400,false,1,--ui-tooltip-text → --ui-color-surface → --ui-white → #ffffff,--ui-tooltip-bg → --ui-color-text → --ui-slate-900 → #0f172a,onyx-tooltip.ui-tooltip,Saves your changes
tooltip,acme,open,non-text,box,informational,,17.06,INFO,PASS,onyx-tooltip box,--ui-tooltip-bg,#0f172a,--docs-page-bg,#f8fafc,,,,1,--ui-tooltip-bg → --ui-color-text → --ui-slate-900 → #0f172a,--docs-page-bg,onyx-tooltip.ui-tooltip,
tooltip,acme,focus,non-text,focus-ring,consumer-owned,,19.03,INFO,PASS,(page) › button focus-ring/outline,,#101010,--ui-color-surface,#ffffff,,,,1,,--ui-color-surface → --ui-white → #ffffff,section.docs-demo > div.docs-demo__card > div.docs-demo__preview > ng-component > button,
tooltip,acme,focus,non-text,focus-ring-vs-control,consumer-owned,,16.55,INFO,PASS,(page) › button focus-ring/vs-control,,#101010,,#efefef,,,,1,,,section.docs-demo > div.docs-demo__card > div.docs-demo__preview > ng-component > button,
